service_id,monday,tuesday,wednesday,thursday,friday,saturday,sunday,start_date,end_date
ABR_Dissabtes,0,0,0,0,0,1,0,20241224,20261231
ABR_Diumenges,0,0,0,0,0,0,1,20241224,20261231
ABR_Laborables,1,1,1,1,1,0,0,20241227,20261231
ABR_Laborables escolar,1,1,1,1,1,0,0,20260107,20260630
ABR_Laborables escolar 2,1,1,1,1,1,0,0,20260901,20261231
ABR_Laborables estiu,1,1,1,1,1,0,0,20260701,20260830
ABR_diumenges estiu,0,0,0,0,0,0,1,20260701,20260831
ALS_000007200000111400000009,1,1,1,1,1,0,0,20260101,20280101
ALS_000007200000111400000010,1,1,1,1,1,0,0,20260108,20260619
ALS_000007200000111400000012,1,1,1,1,1,0,0,20260101,20280101
ALS_000007200000111500000007,1,1,1,1,1,0,0,20260101,20280101
ALS_000007200000111500000012,1,1,1,1,1,0,0,20260101,20280101
ALS_000007200000111500000013,1,1,1,1,1,0,0,20260108,20260619
ALS_000007200000115600000002,1,1,1,1,1,1,0,20260101,20280101
ALS_000007200000115600000003,1,1,1,1,1,1,0,20260101,20280101
ALS_000007200000115600000005,1,1,1,1,1,0,0,20260108,20260619
ALS_000007200000115700000002,1,1,1,1,1,1,0,20260101,20280101
ALS_000007200000115700000003,1,1,1,1,1,0,0,20260101,20280101
ALS_000007200000115700000005,1,1,1,1,1,0,0,20260108,20260619
ALS_000007200000204300000001,1,1,1,1,1,0,0,20260101,20280101
ALS_000007200000204300000002,1,1,1,1,1,0,0,20260101,20280101
ALS_000007200000204300000003,1,1,1,1,1,0,0,20260101,20280101
ALS_000007200000204300000004,1,1,1,1,1,0,0,20260101,20280101
ALS_000007200000204300000005,1,1,1,1,1,1,1,20260101,20280101
ALS_000007200000204300000006,1,1,1,1,1,0,0,20260101,20280101
ALS_000007200000204300000007,1,1,1,1,1,0,0,20260101,20280101
ALS_000007200000204300000008,1,1,1,1,1,1,0,20260101,20280101
ALS_000007200000204300000009,1,1,1,1,1,0,0,20260101,20280101
ALS_000007200000204300000010,1,1,1,1,1,0,0,20260108,20260619
ALS_000007200000204300000011,1,1,1,1,1,0,0,20260101,20280101
ALS_000007200000204300000012,1,1,1,1,1,0,0,20260101,20280101
ALS_000007200000204300000013,1,1,1,1,1,0,0,20260101,20280101
ALS_000007200000204300000014,1,1,1,1,1,1,1,20260101,20280101
ALS_000007200000204300000015,1,1,1,1,1,0,0,20260101,20280101
ALS_000007200000204300000016,1,1,1,1,1,0,0,20260101,20280101
ALS_000007200000204300000017,1,1,1,1,1,0,0,20260101,20280101
ALS_000007200000210000000001,1,0,0,0,0,0,0,20260101,20280101
ALS_000007200000210100000001,1,0,0,0,0,0,0,20260101,20280101
ALS_000007200000210200000023,1,1,1,1,1,0,0,20260101,20280101
ALS_000007200000210200000024,1,1,1,1,1,1,0,20260101,20280101
ALS_000007200000210200000025,1,1,1,1,1,0,0,20260101,20280101
ALS_000007200000210200000027,1,1,1,1,1,1,0,20260101,20280101
ALS_000007200000210200000029,1,1,1,1,1,0,0,20260101,20280101
ALS_000007200000210200000030,1,1,1,1,1,0,0,20260101,20280101
ALS_000007200000210200000031,0,0,0,0,0,1,0,20260101,20280101
ALS_000007200000210200000033,1,1,1,1,1,0,0,20260101,20280101
ALS_000007200000210200000034,1,1,1,1,1,0,0,20260108,20260619
ALS_000007200000210200000035,1,1,1,1,1,0,0,20260101,20280101
ALS_000007200000210200000038,0,0,0,0,0,1,0,20260101,20280101
ALS_000007200000210200000039,1,1,1,1,1,0,0,20260101,20280101
ALS_000007200000210200000040,1,1,1,1,1,1,0,20260101,20280101
ALS_000007200000210300000019,0,0,0,0,0,1,0,20260101,20280101
ALS_000007200000210300000026,0,0,0,0,0,1,0,20260101,20280101
ALS_000007200000210300000027,1,1,1,1,1,0,0,20260101,20280101
ALS_000007200000210300000030,1,1,1,1,1,0,0,20260108,20260619
ALS_000007200000210300000031,1,1,1,1,1,0,0,20260101,20280101
ALS_000007200000210300000032,0,0,0,0,0,1,0,20260101,20280101
ALS_000007200000210300000033,1,1,1,1,1,0,0,20260101,20280101
ALS_000007200000210300000034,1,1,1,1,1,0,0,20260101,20280101
ALS_000007200000210300000035,1,1,1,1,1,0,0,20260101,20280101
ALS_000007200000210300000036,1,1,1,1,1,1,0,20260101,20280101
ALS_000007200000210300000038,1,1,1,1,1,0,0,20260101,20280101
ALS_000007200000210300000039,1,1,1,1,1,0,0,20260108,20260619
ALS_000007200000210300000041,1,1,1,1,1,0,0,20260108,20260619
ALS_000007200000210300000043,0,0,0,0,0,1,0,20260101,20280101
ALS_000007200000210300000044,1,1,1,1,1,1,0,20260101,20280101
ALS_000007200000210300000045,1,1,1,1,1,0,0,20260101,20280101
ALS_000007200000210600000003,0,0,0,0,0,1,0,20250101,20270101
ALS_000007200000210600000004,0,0,0,0,0,1,0,20250101,20270101
ALS_000007200000210700000003,0,0,0,0,0,1,0,20250101,20270101
ALS_000007200000210700000004,0,0,0,0,0,1,0,20250101,20270101
ALS_000007200000214300000001,1,1,1,1,1,0,0,20260101,20280101
ALS_000007200000214300000002,1,1,1,1,1,0,0,20260101,20280101
ALS_000007200000214300000003,1,1,1,1,1,1,0,20260101,20280101
ALS_000007200000214300000004,1,1,1,1,1,0,0,20260101,20280101
ALS_000007200000214300000005,1,1,1,1,1,0,0,20260101,20280101
ALS_000007200000214300000006,1,1,1,1,1,1,1,20260101,20280101
ALS_000007200000214300000007,1,1,1,1,1,0,0,20260101,20280101
ALS_000007200000214300000008,1,1,1,1,1,0,0,20260101,20280101
ALS_000007200000214300000009,1,1,1,1,1,0,0,20260101,20280101
ALS_000007200000214300000010,1,1,1,1,1,0,0,20260108,20260619
ALS_000007200000214300000011,1,1,1,1,1,0,0,20260101,20280101
ALS_000007200000214300000012,1,1,1,1,1,0,0,20260101,20280101
ALS_000007200000214300000013,1,1,1,1,1,0,0,20260101,20280101
ALS_000007200000214300000014,1,1,1,1,1,0,0,20260101,20280101
ALS_000007200000214300000015,1,1,1,1,1,1,1,20260101,20280101
ALS_000007200000214300000016,1,1,1,1,1,0,0,20260101,20280101
ALS_000007200000214300000017,1,1,1,1,1,0,0,20260101,20280101
ALS_000007200000214300000018,1,1,1,1,1,0,0,20260101,20280101
ALS_000007200000220200000001,0,0,0,0,0,1,1,20250915,20260620
ALS_000007200000220300000006,1,1,1,1,1,0,0,20260108,20260619
ALS_000007200000220300000007,1,1,1,1,1,0,0,20260108,20260619
ALS_000007200000220400000001,1,1,1,1,1,1,0,20260101,20280101
ALS_000007200000220400000002,1,1,1,1,1,0,0,20260407,20260619
ALS_000007200000220400000005,1,1,1,1,1,0,0,20260302,20280101
ALS_000007200000220900000011,1,1,1,1,1,0,0,20260101,20280101
ALS_000007200000221200000001,0,0,0,0,0,1,1,20250915,20260620
ALS_000007200000221300000005,1,1,1,1,1,0,0,20260108,20260619
ALS_000007200000221300000006,1,1,1,1,1,0,0,20260108,20260619
ALS_000007200000221400000001,1,1,1,1,1,0,0,20260101,20280101
ALS_000007200000221400000004,1,1,1,1,1,0,0,20260101,20280101
ALS_000007200000221900000008,1,1,1,1,1,0,0,20260101,20280101
ALS_000007200000221900000009,1,1,1,1,1,0,0,20260101,20280101
ALS_000007200000222000000001,1,1,1,1,1,1,0,20260101,20280101
ALS_000007200000222000000008,1,1,1,1,1,0,0,20260101,20280101
ALS_000007200000222100000001,0,0,0,0,0,0,1,20250101,20270101
ALS_000007200000222100000002,1,1,1,1,1,1,0,20250101,20270101
ALS_000007200000222100000005,1,1,1,1,1,0,0,20250101,20270101
ALS_000007200000222100000006,1,1,1,1,1,1,1,20250101,20270101
ALS_000007200000222100000007,0,0,1,0,0,0,0,20250101,20270101
ALS_000007200000222100000010,1,1,1,1,1,0,0,20250101,20270101
ALS_000007200000222100000012,1,1,1,1,1,0,1,20250101,20270101
ALS_000007200000222100000013,1,1,1,1,1,0,1,20250101,20270101
ALS_000007200000222100000015,1,1,1,1,1,0,0,20250101,20270101
ALS_000007200000222100000016,1,1,1,1,1,0,0,20250101,20270101
ALS_000007200000222100000017,1,1,1,1,1,0,0,20250101,20270101
ALS_000007200000222400000001,0,1,0,1,0,1,0,20260101,20280101
ALS_000007200000222500000014,1,1,1,1,1,0,0,20260101,20280101
ALS_000007200000222500000015,1,1,1,1,1,0,0,20260101,20280101
ALS_000007200000222500000017,0,0,0,0,0,1,1,20260101,20280101
ALS_000007200000222500000019,1,1,1,1,1,0,0,20260101,20280101
ALS_000007200000222500000020,1,1,1,1,1,0,0,20260101,20280101
ALS_000007200000222500000022,0,0,0,0,0,1,1,20260101,20280101
ALS_000007200000222500000024,1,1,1,1,1,0,0,20260101,20280101
ALS_000007200000222500000026,1,1,1,1,1,0,0,20260101,20280101
ALS_000007200000222500000027,1,1,1,1,1,0,0,20260101,20280101
ALS_000007200000222500000028,1,1,1,1,1,1,1,20260101,20280101
ALS_000007200000222500000030,1,1,1,1,1,0,0,20260101,20280101
ALS_000007200000222500000033,0,0,0,0,0,1,1,20260101,20280101
ALS_000007200000222500000036,0,0,0,0,0,1,1,20260101,20280101
ALS_000007200000222500000038,1,1,1,1,1,0,0,20260101,20280101
ALS_000007200000222600000020,0,0,0,0,0,0,1,20260107,20260619
ALS_000007200000222700000001,0,0,0,0,0,0,1,20260107,20260619
ALS_000007200000223000000001,1,1,1,1,1,1,0,20260101,20280101
ALS_000007200000223000000002,1,1,1,1,1,0,0,20260101,20280101
ALS_000007200000223100000001,0,0,0,0,0,0,1,20260107,20260619
ALS_000007200000223100000005,1,1,1,1,1,0,0,20260101,20280101
ALS_000007200000223100000007,0,0,1,0,0,0,0,20260101,20280101
ALS_000007200000223100000009,1,1,1,1,1,1,1,20260101,20280101
ALS_000007200000223100000010,1,1,1,1,1,0,0,20260101,20280101
ALS_000007200000223100000015,1,1,1,1,1,0,1,20260101,20280101
ALS_000007200000223100000016,1,1,1,1,1,0,1,20260101,20280101
ALS_000007200000223100000017,1,1,1,1,1,0,0,20260101,20280101
ALS_000007200000223100000018,1,1,1,1,1,0,0,20260101,20280101
ALS_000007200000223100000019,1,1,1,1,1,0,0,20260101,20280101
ALS_000007200000223400000001,0,1,0,1,0,1,0,20260101,20280101
ALS_000007200000223500000014,1,1,1,1,1,0,0,20260101,20280101
ALS_000007200000223500000015,0,0,0,0,0,1,1,20260101,20280101
ALS_000007200000223500000019,1,1,1,1,1,0,0,20260101,20280101
ALS_000007200000223500000021,1,1,1,1,1,0,0,20260101,20280101
ALS_000007200000223500000023,0,0,0,0,0,1,1,20260101,20280101
ALS_000007200000223500000025,0,0,0,1,1,0,0,20260101,20280101
ALS_000007200000223500000026,1,1,1,1,1,0,0,20260101,20280101
ALS_000007200000223500000027,1,1,1,1,1,0,0,20260101,20280101
ALS_000007200000223500000028,1,1,1,1,1,0,0,20260101,20280101
ALS_000007200000223500000029,1,1,1,1,1,0,0,20260101,20280101
ALS_000007200000223500000033,1,1,1,1,1,0,0,20260101,20280101
ALS_000007200000223500000034,0,0,0,0,0,1,1,20260101,20280101
ALS_000007200000223500000036,1,1,1,1,1,0,0,20260101,20280101
ALS_000007200000223500000037,0,0,0,0,0,1,1,20260101,20280101
ALS_000007200000223500000039,1,1,1,1,1,0,0,20260108,20260619
ALS_000007200000223600000033,0,0,0,0,0,0,1,20260107,20260619
ALS_000007200000223700000001,0,0,0,0,1,0,0,20260108,20260619
ALS_000007200000224100000002,1,1,1,1,1,1,1,20260101,20280101
ALS_000007200000224100000004,1,1,1,1,1,1,1,20260101,20280101
ALS_000007200000224100000005,1,1,1,1,1,1,1,20260101,20280101
ALS_000007200000224100000006,1,1,1,1,1,0,1,20260101,20280101
ALS_000007200000224200000033,0,0,0,0,0,1,1,20260101,20280101
ALS_000007200000224200000046,1,1,1,1,1,0,0,20260407,20260619
ALS_000007200000224200000047,1,1,1,1,1,0,0,20260101,20280101
ALS_000007200000224200000052,0,0,0,0,0,0,1,20260101,20280101
ALS_000007200000224200000060,1,1,1,1,1,1,0,20260101,20280101
ALS_000007200000224200000061,1,1,1,1,1,0,0,20260101,20280101
ALS_000007200000224200000062,1,1,1,1,1,1,1,20260101,20280101
ALS_000007200000224200000063,1,1,1,1,1,0,0,20260101,20280101
ALS_000007200000224200000064,1,1,1,1,1,0,0,20260101,20280101
ALS_000007200000224200000065,1,1,1,1,1,0,0,20260101,20280101
ALS_000007200000224200000067,1,1,1,1,1,0,0,20260101,20280101
ALS_000007200000224200000068,1,1,1,1,1,1,0,20260101,20280101
ALS_000007200000224200000069,1,1,1,1,1,0,0,20260101,20280101
ALS_000007200000224200000071,1,1,1,1,1,1,0,20260101,20280101
ALS_000007200000224200000072,1,1,1,1,1,1,0,20260101,20280101
ALS_000007200000224200000073,0,0,0,0,0,1,0,20260101,20280101
ALS_000007200000224200000074,1,1,1,1,1,1,1,20260420,20280101
ALS_000007200000224200000075,1,1,1,1,1,1,1,20260420,20280101
ALS_000007200000224200000100,1,1,1,1,1,1,0,20260101,20280101
ALS_000007200000224400000013,1,1,1,1,1,1,1,20260101,20280101
ALS_000007200000224400000014,1,1,1,1,1,1,1,20260101,20280101
ALS_000007200000224400000017,1,1,1,1,1,1,1,20260101,20280101
ALS_000007200000224500000001,0,0,0,0,1,0,0,20250101,20270101
ALS_000007200000224500000002,1,1,1,1,0,0,0,20250101,20270101
ALS_000007200000224600000002,1,1,1,1,1,1,0,20250101,20270101
ALS_000007200000224600000003,1,1,1,1,1,0,0,20250101,20270101
ALS_000007200000224600000006,1,1,1,1,1,1,0,20250101,20270101
ALS_000007200000224600000013,1,1,1,1,1,1,0,20250101,20270101
ALS_000007200000224700000009,0,1,0,1,0,0,0,20260101,20280101
ALS_000007200000224700000010,1,1,1,1,1,0,0,20260101,20280101
ALS_000007200000224900000001,1,1,1,1,1,0,0,20260101,20280101
ALS_000007200000224900000002,1,1,1,1,1,0,0,20260101,20280101
ALS_000007200000225100000002,1,1,1,1,1,1,0,20250101,20270101
ALS_000007200000225100000004,1,1,1,1,1,1,1,20250101,20270101
ALS_000007200000225100000005,0,0,0,0,0,0,1,20250101,20270101
ALS_000007200000225100000006,1,1,1,1,1,1,1,20250101,20270101
ALS_000007200000225100000007,1,1,1,1,1,0,1,20250101,20270101
ALS_000007200000225200000033,0,0,0,0,0,1,1,20260101,20280101
ALS_000007200000225200000034,0,0,0,0,0,1,1,20260101,20280101
ALS_000007200000225200000045,0,0,0,0,0,1,0,20260101,20280101
ALS_000007200000225200000050,1,1,1,1,1,0,0,20260101,20280101
ALS_000007200000225200000052,1,1,1,1,1,0,0,20260101,20280101
ALS_000007200000225200000053,0,0,0,0,0,0,1,20260407,20260619
ALS_000007200000225200000054,0,0,0,0,0,0,1,20260101,20280101
ALS_000007200000225200000060,1,1,1,1,1,0,0,20260101,20280101
ALS_000007200000225200000061,1,1,1,1,1,0,0,20260101,20280101
ALS_000007200000225200000062,1,1,1,1,1,1,0,20260101,20280101
ALS_000007200000225200000063,1,1,1,1,1,0,0,20260101,20280101
ALS_000007200000225200000064,1,1,1,1,1,1,0,20260101,20280101
ALS_000007200000225200000066,1,1,1,1,1,0,0,20260101,20280101
ALS_000007200000225200000068,1,1,1,1,1,1,0,20260101,20280101
ALS_000007200000225200000069,1,1,1,1,1,0,0,20260101,20280101
ALS_000007200000225200000070,1,1,1,1,1,0,0,20260101,20280101
ALS_000007200000225200000071,1,1,1,1,1,1,0,20260101,20280101
ALS_000007200000225200000072,1,1,1,1,1,1,0,20260101,20280101
ALS_000007200000225200000074,0,0,0,0,0,0,1,20260101,20280101
ALS_000007200000225200000077,0,0,0,0,0,0,1,20260420,20280101
ALS_000007200000225200000078,1,1,1,1,1,1,1,20260420,20280101
ALS_000007200000225200000079,1,1,1,1,1,1,0,20260420,20280101
ALS_000007200000225400000007,1,1,1,1,1,1,1,20260101,20280101
ALS_000007200000225400000008,1,1,1,1,1,1,1,20260101,20280101
ALS_000007200000225500000001,1,1,1,1,1,1,0,20250101,20270101
ALS_000007200000225600000002,1,1,1,1,1,1,0,20250101,20270101
ALS_000007200000225600000004,1,1,1,1,1,1,0,20250101,20270101
ALS_000007200000225600000006,1,1,1,1,1,0,0,20250101,20270101
ALS_000007200000225600000009,1,1,1,1,1,1,0,20250101,20270101
ALS_000007200000225600000010,1,1,1,1,1,1,0,20250101,20270101
ALS_000007200000225700000010,1,1,1,1,1,0,0,20260101,20280101
ALS_000007200000225900000001,1,1,1,1,1,0,0,20260101,20280101
ALS_000007200000225900000002,1,1,1,1,1,0,0,20260101,20280101
ALS_000007200000226000000001,1,1,1,1,1,0,0,20260101,20280101
ALS_000007200000226000000002,1,1,1,1,1,0,0,20260101,20280101
ALS_000007200000226000000003,1,1,1,1,1,0,0,20260101,20280101
ALS_000007200000226000000008,0,0,0,0,0,1,0,20260101,20280101
ALS_000007200000226000000021,1,1,1,1,1,0,0,20260101,20280101
ALS_000007200000226000000022,1,1,1,1,1,0,0,20260108,20260619
ALS_000007200000226000000024,1,1,1,1,1,0,0,20260101,20280101
ALS_000007200000226000000025,1,1,1,1,1,0,0,20260101,20280101
ALS_000007200000226000000026,1,1,1,1,1,0,1,20260101,20280101
ALS_000007200000226000000027,1,1,1,1,1,0,1,20260101,20280101
ALS_000007200000226000000028,0,0,0,0,0,0,1,20260101,20280101
ALS_000007200000226000000029,0,0,0,0,0,1,0,20260101,20280101
ALS_000007200000226000000030,0,0,0,0,0,1,1,20260101,20280101
ALS_000007200000226000000031,1,1,1,1,0,0,0,20260101,20280101
ALS_000007200000226000000032,0,0,0,0,1,0,0,20260101,20280101
ALS_000007200000226000000041,1,1,1,1,1,0,0,20260108,20260619
ALS_000007200000226000000042,1,1,1,1,1,0,0,20260108,20260619
ALS_000007200000226000000043,0,0,0,0,0,1,1,20260101,20280101
ALS_000007200000226300000003,1,1,1,1,1,0,0,20260108,20260619
ALS_000007200000226400000003,1,1,1,1,1,0,0,20260101,20280101
ALS_000007200000226400000004,1,1,1,1,1,1,0,20260101,20280101
ALS_000007200000226400000005,1,1,1,1,1,0,0,20260101,20280101
ALS_000007200000226400000006,1,1,1,1,1,0,0,20260101,20280101
ALS_000007200000226400000007,1,1,1,1,1,0,0,20260101,20280101
ALS_000007200000226400000008,1,1,1,1,1,0,0,20260101,20280101
ALS_000007200000226400000010,1,1,1,1,1,0,0,20260101,20280101
ALS_000007200000226400000011,1,1,1,1,1,0,0,20260101,20280101
ALS_000007200000226400000013,1,1,1,1,1,0,0,20260101,20280101
ALS_000007200000226400000014,0,0,0,0,0,0,1,20260107,20260619
ALS_000007200000226400000015,1,1,1,1,1,0,0,20260101,20280101
ALS_000007200000226400000016,1,1,1,1,1,0,0,20260101,20280101
ALS_000007200000226400000017,1,1,1,1,1,0,0,20260101,20280101
ALS_000007200000226400000018,1,1,1,1,1,0,0,20260101,20280101
ALS_000007200000226400000019,1,1,1,1,1,0,0,20260101,20280101
ALS_000007200000226500000001,1,1,1,1,1,0,0,20260101,20280101
ALS_000007200000226500000002,0,0,0,0,0,1,0,20260101,20280101
ALS_000007200000226500000003,1,1,1,1,1,0,0,20260101,20280101
ALS_000007200000226500000004,0,0,0,0,0,0,1,20260101,20280101
ALS_000007200000226500000029,0,0,0,0,1,0,0,20260108,20260619
ALS_000007200000226600000002,1,1,1,1,1,0,0,20260101,20280101
ALS_000007200000226600000004,1,1,1,1,1,0,0,20260101,20280101
ALS_000007200000226600000006,1,1,1,1,1,0,0,20260101,20280101
ALS_000007200000226600000007,1,1,1,1,1,0,0,20260101,20280101
ALS_000007200000226600000008,1,1,1,1,1,1,0,20260101,20280101
ALS_000007200000226600000010,1,1,1,1,1,0,0,20260101,20280101
ALS_000007200000226600000011,1,1,1,1,1,1,1,20260101,20280101
ALS_000007200000226600000013,1,1,1,1,1,0,0,20260101,20280101
ALS_000007200000226600000014,1,1,1,1,1,0,0,20260101,20280101
ALS_000007200000226600000015,1,1,1,1,1,0,0,20260101,20280101
ALS_000007200000226600000017,1,1,1,1,1,0,0,20260101,20260731
ALS_000007200000226600000018,0,0,0,0,0,1,1,20260101,20280101
ALS_000007200000226600000020,1,1,1,1,1,0,0,20260101,20280101
ALS_000007200000226600000021,0,0,0,0,0,1,1,20260101,20280101
ALS_000007200000226600000022,1,1,1,1,1,0,0,20260108,20260619
ALS_000007200000226600000024,0,0,0,0,0,0,1,20260101,20280101
ALS_000007200000226600000027,1,1,1,1,1,0,0,20260101,20280101
ALS_000007200000226600000028,1,1,1,1,1,0,0,20260108,20260619
ALS_000007200000226600000029,1,1,1,1,1,1,0,20260101,20280101
ALS_000007200000226600000030,1,1,1,1,1,1,0,20260101,20280101
ALS_000007200000226700000001,1,1,1,1,1,1,0,20250101,20270101
ALS_000007200000226700000003,0,0,0,0,0,0,1,20250101,20270101
ALS_000007200000226900000003,1,1,1,1,1,0,0,20260101,20280101
ALS_000007200000226900000004,0,0,0,0,0,1,0,20260101,20280101
ALS_000007200000227000000002,1,1,1,1,1,0,0,20260101,20280101
ALS_000007200000227000000003,1,1,1,1,1,0,0,20260101,20280101
ALS_000007200000227000000004,1,1,1,1,1,0,0,20260101,20280101
ALS_000007200000227000000012,0,0,0,0,0,1,0,20260101,20280101
ALS_000007200000227000000021,0,0,0,0,0,1,0,20260101,20280101
ALS_000007200000227000000023,1,1,1,1,1,0,0,20260407,20260619
ALS_000007200000227000000025,1,1,1,1,1,0,0,20260407,20260619
ALS_000007200000227000000027,1,1,1,1,1,0,0,20260101,20280101
ALS_000007200000227000000031,1,1,1,1,1,1,1,20260101,20280101
ALS_000007200000227000000032,1,1,1,1,1,0,1,20260101,20280101
ALS_000007200000227000000033,0,0,0,0,0,0,1,20260101,20280101
ALS_000007200000227000000034,0,0,0,0,0,1,0,20260101,20280101
ALS_000007200000227000000035,0,0,0,0,0,0,1,20260101,20280101
ALS_000007200000227000000036,0,0,0,0,0,1,0,20260101,20280101
ALS_000007200000227000000037,0,0,0,0,0,0,1,20260101,20280101
ALS_000007200000227000000038,1,1,1,1,0,0,0,20260101,20280101
ALS_000007200000227000000039,0,0,0,0,1,0,0,20260101,20280101
ALS_000007200000227000000040,1,1,1,1,1,0,0,20260101,20280101
ALS_000007200000227000000043,1,1,1,1,1,0,0,20260407,20260619
ALS_000007200000227400000001,1,1,1,1,1,0,0,20260101,20280101
ALS_000007200000227400000002,1,1,1,1,1,0,0,20260101,20280101
ALS_000007200000227400000003,1,1,1,1,1,1,0,20260101,20280101
ALS_000007200000227400000004,1,1,1,1,1,0,0,20260101,20280101
ALS_000007200000227400000005,0,0,0,0,0,0,1,20260101,20280101
ALS_000007200000227400000006,1,1,1,1,1,0,0,20260101,20280101
ALS_000007200000227400000007,1,1,1,1,1,0,0,20260101,20280101
ALS_000007200000227400000008,1,1,1,1,1,0,0,20260101,20280101
ALS_000007200000227400000009,1,1,1,1,1,0,0,20260101,20280101
ALS_000007200000227400000010,1,1,1,1,1,0,0,20260101,20280101
ALS_000007200000227400000011,1,1,1,1,1,0,0,20260101,20280101
ALS_000007200000227400000014,0,0,0,0,0,0,1,20260107,20260619
ALS_000007200000227400000016,1,1,1,1,1,0,0,20260101,20280101
ALS_000007200000227400000017,1,1,1,1,1,0,0,20260101,20280101
ALS_000007200000227400000018,1,1,1,1,1,0,0,20260101,20280101
ALS_000007200000227400000019,1,1,1,1,1,0,0,20260101,20280101
ALS_000007200000227400000020,1,1,1,1,1,0,0,20260101,20280101
ALS_000007200000227500000001,1,1,1,1,1,0,0,20260101,20280101
ALS_000007200000227500000002,0,0,0,0,0,1,0,20260101,20280101
ALS_000007200000227500000003,1,1,1,1,1,0,0,20260101,20280101
ALS_000007200000227500000004,0,0,0,0,0,0,1,20260101,20280101
ALS_000007200000227500000023,0,0,0,0,0,0,1,20260407,20260619
ALS_000007200000227600000001,1,1,1,1,1,0,0,20260101,20280101
ALS_000007200000227600000002,1,1,1,1,1,0,0,20260101,20280101
ALS_000007200000227600000003,1,1,1,1,1,1,1,20260101,20280101
ALS_000007200000227600000005,1,1,1,1,1,1,0,20260101,20280101
ALS_000007200000227600000006,1,1,1,1,1,1,0,20260101,20280101
ALS_000007200000227600000009,1,1,1,1,1,1,1,20260101,20280101
ALS_000007200000227600000012,1,1,1,1,1,0,0,20260101,20280101
ALS_000007200000227600000013,1,1,1,1,1,0,0,20260101,20280101
ALS_000007200000227600000014,1,1,1,1,1,0,0,20260101,20280101
ALS_000007200000227600000015,1,1,1,1,1,0,0,20260101,20280101
ALS_000007200000227600000016,1,1,1,1,1,0,0,20260101,20280101
ALS_000007200000227600000017,1,1,1,1,1,1,1,20260101,20280101
ALS_000007200000227600000018,1,1,1,1,1,0,0,20260101,20260731
ALS_000007200000227600000022,1,1,1,1,1,0,0,20260108,20260619
ALS_000007200000227600000023,0,0,0,0,0,1,1,20260101,20280101
ALS_000007200000227600000024,1,1,1,1,1,0,0,20260101,20280101
ALS_000007200000227600000025,1,1,1,1,1,0,0,20260101,20280101
ALS_000007200000227600000026,1,1,1,1,1,0,0,20260101,20280101
ALS_000007200000227600000027,1,1,1,1,1,0,0,20260108,20260619
ALS_000007200000227600000028,1,1,1,1,1,0,0,20260101,20280101
ALS_000007200000227600000029,1,1,1,1,1,0,0,20260101,20280101
ALS_000007200000227700000001,1,1,1,1,1,1,1,20260101,20280101
ALS_000007200000227700000002,0,0,0,0,0,0,1,20260107,20260619
ALS_000007200000227900000001,1,1,1,1,1,0,0,20260108,20260619
ALS_000007200000227900000003,0,0,0,0,0,1,0,20260101,20280101
ALS_000007200000228000000001,1,1,1,1,1,0,0,20260101,20280101
ALS_000007200000228000000003,1,1,1,1,1,1,0,20260101,20280101
ALS_000007200000228000000004,1,1,1,1,1,0,0,20260101,20280101
ALS_000007200000228000000005,1,1,1,1,1,0,0,20260108,20260619
ALS_000007200000228500000003,1,1,1,1,1,0,0,20260108,20260619
ALS_000007200000228600000001,1,1,1,1,1,0,0,20260407,20260619
ALS_000007200000228600000002,0,0,0,0,0,0,1,20260101,20280101
ALS_000007200000228600000003,1,1,1,1,1,0,0,20260101,20280101
ALS_000007200000228600000004,1,1,1,1,1,0,0,20260101,20280101
ALS_000007200000228600000005,1,1,1,1,1,1,0,20260101,20280101
ALS_000007200000228600000006,1,1,1,1,1,1,0,20260101,20280101
ALS_000007200000228600000007,1,1,1,1,1,1,0,20260101,20280101
ALS_000007200000228600000008,1,1,1,1,1,0,0,20260101,20280101
ALS_000007200000228600000009,1,1,1,1,1,0,0,20260101,20280101
ALS_000007200000228600000010,1,1,1,1,1,1,1,20260101,20280101
ALS_000007200000228600000011,1,1,1,1,1,0,0,20260101,20280101
ALS_000007200000228600000012,1,1,1,1,1,1,0,20260101,20280101
ALS_000007200000228600000013,1,1,1,1,1,1,1,20260101,20280101
ALS_000007200000228600000014,1,1,1,1,1,0,0,20260101,20280101
ALS_000007200000228600000015,1,1,1,1,1,0,0,20260101,20280101
ALS_000007200000228600000016,1,1,1,1,1,0,0,20260101,20280101
ALS_000007200000228600000017,1,1,1,1,1,0,0,20260101,20280101
ALS_000007200000228600000018,1,1,1,1,1,0,0,20260101,20280101
ALS_000007200000228600000019,1,1,1,1,1,0,0,20260101,20280101
ALS_000007200000228600000020,1,1,1,1,1,0,0,20260101,20280101
ALS_000007200000228600000021,1,1,1,1,1,0,0,20260101,20280101
ALS_000007200000228600000022,1,1,1,1,1,0,0,20260101,20280101
ALS_000007200000228600000023,1,1,1,1,1,0,0,20260101,20280101
ALS_000007200000228600000024,1,1,1,1,1,0,0,20260101,20280101
ALS_000007200000228600000025,1,1,1,1,1,0,0,20260101,20280101
ALS_000007200000228600000026,1,1,1,1,1,0,0,20260101,20280101
ALS_000007200000228600000027,1,1,1,1,1,0,0,20260101,20280101
ALS_000007200000228600000028,1,1,1,1,1,0,0,20260101,20280101
ALS_000007200000228600000029,1,1,1,1,1,0,0,20260101,20280101
ALS_000007200000228600000030,1,1,1,1,1,0,0,20260101,20280101
ALS_000007200000228600000031,1,1,1,1,1,0,0,20260101,20280101
ALS_000007200000228700000002,1,1,1,1,1,0,0,20260108,20260619
ALS_000007200000228800000002,1,1,1,1,1,0,0,20260108,20260619
ALS_000007200000228900000001,1,1,1,1,1,0,0,20260101,20280101
ALS_000007200000228900000002,1,1,1,1,1,0,0,20260101,20280101
ALS_000007200000229000000005,1,1,1,1,1,0,0,20260101,20280101
ALS_000007200000229000000006,1,1,1,1,1,0,0,20260101,20280101
ALS_000007200000229000000007,1,1,1,1,1,1,0,20260101,20280101
ALS_000007200000229500000003,1,1,1,1,1,0,0,20260108,20260619
ALS_000007200000229500000004,1,1,1,1,1,0,0,20260108,20260619
ALS_000007200000229600000002,1,1,1,1,1,1,0,20260101,20280101
ALS_000007200000229600000003,1,1,1,1,1,1,0,20260101,20280101
ALS_000007200000229600000004,1,1,1,1,1,1,0,20260101,20280101
ALS_000007200000229600000005,1,1,1,1,1,0,0,20260101,20280101
ALS_000007200000229600000006,1,1,1,1,1,0,0,20260101,20280101
ALS_000007200000229600000007,1,1,1,1,1,1,0,20260101,20280101
ALS_000007200000229600000008,1,1,1,1,1,1,1,20260101,20280101
ALS_000007200000229600000009,1,1,1,1,1,0,0,20260101,20280101
ALS_000007200000229600000010,1,1,1,1,1,1,0,20260101,20280101
ALS_000007200000229600000011,1,1,1,1,1,1,1,20260101,20280101
ALS_000007200000229600000012,1,1,1,1,1,0,0,20260101,20280101
ALS_000007200000229600000013,1,1,1,1,1,0,0,20260101,20280101
ALS_000007200000229600000014,1,1,1,1,1,0,0,20260101,20280101
ALS_000007200000229600000015,1,1,1,1,1,0,0,20260101,20280101
ALS_000007200000229600000016,1,1,1,1,1,0,0,20260101,20280101
ALS_000007200000229600000017,1,1,1,1,1,0,0,20260101,20280101
ALS_000007200000229600000018,1,1,1,1,1,0,0,20260101,20280101
ALS_000007200000229600000019,1,1,1,1,1,0,0,20260101,20280101
ALS_000007200000229600000020,1,1,1,1,1,0,0,20260101,20280101
ALS_000007200000229600000021,1,1,1,1,1,0,0,20260101,20280101
ALS_000007200000229600000022,1,1,1,1,1,0,0,20260101,20280101
ALS_000007200000229600000023,1,1,1,1,1,0,0,20260101,20280101
ALS_000007200000229600000024,1,1,1,1,1,0,0,20260101,20280101
ALS_000007200000229600000025,1,1,1,1,1,0,0,20260101,20280101
ALS_000007200000229600000026,1,1,1,1,1,0,0,20260101,20280101
ALS_000007200000229600000027,1,1,1,1,1,0,0,20260101,20280101
ALS_000007200000229600000028,1,1,1,1,1,0,0,20260101,20280101
ALS_000007200000229600000031,1,1,1,1,1,0,0,20260101,20280101
ALS_000007200000229600000032,1,1,1,1,1,0,0,20260101,20280101
ALS_000007200000229600000033,1,1,1,1,1,0,0,20260101,20280101
ALS_000007200000229600000034,1,1,1,1,1,0,0,20260101,20280101
ALS_000007200000229700000003,1,1,1,1,1,0,0,20260108,20260619
ALS_000007200000229700000005,1,1,1,1,1,0,0,20260108,20260619
ALS_000007200000229800000002,1,1,1,1,1,0,0,20260108,20260619
ALS_000007200000229900000002,1,1,1,1,1,0,0,20260101,20280101
ALS_000007200000321600000001,0,0,0,0,0,1,0,20260101,20280101
ALS_000007200000321600000002,0,0,0,0,0,1,0,20260101,20280101
ALS_000007200000321600000003,0,0,0,0,0,1,0,20260101,20280101
ALS_000007200000321600000005,1,1,1,1,1,0,0,20260108,20260619
ALS_000007200000321600000007,1,1,1,1,1,0,0,20260108,20260619
ALS_000007200000321600000008,1,1,1,1,1,0,0,20260108,20260619
ALS_000007200000321700000004,1,1,1,1,1,0,0,20260108,20260619
ALS_000007200000321700000005,1,1,1,1,1,0,0,20260108,20260619
ALS_000007200000321700000008,1,1,1,1,1,1,1,20260425,20260425
ALS_000007200000321700000009,1,1,1,1,1,1,1,20260425,20260425
ALS_000007200000321800000001,1,1,1,1,1,0,0,20260108,20260619
ALS_000007200000321800000002,1,1,1,1,1,0,0,20260108,20260619
ALS_000007200000322600000001,0,0,0,0,0,1,0,20260101,20280101
ALS_000007200000322600000003,0,0,0,0,0,1,0,20260101,20280101
ALS_000007200000322600000005,1,1,1,1,1,0,0,20260108,20260619
ALS_000007200000322600000007,0,0,0,0,0,1,0,20260101,20280101
ALS_000007200000322600000008,1,1,1,1,1,0,0,20260108,20260619
ALS_000007200000322600000009,1,1,1,1,1,0,0,20260108,20260619
ALS_000007200000322700000002,1,1,1,1,1,0,0,20260108,20260619
ALS_000007200000322700000004,1,1,1,1,1,0,0,20260108,20260619
ALS_000007200000322700000005,1,1,1,1,1,1,1,20260425,20260425
ALS_000007200000322800000001,1,1,1,1,1,0,0,20260108,20260619
ALS_000007200000322800000002,1,1,1,1,1,0,0,20260108,20260619
ALS_000007200000322900000401,1,1,1,1,1,1,0,20260101,20280101
ALS_000007200000322900000402,1,1,1,1,1,1,0,20260101,20280101
ALS_000007200000322900000403,1,1,1,1,1,1,0,20260101,20280101
ALS_000007200000322900000405,1,1,1,1,1,1,0,20260101,20280101
ALS_000007200000322900000406,1,1,1,1,1,0,0,20260101,20260619
ALS_000007200000322900000407,1,1,1,1,1,0,0,20260101,20260619
ALS_000007200000322900000409,1,1,1,1,1,0,0,20260101,20260619
ALS_000007200000322900000410,1,1,1,1,1,0,0,20260101,20260619
ALS_000007200000322900000411,0,0,0,0,0,1,0,20260101,20260619
ALS_000007200000322900000412,0,0,0,0,0,1,0,20260101,20280101
ALS_000007200000322900000413,0,0,0,0,0,1,0,20260101,20280101
ALS_000007200000322900000414,1,1,1,1,1,0,0,20260101,20260619
ALS_000007200000322900000415,0,0,0,0,0,1,0,20260101,20260619
ALS_000007200000323100000003,1,1,1,1,1,1,1,20260101,20280101
ALS_000007200000323100000006,1,1,1,1,1,1,1,20260627,20260703
ALS_000007200000323100000008,1,1,1,1,0,0,0,20260101,20280101
ALS_000007200000323100000009,0,0,0,0,0,1,1,20260101,20280101
ALS_000007200000323100000010,0,0,0,0,1,0,0,20260101,20280101
ALS_000007200000324100000002,0,0,0,0,0,0,1,20250101,20270101
ALS_000007200000324100000004,1,1,1,1,1,1,0,20250101,20270101
ALS_000007200000324100000005,1,1,1,1,1,1,1,20250101,20270101
ALS_000007200000332600000005,1,1,1,1,1,0,0,20260202,20280101
ALS_000007200000332600000006,1,1,1,1,1,0,0,20260101,20280101
ALS_000007200000333700000001,1,1,1,1,1,1,0,20250101,20270101
ALS_000007200000333700000002,1,1,1,1,1,1,0,20250101,20270101
ALS_000007200000333700000003,1,1,1,1,1,1,0,20250101,20270101
ALS_000007200000333700000004,1,1,1,1,1,1,0,20250101,20270101
ALS_000007200000333700000005,1,1,1,1,1,1,0,20250101,20270101
ALS_000007200000333700000006,1,1,1,1,1,1,0,20250101,20270101
ALS_000007200000333800000001,1,1,1,1,1,1,0,20250101,20270101
ALS_000007200000333800000002,1,1,1,1,1,1,0,20250101,20270101
ALS_000007200000333800000003,1,1,1,1,1,1,0,20250101,20270101
ALS_000007200000333800000004,1,1,1,1,1,1,0,20250101,20270101
ALS_000007200000341000000005,1,1,1,1,1,0,0,20260108,20260619
ALS_000007200000341000000006,1,1,1,1,1,0,0,20260108,20260619
ALS_000007200000341000000007,1,1,1,1,1,0,0,20260108,20260619
ALS_000007200000341000000008,1,1,1,1,1,0,0,20260108,20260619
ALS_000007200000342000000005,1,1,1,1,1,0,0,20260108,20260619
ALS_000007200000342000000006,1,1,1,1,1,0,0,20260108,20260619
ALS_000007200000342000000007,1,1,1,1,1,0,0,20260108,20260619
ALS_000007200000342000000008,1,1,1,1,1,0,0,20260108,20260619
ALS_000007200000370300000002,1,1,1,1,1,0,0,20260101,20260619
ALS_000007200000370300000003,1,1,1,1,1,0,0,20260101,20260619
ALS_000007200000370300000004,1,1,1,1,1,0,0,20260101,20260619
ALS_000007200000370300000005,1,1,1,1,1,0,0,20260101,20260619
ALS_000007200000370300000006,1,1,1,1,1,0,0,20260101,20260619
ALS_000007200000370300000007,1,1,1,1,1,0,0,20260101,20260619
ALS_000007200000370500000001,0,0,0,0,0,1,1,20260101,20280101
ALS_000007200000370500000002,1,1,1,1,1,0,0,20260101,20280101
ALS_000007200000370500000003,0,0,0,0,0,0,1,20260101,20280101
ALS_000007200000370500000004,0,0,0,0,0,0,1,20260101,20280101
ALS_000007200000370500000005,1,1,1,1,1,1,0,20260101,20280101
ALS_000007200000370500000006,1,1,1,1,1,0,0,20260101,20280101
ALS_000007200000370500000007,1,1,1,1,1,0,0,20260101,20280101
ALS_000007200000370500000008,1,1,1,1,1,0,0,20260101,20280101
ALS_000007200000370500000009,1,1,1,1,1,0,0,20260101,20280101
ALS_000007200000370500000010,1,1,1,1,1,0,0,20260101,20280101
ALS_000007200000370500000011,0,0,0,0,0,1,0,20260101,20280101
ALS_000007200000370500000012,0,0,0,0,0,1,0,20260101,20280101
ALS_000007200000370500000013,0,0,0,0,0,1,0,20260101,20280101
ALS_000007200000370500000014,0,0,0,0,0,0,1,20260101,20280101
ALS_000007200000370500000015,0,0,0,0,0,0,1,20260101,20280101
ALS_000007200000370500000016,1,1,1,1,1,0,0,20260108,20260709
ALS_000007200000370500000017,1,1,1,1,1,0,0,20260108,20260709
ALS_000007200000370500000018,1,1,1,1,1,0,0,20260108,20260709
ALS_000007200000370600000001,1,1,1,1,1,1,0,20260101,20280101
ALS_000007200000370600000002,1,1,1,1,1,0,0,20260101,20280101
ALS_000007200000370600000003,1,1,1,1,1,1,1,20260101,20280101
ALS_000007200000370600000004,0,0,0,0,0,1,1,20260101,20280101
ALS_000007200000370600000005,0,0,0,0,0,0,1,20260101,20280101
ALS_000007200000370600000006,0,0,0,0,0,0,1,20260101,20280101
ALS_000007200000370600000007,1,1,1,1,1,0,0,20260101,20280101
ALS_000007200000370600000008,1,1,1,1,1,0,0,20260101,20280101
ALS_000007200000370600000009,1,1,1,1,1,0,0,20260101,20280101
ALS_000007200000370600000010,1,1,1,1,1,0,0,20260101,20280101
ALS_000007200000370600000011,0,0,0,0,0,1,1,20260101,20280101
ALS_000007200000370600000012,0,0,0,0,0,1,0,20260101,20280101
ALS_000007200000370600000013,0,0,0,0,0,0,1,20260101,20280101
ALS_000007200000370600000014,1,1,1,1,1,1,0,20260101,20280101
ALS_000007200000370600000015,1,1,1,1,1,0,0,20260108,20260709
ALS_000007200000370600000016,1,1,1,1,1,0,0,20260108,20260709
ALS_000007200000370600000017,1,1,1,1,1,0,0,20260108,20260709
ALS_000007200000370700000001,1,1,1,1,1,0,0,20260407,20260619
ALS_000007200000370700000002,1,1,1,1,1,0,0,20260407,20260619
ALS_000007200000370700000003,1,1,1,1,1,0,0,20260407,20260619
ALS_000007200000370700000004,1,1,1,1,1,0,0,20260407,20260619
ALS_000007200000370800000001,1,1,1,1,1,0,0,20260407,20260619
ALS_000007200000370800000002,1,1,1,1,1,0,0,20260407,20260619
ALS_000007200000370800000003,1,1,1,1,1,0,0,20260407,20260619
ALS_000007200000370800000004,1,1,1,1,1,0,0,20260407,20260619
ALS_000007200000371800000001,1,1,1,1,1,0,0,20250101,20270101
ALS_000007200000371900000001,1,1,1,1,1,0,0,20250101,20270101
ALS_000007200000372000000001,1,1,1,1,1,0,0,20260101,20280101
ALS_000007200000372000000002,1,1,1,1,1,0,0,20260101,20280101
ALS_000007200000372000000003,1,1,1,1,1,0,0,20260101,20280101
ALS_000007200000372000000005,1,1,1,1,1,0,0,20260101,20280101
ALS_000007200000372000000006,0,0,0,0,0,1,0,20260101,20280101
ALS_000007200000372000000007,1,1,1,1,1,0,0,20260101,20280101
ALS_000007200000372100000001,1,1,1,1,1,0,0,20260101,20280101
ALS_000007200000372100000002,1,1,1,1,1,0,0,20260101,20280101
ALS_000007200000372100000003,1,1,1,1,1,0,0,20260101,20280101
ALS_000007200000372100000004,1,1,1,1,1,1,0,20260101,20280101
ALS_000007200000372100000005,1,1,1,1,1,0,0,20260101,20280101
ALS_000007200000372100000007,1,1,1,1,1,0,0,20260101,20280101
ALS_000007200000765300000001,0,0,0,0,0,1,0,20250101,20270101
ALS_000007200000765300000002,0,0,0,0,0,1,0,20250101,20270101
ALS_000007200000765400000001,0,0,0,0,0,1,0,20250101,20270101
ALS_000007200000765400000002,0,0,0,0,0,1,0,20250101,20270101
ALS_000007200000842200000016,1,1,1,1,1,0,0,20260108,20260619
ALS_000007200000842300000012,1,1,1,1,1,0,0,20260407,20260619
ALS_000007200000842300000016,1,1,1,1,1,0,0,20260407,20260619
ALS_000007200000842400000008,1,1,1,1,1,1,0,20260101,20280101
ALS_000007200000842400000009,1,1,1,1,1,0,0,20260101,20280101
ALS_000007200000842400000010,1,1,1,1,1,0,0,20260101,20280101
ALS_000007200000842400000011,1,1,1,1,1,0,0,20260101,20280101
ALS_000007200000842500000007,1,1,1,1,1,1,0,20260101,20280101
ALS_000007200000842500000008,1,1,1,1,1,0,0,20260101,20280101
ALS_000007200000842500000009,1,1,1,1,1,0,0,20260101,20280101
ALS_000007200000842500000010,1,1,1,1,1,0,0,20260101,20280101
ALS_000007200000842600000004,1,1,1,1,1,0,0,20260101,20280101
ALS_000007200000842600000005,0,0,0,0,0,1,0,20260101,20280101
ALS_000007200000842700000003,1,1,1,1,1,1,0,20260101,20280101
ALS_000007200000842700000004,1,1,1,1,1,0,0,20260101,20280101
ALS_000007200000842800000005,1,1,1,1,1,0,0,20260101,20280101
ALS_000007200000842800000012,1,1,1,1,1,0,0,20260101,20280101
ALS_000007200000842800000013,1,1,1,1,1,1,0,20260101,20280101
ALS_000007200000842800000014,1,1,1,1,1,1,0,20260101,20280101
ALS_000007200000842800000015,1,1,1,1,1,0,0,20260407,20260619
ALS_000007200000842800000016,1,1,1,1,1,1,0,20260101,20280101
ALS_000007200000842900000004,1,1,1,1,1,1,0,20260101,20280101
ALS_000007200000842900000008,1,1,1,1,1,1,0,20260101,20280101
ALS_000007200000842900000009,1,1,1,1,1,1,0,20260101,20280101
ALS_000007200000842900000010,1,1,1,1,1,1,0,20260101,20280101
ALS_000007200000842900000011,1,1,1,1,1,0,0,20260101,20280101
ALS_000007200000843700000001,0,0,1,0,0,1,0,20250101,20270101
ALS_000007200000843700000009,1,1,1,1,1,0,0,20250101,20270101
ALS_000007200000843800000009,1,1,1,1,1,0,0,20260101,20280101
ALS_000007200000843800000010,1,1,1,1,1,0,0,20260108,20260619
ALS_000007200000843800000011,0,0,1,0,0,1,0,20260101,20280101
ALS_000007200000843900000012,1,1,1,1,1,0,0,20260101,20280101
ALS_000007200000843900000013,1,1,1,1,1,0,0,20260108,20260619
ALS_000007200000843900000014,1,1,1,1,1,0,0,20260108,20260619
ALS_000007200000844000000011,1,1,1,1,1,0,0,20260101,20280101
ALS_000007200000844000000012,1,1,1,1,1,0,0,20260101,20280101
ALS_000007200000844000000013,1,1,1,1,1,0,0,20260108,20260619
ALS_000007200000844000000014,1,1,1,1,1,0,0,20260108,20260619
ALS_000007200000844200000002,1,1,1,1,1,0,0,20260108,20260619
ALS_000007200000844500000029,1,1,1,1,1,0,0,20250101,20270101
ALS_000007200000844500000301,1,1,1,1,1,0,0,20250101,20270101
ALS_000007200000844500000302,1,1,1,1,1,0,0,20250101,20270101
ALS_000007200000844500000303,1,1,1,1,1,0,0,20250101,20270101
ALS_000007200000844500000304,1,1,1,1,1,0,0,20250101,20270101
ALS_000007200000844500000305,1,1,1,1,1,0,0,20250101,20270101
ALS_000007200000844500000306,1,1,1,1,1,0,0,20250101,20270101
ALS_000007200000844500000307,1,1,1,1,1,0,0,20250101,20270101
ALS_000007200000844500000308,1,1,1,1,1,0,0,20250101,20270101
ALS_000007200000844500000309,1,1,1,1,1,0,0,20250101,20270101
ALS_000007200000844500000310,1,1,1,1,1,0,0,20250101,20270101
ALS_000007200000844500000311,1,1,1,1,1,0,0,20250101,20270101
ALS_000007200000844500000312,1,1,1,1,1,0,0,20250101,20270101
ALS_000007200000844500000313,1,1,1,1,1,0,0,20250101,20270101
ALS_000007200000844500000314,1,1,1,1,1,0,0,20250101,20270101
ALS_000007200000844500000315,1,1,1,1,1,0,0,20250101,20270101
ALS_000007200000844500000316,1,1,1,1,1,0,0,20250101,20270101
ALS_000007200000844500000317,1,1,1,1,1,0,0,20250101,20270101
ALS_000007200000844500000318,1,1,1,1,1,0,0,20250101,20270101
ALS_000007200000844500000319,1,1,1,1,1,0,0,20250101,20270101
ALS_000007200000844500000320,1,1,1,1,1,0,0,20250101,20270101
ALS_000007200000844500000321,1,1,1,1,1,0,0,20250101,20270101
ALS_000007200000844500000322,1,1,1,1,1,0,0,20250101,20270101
ALS_000007200000913000000126,1,1,1,1,1,0,0,20250101,20270101
ALS_000007200000913000000128,1,1,1,1,1,0,0,20250101,20270101
ALS_000007200000913000000129,1,1,1,1,1,0,0,20250101,20270101
ALS_000007200000913000000130,1,1,1,1,1,0,0,20250101,20270101
ALS_000007200000913000000132,1,1,1,1,1,0,0,20250101,20270101
ALS_000007200000913000000136,1,1,1,1,1,0,0,20250304,20270101
ALS_000007200000913000000137,1,1,1,1,1,0,0,20250304,20270101
ALS_000007200000913000000138,1,1,1,1,1,0,0,20250304,20270101
ALS_000007200000913000000139,0,0,0,0,0,1,0,20250304,20270101
ALS_000007200000913000000140,0,0,0,0,0,1,0,20250304,20270101
ALS_000007200000913100000107,0,0,0,0,0,1,0,20260101,20280101
ALS_000007200000913100000109,0,0,0,0,0,1,0,20260101,20280101
ALS_000007200000913100000110,1,1,1,1,1,0,0,20260101,20260731
ALS_000007200000913100000113,1,1,1,1,1,0,0,20260101,20260731
ALS_000007200000913100000114,1,1,1,1,1,0,0,20260101,20260731
ALS_000007200000913100000115,1,1,1,1,1,0,0,20260101,20260731
ALS_000007200000913200000109,1,1,1,1,1,0,0,20250101,20270101
ALS_000007200000913200000112,0,0,0,0,0,1,0,20250304,20270101
ALS_000007200000913200000114,1,1,1,1,1,0,0,20250101,20270101
ALS_000007200000913200000115,1,1,1,1,1,0,0,20250101,20270101
ALS_000007200000913200000116,1,1,1,1,1,0,0,20250101,20270101
ALS_000007200000913200000117,1,1,1,1,1,0,0,20250304,20270101
ALS_000007200000913200000118,0,0,0,0,0,1,0,20250304,20270101
ALS_000007200000913500000001,1,1,1,1,1,0,0,20260101,20280101
ALS_000007200000913500000002,1,1,1,1,1,0,0,20260101,20280101
ALS_000007200000913500000003,1,1,1,1,1,0,0,20260101,20280101
ALS_000007200000913500000004,0,0,0,0,0,1,0,20260101,20280101
ALS_000007200000913600000001,1,1,1,1,1,0,0,20260101,20280101
ALS_000007200000913600000002,1,1,1,1,1,0,0,20260101,20280101
ALS_000007200000913600000003,1,1,1,1,1,0,0,20260101,20280101
ALS_000007200000913600000004,0,0,0,0,0,1,0,20260101,20280101
ALS_000007200000913700000001,1,1,1,1,1,0,0,20250101,20270101
ALS_000007200000913700000002,1,1,1,1,1,0,0,20250101,20270101
ALS_000007200000913700000003,0,0,0,0,0,1,0,20250101,20270101
ALS_000007200000913800000001,0,0,0,0,0,1,0,20260101,20280101
ALS_000007200000913800000002,1,1,1,1,1,0,0,20260101,20280101
ALS_000007200000913800000003,1,1,1,1,1,0,0,20260101,20280101
ALS_000007200000939300000003,1,1,1,1,1,0,0,20250101,20270101
ALS_000007200000939400000004,1,1,1,1,1,0,0,20250101,20270101
ALS_000007200000939500000001,1,1,1,1,1,0,0,20260108,20260619
ALS_000007200000939600000001,1,1,1,1,1,0,0,20260108,20260619
ALS_000007200000940300000013,1,1,1,1,1,0,0,20260108,20260619
ALS_000007200000940300000014,1,1,1,1,1,0,0,20260108,20260619
ALS_000007200000940300000015,1,1,1,1,1,0,0,20260108,20260619
ALS_000007200000940300000016,1,1,1,1,1,0,0,20260108,20260619
ALS_000007200000940400000013,0,0,1,0,0,0,0,20250101,20270101
ALS_000007200000940400000014,0,0,1,0,0,0,0,20250101,20270101
ALS_000007200000940400000015,0,0,1,0,0,0,0,20250101,20270101
ALS_000007200000940400000016,0,0,1,0,0,0,0,20250101,20270101
ALS_000007200000940400000017,0,0,1,0,0,0,0,20250101,20270101
ALS_000007200000940400000018,0,0,1,0,0,0,0,20250101,20270101
ALS_000007200000940400000019,0,0,1,0,0,0,0,20250101,20270101
ALS_000007200000940400000020,0,0,1,0,0,0,0,20250101,20270101
ALS_000007200000940500000001,1,1,1,1,1,0,0,20260108,20260619
ALS_000007200000940500000002,1,1,1,1,1,0,0,20260108,20260619
ALS_000007200000940500000011,1,1,1,1,1,0,0,20260108,20260619
ALS_000007200000940500000012,1,1,1,1,1,0,0,20260108,20260619
AMB_128.1558.8,0,0,0,0,0,0,0,20251119,20261231
AMB_128.314.8,0,0,0,0,0,0,1,20251119,20261231
AMB_128.494.8,0,0,0,0,0,1,0,20251119,20261231
AMB_128.793.8,1,1,1,1,1,0,0,20251119,20261231
AMB_129.1558.20,0,0,0,0,0,0,0,20260420,20281231
AMB_129.1558.21,0,0,0,0,0,0,0,20260329,20260419
AMB_129.314.20,0,0,0,0,0,0,1,20260420,20281231
AMB_129.314.21,0,0,0,0,0,0,1,20260329,20260419
AMB_129.494.20,0,0,0,0,0,1,0,20260420,20281231
AMB_129.494.21,0,0,0,0,0,1,0,20260329,20260419
AMB_129.793.20,1,1,1,1,1,0,0,20260420,20281231
AMB_129.793.21,1,1,1,1,1,0,0,20260329,20260419
AMB_130.2231.5,1,1,1,1,1,1,1,20210714,20261231
AMB_130.2232.5,0,0,0,0,0,0,0,20210714,20261231
AMB_132.1558.22,0,0,0,0,0,0,0,20241011,20261231
AMB_132.314.22,0,0,0,0,0,0,1,20241011,20261231
AMB_132.494.22,0,0,0,0,0,1,0,20241011,20261231
AMB_132.793.22,1,1,1,1,1,0,0,20241011,20261231
AMB_139.1603.15,1,1,1,1,1,0,0,20230918,20281231
AMB_139.494.15,0,0,0,0,0,1,0,20230918,20281231
AMB_141.1603.33,1,1,1,1,1,0,0,20251223,20281231
AMB_141.314.33,0,0,0,0,0,0,1,20251223,20281231
AMB_141.494.33,0,0,0,0,0,1,0,20251223,20281231
AMB_142.1558.42,0,0,0,0,0,0,0,20260318,20271231
AMB_142.314.42,0,0,0,0,0,0,1,20260318,20271231
AMB_142.494.42,0,0,0,0,0,1,0,20260318,20271231
AMB_142.494.43,0,0,0,0,0,1,0,20260318,20271231
AMB_142.793.42,1,1,1,1,1,0,0,20260318,20271231
AMB_143.314.27,0,0,0,0,0,0,1,20260411,20281231
AMB_143.764.27,0,0,0,0,0,1,0,20260411,20281231
AMB_143.793.27,1,1,1,1,1,0,0,20260411,20281231
AMB_146.1558.27,0,0,0,0,0,0,0,20260411,20281231
AMB_146.314.27,0,0,0,0,0,0,1,20260411,20281231
AMB_146.494.27,0,0,0,0,0,1,0,20260411,20281231
AMB_146.793.27,1,1,1,1,1,0,0,20260411,20281231
AMB_156.1603.22,1,1,1,1,1,0,0,20260303,20271231
AMB_156.314.22,0,0,0,0,0,0,1,20260303,20271231
AMB_156.494.22,0,0,0,0,0,1,0,20260303,20271231
AMB_157.1558.22,0,0,0,0,0,0,0,20260401,20271231
AMB_157.314.22,0,0,0,0,0,0,1,20260401,20271231
AMB_157.494.22,0,0,0,0,0,1,0,20260401,20271231
AMB_157.793.22,1,1,1,1,1,0,0,20260401,20271231
AMB_157.934.22,0,0,0,0,0,0,0,20260401,20271231
AMB_158.2253.11,1,1,1,1,1,0,0,20231129,20261231
AMB_158.764.11,0,0,0,0,0,1,0,20231129,20261231
AMB_163.2247.14,1,1,1,1,1,1,0,20231214,20281231
AMB_163.2248.14,0,0,0,0,0,0,1,20231214,20281231
AMB_164.1558.15,0,0,0,0,0,0,0,20260407,20281231
AMB_164.2170.15,1,1,1,1,1,0,0,20260407,20281231
AMB_164.314.15,0,0,0,0,0,0,1,20260407,20281231
AMB_164.494.15,0,0,0,0,0,1,0,20260407,20281231
AMB_164.793.15,1,1,1,1,1,0,0,20260407,20281231
AMB_165.764.23,0,0,0,0,0,1,0,20251229,20271231
AMB_165.764.24,0,0,0,0,0,1,0,20251229,20271231
AMB_165.793.23,1,1,1,1,1,0,0,20251229,20271231
AMB_165.793.24,1,1,1,1,1,0,0,20251229,20271231
AMB_173.314.17,0,0,0,0,0,0,1,20260312,20281231
AMB_173.764.17,0,0,0,0,0,1,0,20260312,20281231
AMB_173.793.17,1,1,1,1,1,0,0,20260312,20281231
AMB_177.2170.16,1,1,1,1,1,0,0,20251126,20260430
AMB_177.2170.18,1,1,1,1,1,0,0,20260330,20271231
AMB_177.2170.19,1,1,1,1,1,0,0,20260330,20271231
AMB_177.2255.16,0,0,0,0,0,0,0,20251126,20260430
AMB_177.2255.18,0,0,0,0,0,0,0,20260330,20271231
AMB_177.314.16,0,0,0,0,0,0,1,20251126,20260430
AMB_177.314.18,0,0,0,0,0,0,1,20260330,20271231
AMB_177.764.16,0,0,0,0,0,1,0,20251126,20260430
AMB_177.764.18,0,0,0,0,0,1,0,20260330,20271231
AMB_181.314.23,0,0,0,0,0,0,1,20250310,20281231
AMB_181.764.23,0,0,0,0,0,1,0,20250310,20281231
AMB_181.793.23,1,1,1,1,1,0,0,20250310,20281231
AMB_194.314.34,0,0,0,0,0,0,1,20260221,20281231
AMB_194.764.34,0,0,0,0,0,1,0,20260221,20281231
AMB_194.793.34,1,1,1,1,1,0,0,20260221,20281231
AMB_195.314.23,0,0,0,0,0,0,1,20230607,20261231
AMB_195.764.23,0,0,0,0,0,1,0,20230607,20261231
AMB_195.793.23,1,1,1,1,1,0,0,20230607,20261231
AMB_195.989.23,0,0,0,0,0,1,1,20230607,20261231
AMB_196.314.25,0,0,0,0,0,0,1,20260413,20271231
AMB_196.764.25,0,0,0,0,0,1,0,20260413,20271231
AMB_196.793.25,1,1,1,1,1,0,0,20260413,20271231
AMB_198.1603.13,1,1,1,1,1,0,0,20230619,20261231
AMB_198.314.13,0,0,0,0,0,0,1,20230619,20261231
AMB_198.494.13,0,0,0,0,0,1,0,20230619,20261231
AMB_199.2265.32,1,1,1,1,1,1,1,20260413,20271231
AMB_199.2266.32,0,0,0,0,0,0,0,20260413,20271231
AMB_200.314.17,0,0,0,0,0,0,1,20251209,20281231
AMB_200.764.17,0,0,0,0,0,1,0,20251209,20281231
AMB_200.793.17,1,1,1,1,1,0,0,20251209,20281231
AMB_202.1169.25,1,1,1,1,1,1,0,20260319,20281231
AMB_202.314.25,0,0,0,0,0,0,1,20260319,20281231
AMB_204.1558.33,0,0,0,0,0,0,0,20260319,20281231
AMB_204.494.33,0,0,0,0,0,1,0,20260319,20281231
AMB_204.793.33,1,1,1,1,1,0,0,20260319,20281231
AMB_204.934.33,0,0,0,0,0,0,0,20260319,20281231
AMB_206.1558.40,0,0,0,0,0,0,0,20260319,20281231
AMB_206.1654.40,0,0,0,0,0,1,1,20260319,20281231
AMB_206.793.40,1,1,1,1,1,0,0,20260319,20281231
AMB_206.934.40,0,0,0,0,0,0,0,20260319,20281231
AMB_207.1169.23,1,1,1,1,1,1,0,20250227,20261231
AMB_207.314.23,0,0,0,0,0,0,1,20250227,20261231
AMB_209.1169.18,1,1,1,1,1,1,0,20240722,20271231
AMB_209.314.18,0,0,0,0,0,0,1,20240722,20271231
AMB_210.2243.17,0,0,0,0,0,0,0,20260115,20271231
AMB_210.2244.17,1,1,1,1,1,1,1,20260115,20271231
AMB_211.2248.26,0,0,0,0,0,0,1,20250506,20281231
AMB_211.2291.26,1,1,0,1,1,1,1,20250506,20281231
AMB_211.2292.26,0,0,1,0,0,0,0,20250506,20281231
AMB_211.2292.27,0,0,1,0,0,0,0,20250506,20281231
AMB_211.2293.26,1,1,0,1,1,0,0,20250506,20281231
AMB_211.2294.26,0,0,1,0,0,0,0,20250506,20281231
AMB_211.2294.27,0,0,1,0,0,0,0,20250506,20281231
AMB_211.2295.26,0,0,0,0,0,1,0,20250506,20281231
AMB_212.2245.39,0,0,0,0,0,1,1,20260423,20271231
AMB_212.2245.45,0,0,0,0,0,1,1,20260413,20260422
AMB_212.2246.39,0,0,0,0,0,0,0,20260423,20271231
AMB_212.2246.45,0,0,0,0,0,0,0,20260413,20260422
AMB_212.2282.39,0,0,1,0,0,0,0,20260423,20271231
AMB_212.2282.40,0,0,1,0,0,0,0,20260423,20271231
AMB_212.2282.45,0,0,1,0,0,0,0,20260413,20260422
AMB_212.2282.46,0,0,1,0,0,0,0,20260413,20260422
AMB_212.2284.39,1,1,0,1,1,0,0,20260423,20271231
AMB_212.2284.45,1,1,0,1,1,0,0,20260413,20260422
AMB_213.2282.31,0,0,1,0,0,0,0,20250506,20261231
AMB_213.2282.32,0,0,1,0,0,0,0,20250505,20261231
AMB_213.2284.31,1,1,0,1,1,0,0,20250506,20261231
AMB_213.314.31,0,0,0,0,0,0,1,20250506,20261231
AMB_213.494.31,0,0,0,0,0,1,0,20250506,20261231
AMB_214.314.19,0,0,0,0,0,0,1,20250101,20281231
AMB_214.764.19,0,0,0,0,0,1,0,20250101,20281231
AMB_214.793.19,1,1,1,1,1,0,0,20250101,20281231
AMB_215.2170.36,1,1,1,1,1,0,0,20260327,20281231
AMB_215.314.36,0,0,0,0,0,0,1,20260327,20281231
AMB_215.764.36,0,0,0,0,0,1,0,20260327,20281231
AMB_215.793.36,1,1,1,1,1,0,0,20260327,20281231
AMB_216.28.9,1,1,1,1,1,1,1,20250430,20261231
AMB_217.2252.29,0,0,0,0,0,1,0,20260330,20281231
AMB_217.2268.28,1,1,1,1,1,0,1,20260330,20281231
AMB_218.28.30,1,1,1,1,1,1,1,20260411,20281231
AMB_219.22.17,1,1,1,1,1,1,1,20260316,20271231
AMB_220.2252.41,0,0,0,0,0,1,0,20250513,20271231
AMB_220.2268.41,1,1,1,1,1,0,1,20250513,20271231
AMB_221.2252.29,0,0,0,0,0,1,0,20260319,20281231
AMB_221.28.29,1,1,1,1,1,1,1,20260319,20281231
AMB_222.28.30,1,1,1,1,1,1,1,20260216,20281231
AMB_223.28.37,1,1,1,1,1,1,1,20240801,20261231
AMB_224.22.15,1,1,1,1,1,1,1,20231001,20261231
AMB_224.28.15,1,1,1,1,1,1,1,20231001,20261231
AMB_225.28.52,1,1,1,1,1,1,1,20260202,20281231
AMB_226.28.17,1,1,1,1,1,1,1,20250430,20281231
AMB_227.28.27,1,1,1,1,1,1,1,20260209,20281231
AMB_228.28.9,1,1,1,1,1,1,1,20250417,20261231
AMB_229.28.31,1,1,1,1,1,1,1,20250430,20281231
AMB_230.28.17,1,1,1,1,1,1,1,20250317,20281231
AMB_231.28.34,1,1,1,1,1,1,1,20260125,20271231
AMB_232.28.28,1,1,1,1,1,1,1,20260411,20281231
AMB_232.28.29,1,1,1,1,1,1,1,20260411,20281231
AMB_234.28.20,1,1,1,1,1,1,1,20250304,20281231
AMB_235.2259.18,0,0,0,0,0,0,1,20250304,20261231
AMB_235.2260.18,0,0,0,0,0,0,1,20250304,20261231
AMB_235.2261.18,1,1,1,1,1,0,0,20250304,20261231
AMB_235.2262.18,0,0,0,0,0,1,0,20250304,20261231
AMB_236.2258.25,0,0,0,0,0,1,1,20250613,20261231
AMB_237.1603.11,1,1,1,1,1,0,0,20231201,20271231
AMB_248.314.34,0,0,0,0,0,0,1,20260413,20271231
AMB_248.764.34,0,0,0,0,0,1,0,20260413,20271231
AMB_248.793.34,1,1,1,1,1,0,0,20260413,20271231
AMB_249.314.11,0,0,0,0,0,0,1,20220919,20261231
AMB_249.764.11,0,0,0,0,0,1,0,20220919,20261231
AMB_249.793.11,1,1,1,1,1,0,0,20220919,20261231
AMB_250.793.14,1,1,1,1,1,0,0,20260413,20271231
AMB_250.989.14,0,0,0,0,0,1,1,20260413,20271231
AMB_251.1558.10,0,0,0,0,0,0,0,20251025,20261231
AMB_251.793.10,1,1,1,1,1,0,0,20251025,20261231
AMB_252.2273.9,0,1,1,1,1,0,0,20240901,20271231
AMB_252.2274.9,0,1,1,1,1,0,0,20240901,20271231
AMB_252.2275.10,1,0,0,0,0,0,0,20240901,20271231
AMB_252.2275.9,1,0,0,0,0,0,0,20240901,20271231
AMB_252.2276.10,1,0,0,0,0,0,0,20240901,20271231
AMB_252.2276.9,1,0,0,0,0,0,0,20240901,20271231
AMB_264.1558.22,0,0,0,0,0,0,0,20260119,20271231
AMB_264.494.22,0,0,0,0,0,1,0,20260119,20271231
AMB_264.793.22,1,1,1,1,1,0,0,20260119,20271231
AMB_264.934.22,0,0,0,0,0,0,0,20260119,20271231
AMB_265.1558.20,0,0,0,0,0,0,0,20260119,20271231
AMB_265.494.20,0,0,0,0,0,1,0,20260119,20271231
AMB_265.793.20,1,1,1,1,1,0,0,20260119,20271231
AMB_268.28.24,1,1,1,1,1,1,1,20241001,20261231
AMB_269.2231.3,1,1,1,1,1,1,1,20210714,20261231
AMB_269.2232.3,0,0,0,0,0,0,0,20210714,20261231
AMB_297.1603.13,1,1,1,1,1,0,0,20250524,20281231
AMB_299.764.3,0,0,0,0,0,1,0,20260202,20281231
AMB_299.793.3,1,1,1,1,1,0,0,20260202,20281231
AMB_299.989.3,0,0,0,0,0,1,1,20260202,20281231
AMB_300.764.9,0,0,0,0,0,1,0,20260202,20281231
AMB_300.793.9,1,1,1,1,1,0,0,20260202,20281231
AMB_300.989.9,0,0,0,0,0,1,1,20260202,20281231
AMB_301.314.17,0,0,0,0,0,0,1,20220618,20261231
AMB_301.764.17,0,0,0,0,0,1,0,20220618,20261231
AMB_301.793.17,1,1,1,1,1,0,0,20220618,20261231
AMB_302.1558.38,0,0,0,0,0,0,0,20250610,20261231
AMB_302.314.38,0,0,0,0,0,0,1,20250610,20261231
AMB_302.494.38,0,0,0,0,0,1,0,20250610,20261231
AMB_302.494.39,0,0,0,0,0,1,0,20250610,20261231
AMB_302.793.38,1,1,1,1,1,0,0,20250610,20261231
AMB_303.314.18,0,0,0,0,0,0,1,20240801,20261231
AMB_303.764.18,0,0,0,0,0,1,0,20240801,20261231
AMB_303.793.18,1,1,1,1,1,0,0,20240801,20261231
AMB_307.2269.28,1,1,1,0,1,0,0,20250115,20261231
AMB_307.2270.28,1,1,1,0,1,0,0,20250115,20261231
AMB_307.2271.26,0,0,0,1,0,0,0,20240809,20261231
AMB_307.2271.28,0,0,0,1,0,0,0,20250115,20261231
AMB_307.2272.26,0,0,0,1,0,0,0,20240809,20261231
AMB_307.2272.28,0,0,0,1,0,0,0,20250115,20261231
AMB_307.314.24,0,0,0,0,0,0,1,20240801,20261231
AMB_307.314.28,0,0,0,0,0,0,1,20250115,20261231
AMB_307.494.27,0,0,0,0,0,1,0,20240801,20261231
AMB_307.494.28,0,0,0,0,0,1,0,20250115,20261231
AMB_310.1169.10,1,1,1,1,1,1,0,20260401,20281231
AMB_310.1169.9,1,1,1,1,1,1,0,20260401,20281231
AMB_313.1558.27,0,0,0,0,0,0,0,20251210,20271231
AMB_313.314.27,0,0,0,0,0,0,1,20251210,20271231
AMB_313.494.27,0,0,0,0,0,1,0,20251210,20271231
AMB_313.793.27,1,1,1,1,1,0,0,20251210,20271231
AMB_325.314.32,0,0,0,0,0,0,1,20260411,20281231
AMB_325.764.32,0,0,0,0,0,1,0,20260411,20281231
AMB_325.793.32,1,1,1,1,1,0,0,20260411,20281231
AMB_326.1558.41,0,0,0,0,0,0,0,20260411,20281231
AMB_326.314.42,0,0,0,0,0,0,1,20260411,20281231
AMB_326.314.43,0,0,0,0,0,0,1,20260411,20281231
AMB_326.494.41,0,0,0,0,0,1,0,20260411,20281231
AMB_326.793.41,1,1,1,1,1,0,0,20260411,20281231
AMB_327.1603.40,1,1,1,1,1,0,0,20260411,20281231
AMB_327.314.40,0,0,0,0,0,0,1,20260411,20281231
AMB_327.494.40,0,0,0,0,0,1,0,20260411,20281231
AMB_328.314.43,0,0,0,0,0,0,1,20260316,20271231
AMB_328.764.43,0,0,0,0,0,1,0,20260316,20271231
AMB_328.793.43,1,1,1,1,1,0,0,20260316,20271231
AMB_329.764.22,0,0,0,0,0,1,0,20260411,20281231
AMB_329.793.22,1,1,1,1,1,0,0,20260411,20281231
AMB_329.989.22,0,0,0,0,0,1,1,20260411,20281231
AMB_349.1654.8,0,0,0,0,0,1,1,20260228,20281231
AMB_361.1603.5,1,1,1,1,1,0,0,20260209,20271231
AMB_361.1603.6,1,1,1,1,1,0,0,20260209,20271231
AMB_387.1294.8,0,0,0,0,0,1,0,20260302,20271231
AMB_387.1558.8,0,0,0,0,0,0,0,20260302,20271231
AMB_387.2170.8,1,1,1,1,1,0,0,20260302,20271231
AMB_387.2255.8,0,0,0,0,0,0,0,20260302,20271231
AMB_387.2296.8,0,0,0,0,0,0,1,20260302,20271231
AMB_388.1294.8,0,0,0,0,0,1,0,20260302,20271231
AMB_388.1558.8,0,0,0,0,0,0,0,20260302,20271231
AMB_388.2170.9,1,1,1,1,1,0,0,20260302,20271231
AMB_388.2255.9,0,0,0,0,0,0,0,20260302,20271231
AMB_388.2296.8,0,0,0,0,0,0,1,20260302,20271231
AMB_388.793.8,1,1,1,1,1,0,0,20260302,20271231
AMB_389.1558.10,0,0,0,0,0,0,0,20251024,20261231
AMB_389.1558.9,0,0,0,0,0,0,0,20250516,20261231
AMB_389.314.10,0,0,0,0,0,0,1,20251024,20261231
AMB_389.494.10,0,0,0,0,0,1,0,20251024,20261231
AMB_389.793.10,1,1,1,1,1,0,0,20251024,20261231
AMB_389.793.9,1,1,1,1,1,0,0,20250516,20261231
AMB_394.28.11,1,1,1,1,1,1,1,20251122,20261231
AMB_395.28.13,1,1,1,1,1,1,1,20250630,20281231
AMB_403.314.12,0,0,0,0,0,0,1,20250610,20281231
AMB_403.764.12,0,0,0,0,0,1,0,20250610,20281231
AMB_403.793.12,1,1,1,1,1,0,0,20250610,20281231
AMB_404.314.21,0,0,0,0,0,0,1,20260411,20281231
AMB_404.764.21,0,0,0,0,0,1,0,20260411,20281231
AMB_404.793.21,1,1,1,1,1,0,0,20260411,20281231
AMB_405.2277.27,1,1,0,1,1,0,0,20260401,20271231
AMB_405.2278.27,1,1,0,1,1,0,0,20260401,20271231
AMB_405.2280.27,0,0,1,0,0,0,0,20260401,20271231
AMB_405.2280.28,0,0,1,0,0,0,0,20260401,20271231
AMB_405.2281.27,0,0,1,0,0,0,0,20260401,20271231
AMB_405.2281.28,0,0,1,0,0,0,0,20260401,20271231
AMB_405.494.27,0,0,0,0,0,1,0,20260401,20271231
AMB_408.1558.17,0,0,0,0,0,0,0,20251003,20281231
AMB_408.314.17,0,0,0,0,0,0,1,20251003,20281231
AMB_408.494.17,0,0,0,0,0,1,0,20251003,20281231
AMB_408.793.17,1,1,1,1,1,0,0,20251003,20281231
AMB_413.1558.30,0,0,0,0,0,0,0,20260210,20281231
AMB_413.314.30,0,0,0,0,0,0,1,20260210,20281231
AMB_413.494.30,0,0,0,0,0,1,0,20260210,20281231
AMB_413.793.30,1,1,1,1,1,0,0,20260210,20281231
AMB_415.314.22,0,0,0,0,0,0,1,20260411,20281231
AMB_415.764.22,0,0,0,0,0,1,0,20260411,20281231
AMB_415.793.22,1,1,1,1,1,0,0,20260411,20281231
AMB_417.1558.28,0,0,0,0,0,0,0,20260216,20281231
AMB_417.314.28,0,0,0,0,0,0,1,20260216,20281231
AMB_417.494.28,0,0,0,0,0,1,0,20260216,20281231
AMB_417.793.28,1,1,1,1,1,0,0,20260216,20281231
AMB_418.1015.11,0,0,0,0,0,0,0,20240406,20281231
AMB_418.1558.11,0,0,0,0,0,0,0,20240406,20281231
AMB_418.314.11,0,0,0,0,0,0,1,20240406,20281231
AMB_418.494.11,0,0,0,0,0,1,0,20240406,20281231
AMB_418.790.11,1,1,1,1,1,0,0,20240406,20281231
AMB_418.793.11,1,1,1,1,1,0,0,20240406,20281231
AMB_418.880.11,0,0,0,0,0,1,0,20240406,20281231
AMB_418.925.11,0,0,0,0,0,0,1,20240406,20281231
AMB_419.314.1,0,0,0,0,0,0,1,20230515,20271231
AMB_419.764.1,0,0,0,0,0,1,0,20230515,20271231
AMB_419.793.1,1,1,1,1,1,0,0,20230515,20271231
AMB_420.2277.18,1,1,0,1,1,0,0,20250101,20281231
AMB_420.2280.18,0,0,1,0,0,0,0,20250101,20281231
AMB_420.2280.19,0,0,1,0,0,0,0,20250101,20281231
AMB_423.1558.20,0,0,0,0,0,0,0,20250102,20281231
AMB_423.793.20,1,1,1,1,1,0,0,20250102,20281231
AMB_424.793.20,1,1,1,1,1,0,0,20260220,20281231
AMB_425.1558.25,0,0,0,0,0,0,0,20260413,20271231
AMB_425.314.25,0,0,0,0,0,0,1,20260413,20271231
AMB_425.494.25,0,0,0,0,0,1,0,20260413,20271231
AMB_425.793.25,1,1,1,1,1,0,0,20260413,20271231
AMB_427.1603.11,1,1,1,1,1,0,0,20231214,20271231
AMB_427.494.11,0,0,0,0,0,1,0,20231214,20271231
AMB_430.1558.13,0,0,0,0,0,0,0,20251110,20281231
AMB_430.314.13,0,0,0,0,0,0,1,20251110,20281231
AMB_430.494.13,0,0,0,0,0,1,0,20251110,20281231
AMB_430.793.13,1,1,1,1,1,0,0,20251110,20281231
AMB_431.1558.18,0,0,0,0,0,0,0,20251003,20281231
AMB_431.314.18,0,0,0,0,0,0,1,20251003,20281231
AMB_431.494.18,0,0,0,0,0,1,0,20251003,20281231
AMB_431.793.18,1,1,1,1,1,0,0,20251003,20281231
AMB_432.314.21,0,0,0,0,0,0,1,20241118,20281231
AMB_432.764.21,0,0,0,0,0,1,0,20241118,20281231
AMB_432.793.21,1,1,1,1,1,0,0,20241118,20281231
AMB_435.1603.6,1,1,1,1,1,0,0,20250430,20261231
AMB_435.314.6,0,0,0,0,0,0,1,20250430,20261231
AMB_435.494.6,0,0,0,0,0,1,0,20250430,20261231
AMB_446.2226.1,0,0,0,0,0,1,0,20250305,20261231
AMB_446.793.1,1,1,1,1,1,0,0,20250305,20261231
AMB_447.2226.5,0,0,0,0,0,1,0,20240201,20261231
AMB_447.793.5,1,1,1,1,1,0,0,20240201,20261231
AMB_448.2226.3,0,0,0,0,0,1,0,20230313,20261231
AMB_448.793.3,1,1,1,1,1,0,0,20230313,20261231
AMB_449.2226.1,0,0,0,0,0,1,0,20220502,20261231
AMB_450.2170.1,1,1,1,1,1,0,0,20221029,20271231
AMB_471.28.14,1,1,1,1,1,1,1,20251122,20261231
AMB_472.1558.6,0,0,0,0,0,0,0,20260319,20281231
AMB_472.793.6,1,1,1,1,1,0,0,20260319,20281231
AMB_476.314.5,0,0,0,0,0,0,1,20250128,20261231
AMB_476.764.5,0,0,0,0,0,1,0,20250128,20261231
AMB_476.793.5,1,1,1,1,1,0,0,20250128,20261231
AMB_479.2279.8,1,1,0,1,1,1,0,20260115,20271231
AMB_479.2282.8,0,0,1,0,0,0,0,20260115,20271231
AMB_479.2282.9,0,0,1,0,0,0,0,20260115,20271231
AMB_479.314.8,0,0,0,0,0,0,1,20260115,20271231
AMB_483.28.3,1,1,1,1,1,1,1,20251027,20261231
AMB_485.1603.7,1,1,1,1,1,0,0,20240724,20271231
AMB_485.1603.8,1,1,1,1,1,0,0,20240724,20271231
AMB_486.793.3,1,1,1,1,1,0,0,20260314,20260419
AMB_486.793.4,1,1,1,1,1,0,0,20260420,20281231
AMB_487.793.5,1,1,1,1,1,0,0,20260314,20260419
AMB_487.793.6,1,1,1,1,1,0,0,20260420,20281231
AMB_488.2247.1,1,1,1,1,1,1,0,20231214,20281231
AMB_488.2248.1,0,0,0,0,0,0,1,20231214,20281231
AMB_489.2170.8,1,1,1,1,1,0,0,20250505,20281231
AMB_489.2170.9,1,1,1,1,1,0,0,20250505,20281231
AMB_489.2249.8,0,0,0,0,0,0,0,20250505,20281231
AMB_489.2249.9,0,0,0,0,0,0,0,20250505,20281231
AMB_489.314.8,0,0,0,0,0,0,1,20250505,20281231
AMB_489.314.9,0,0,0,0,0,0,1,20250505,20281231
AMB_489.494.8,0,0,0,0,0,1,0,20250505,20281231
AMB_489.494.9,0,0,0,0,0,1,0,20250505,20281231
AMB_490.2170.3,1,1,1,1,1,0,0,20240916,20281231
AMB_492.1558.15,0,0,0,0,0,0,0,20260216,20281231
AMB_492.314.15,0,0,0,0,0,0,1,20260216,20281231
AMB_492.494.15,0,0,0,0,0,1,0,20260216,20281231
AMB_492.494.16,0,0,0,0,0,1,0,20260217,20281231
AMB_492.793.15,1,1,1,1,1,0,0,20260216,20281231
AMB_493.314.6,0,0,0,0,0,0,1,20260216,20281231
AMB_493.764.6,0,0,0,0,0,1,0,20260216,20281231
AMB_493.793.6,1,1,1,1,1,0,0,20260216,20281231
AMB_495.2206.5,1,1,1,1,1,1,1,20260328,20281231
AMB_495.2263.5,0,0,0,0,0,0,0,20260328,20281231
AMB_496.28.3,1,1,1,1,1,1,1,20260112,20261231
AMB_497.28.3,1,1,1,1,1,1,1,20250630,20281231
AMB_501.1603.1,1,1,1,1,1,0,0,20250401,20261231
AMB_501.314.1,0,0,0,0,0,0,1,20250401,20261231
AMB_501.494.1,0,0,0,0,0,1,0,20250401,20261231
AMB_502.1603.4,1,1,1,1,1,0,0,20251101,20261231
AMB_502.1654.4,0,0,0,0,0,1,1,20251101,20261231
AMB_502.2170.5,1,1,1,1,1,0,0,20251101,20261231
AMB_503.1603.1,1,1,1,1,1,0,0,20250401,20261231
AMB_503.1603.2,1,1,1,1,1,0,0,20250401,20261231
AMB_503.1603.3,1,1,1,1,1,0,0,20250401,20261231
AMB_504.1603.1,1,1,1,1,1,0,0,20250401,20261231
AMB_504.1603.2,1,1,1,1,1,0,0,20250401,20261231
AMB_504.1603.3,1,1,1,1,1,0,0,20250401,20261231
AMB_507.1603.1,1,1,1,1,1,0,0,20250430,20261231
AMB_507.314.1,0,0,0,0,0,0,1,20250430,20261231
AMB_507.494.1,0,0,0,0,0,1,0,20250430,20261231
AMB_508.2170.1,1,1,1,1,1,0,0,20260409,20281231
AMB_508.2170.5,1,1,1,1,1,0,0,20260409,20281231
AMB_508.2170.6,1,1,1,1,1,0,0,20260409,20281231
AMB_508.2255.1,0,0,0,0,0,0,0,20260409,20281231
AMB_508.2255.5,0,0,0,0,0,0,0,20260409,20281231
AMB_508.2255.6,0,0,0,0,0,0,0,20260409,20281231
AMB_508.2255.7,0,0,0,0,0,0,0,20260409,20281231
AMB_508.764.7,0,0,0,0,0,1,0,20260409,20281231
AMB_508.989.1,0,0,0,0,0,1,1,20260409,20281231
AMB_508.989.5,0,0,0,0,0,1,1,20260409,20281231
AMB_508.989.7,0,0,0,0,0,1,1,20260409,20281231
AMB_509.793.5,1,1,1,1,1,0,0,20260409,20281231
AMB_509.793.6,1,1,1,1,1,0,0,20260409,20281231
AMB_509.989.5,0,0,0,0,0,1,1,20260409,20281231
AMB_510.2170.5,1,1,1,1,1,0,0,20260409,20281231
AMB_510.2170.6,1,1,1,1,1,0,0,20260409,20281231
AMB_510.2255.5,0,0,0,0,0,0,0,20260409,20281231
AMB_510.989.5,0,0,0,0,0,1,1,20260409,20281231
AMB_511.793.1,1,1,1,1,1,0,0,20260409,20281231
AMB_512.1603.1,1,1,1,1,1,0,0,20260409,20281231
AMB_512.1603.2,1,1,1,1,1,0,0,20260409,20281231
AMB_516.1558.2,0,0,0,0,0,0,0,20260216,20271231
AMB_516.314.2,0,0,0,0,0,0,1,20260216,20271231
AMB_516.494.2,0,0,0,0,0,1,0,20260216,20271231
AMB_516.793.2,1,1,1,1,1,0,0,20260216,20271231
AMP_1,1,1,1,1,1,0,0,20250408,20261231
AMP_2,0,0,0,0,0,1,0,20250408,20261231
AUC_24_31_desembre,1,1,1,1,1,0,0,20250701,20260901
AUC_Agost_feiners,1,1,1,1,1,0,0,20260801,20260831
AUC_Escolars_corbera,1,1,1,1,1,0,0,20250909,20260619
AUC_Feiners,1,1,1,1,1,0,0,20250701,20260901
AUC_Feiners_No_Agost,1,1,1,1,1,0,0,20250701,20260901
AUC_Feiners_calendari_escolar,1,1,1,1,1,0,0,20250908,20260619
AUC_Nomes_dissabtes_no_festius,0,0,0,0,0,1,0,20250701,20260901
AUC_Nomes_diumenges_i_festius,0,0,0,0,0,0,1,20250701,20260901
AUC_Tots_dissabtes_nocturn,0,0,0,0,0,1,0,20250701,20260901
AUC_Tots_diumenges_nocturn,0,0,0,0,0,0,1,20250701,20260901
AVE_2026-03-082026-03-15011011,1,1,1,1,1,1,1,20260308,20260315
AVE_2026-03-082026-03-15030821,1,1,1,1,1,1,1,20260308,20260315
AVE_2026-03-082026-03-21010921,1,1,1,1,1,1,1,20260308,20260321
AVE_2026-03-082026-03-29033011,1,1,1,1,1,1,1,20260308,20260329
AVE_2026-03-082026-03-29033111,1,1,1,1,1,1,1,20260308,20260329
AVE_2026-03-082026-03-29080771,1,1,1,1,1,1,1,20260308,20260329
AVE_2026-03-082026-03-29081861,1,1,1,1,1,1,1,20260308,20260329
AVE_2026-03-082026-03-29082071,1,1,1,1,1,1,1,20260308,20260329
AVE_2026-03-082026-03-29082161,1,1,1,1,1,1,1,20260308,20260329
AVE_2026-03-082026-03-30036621,1,1,1,1,1,1,1,20260308,20260330
AVE_2026-03-082026-03-30036622,1,1,1,1,1,1,1,20260308,20260330
AVE_2026-03-082026-03-30346621,1,1,1,1,1,1,1,20260308,20260330
AVE_2026-03-082026-03-31346311,1,1,1,1,1,1,1,20260308,20260331
AVE_2026-03-082026-03-31346321,1,1,1,1,1,1,1,20260308,20260331
AVE_2026-03-082026-04-01031911,1,1,1,1,1,1,1,20260308,20260401
AVE_2026-03-082026-04-01341911,1,1,1,1,1,1,1,20260308,20260401
AVE_2026-03-082026-04-03030731,1,1,1,1,1,1,1,20260308,20260403
AVE_2026-03-082026-04-03030732,1,1,1,1,1,1,1,20260308,20260403
AVE_2026-03-082026-04-03340731,1,1,1,1,1,1,1,20260308,20260403
AVE_2026-03-082026-04-15080871,1,1,1,1,1,1,1,20260308,20260415
AVE_2026-03-082026-04-15081661,1,1,1,1,1,1,1,20260308,20260415
AVE_2026-03-082026-04-15081871,1,1,1,1,1,1,1,20260308,20260415
AVE_2026-03-082026-04-15082061,1,1,1,1,1,1,1,20260308,20260415
AVE_2026-03-082026-04-15082871,1,1,1,1,1,1,1,20260308,20260415
AVE_2026-03-082026-04-15082971,1,1,1,1,1,1,1,20260308,20260415
AVE_2026-03-082026-04-15083161,1,1,1,1,1,1,1,20260308,20260415
AVE_2026-03-082026-04-15083361,1,1,1,1,1,1,1,20260308,20260415
AVE_2026-03-082026-04-15083771,1,1,1,1,1,1,1,20260308,20260415
AVE_2026-03-082026-04-15083961,1,1,1,1,1,1,1,20260308,20260415
AVE_2026-03-082026-04-19341231,1,1,1,1,1,1,1,20260308,20260419
AVE_2026-03-082026-04-29033012,1,1,1,1,1,1,1,20260308,20260429
AVE_2026-03-082026-04-29033014,1,1,1,1,1,1,1,20260308,20260429
AVE_2026-03-082026-05-10097301,1,1,1,1,1,1,1,20260308,20260510
AVE_2026-03-082026-05-10097302,1,1,1,1,1,1,1,20260308,20260510
AVE_2026-03-082026-05-10097303,1,1,1,1,1,1,1,20260308,20260510
AVE_2026-03-082026-05-10097421,1,1,1,1,1,1,1,20260308,20260510
AVE_2026-03-082026-05-10097422,1,1,1,1,1,1,1,20260308,20260510
AVE_2026-03-082026-05-14097251,1,1,1,1,1,1,1,20260308,20260514
AVE_2026-03-082026-05-14097252,1,1,1,1,1,1,1,20260308,20260514
AVE_2026-03-082026-05-14097253,1,1,1,1,1,1,1,20260308,20260514
AVE_2026-03-082026-05-31030921,1,1,1,1,1,1,1,20260308,20260531
AVE_2026-03-082026-05-31031631,1,1,1,1,1,1,1,20260308,20260531
AVE_2026-03-082026-05-31348231,1,1,1,1,1,1,1,20260308,20260531
AVE_2026-03-082026-06-13358691,1,1,1,1,1,1,1,20260308,20260613
AVE_2026-03-082026-06-13359681,1,1,1,1,1,1,1,20260308,20260613
AVE_2026-03-082026-07-19342621,1,1,1,1,1,1,1,20260308,20260719
AVE_2026-03-082026-09-06010711,1,1,1,1,1,1,1,20260308,20260906
AVE_2026-03-082026-09-06010811,1,1,1,1,1,1,1,20260308,20260906
AVE_2026-03-082026-09-06010812,1,1,1,1,1,1,1,20260308,20260906
AVE_2026-03-082026-09-06011012,1,1,1,1,1,1,1,20260308,20260906
AVE_2026-03-082026-09-06011121,1,1,1,1,1,1,1,20260308,20260906
AVE_2026-03-082026-09-06011521,1,1,1,1,1,1,1,20260308,20260906
AVE_2026-03-082026-09-06011522,1,1,1,1,1,1,1,20260308,20260906
AVE_2026-03-082026-09-06011611,1,1,1,1,1,1,1,20260308,20260906
AVE_2026-03-082026-09-06011621,1,1,1,1,1,1,1,20260308,20260906
AVE_2026-03-082026-09-06011811,1,1,1,1,1,1,1,20260308,20260906
AVE_2026-03-082026-09-06011821,1,1,1,1,1,1,1,20260308,20260906
AVE_2026-03-082026-09-06011921,1,1,1,1,1,1,1,20260308,20260906
AVE_2026-03-082026-09-06340821,1,1,1,1,1,1,1,20260308,20260906
AVE_2026-03-082026-09-06341021,1,1,1,1,1,1,1,20260308,20260906
AVE_2026-03-082026-09-06341131,1,1,1,1,1,1,1,20260308,20260906
AVE_2026-03-082026-09-06341531,1,1,1,1,1,1,1,20260308,20260906
AVE_2026-03-082026-09-06341821,1,1,1,1,1,1,1,20260308,20260906
AVE_2026-03-082026-09-06346091,1,1,1,1,1,1,1,20260308,20260906
AVE_2026-03-082026-10-14030621,1,1,1,1,1,1,1,20260308,20261014
AVE_2026-03-082026-10-14030624,1,1,1,1,1,1,1,20260308,20261014
AVE_2026-03-082026-10-14030911,1,1,1,1,1,1,1,20260308,20261014
AVE_2026-03-082026-10-14030931,1,1,1,1,1,1,1,20260308,20261014
AVE_2026-03-082026-10-14030932,1,1,1,1,1,1,1,20260308,20261014
AVE_2026-03-082026-10-14031131,1,1,1,1,1,1,1,20260308,20261014
AVE_2026-03-082026-10-14031133,1,1,1,1,1,1,1,20260308,20261014
AVE_2026-03-082026-10-14031221,1,1,1,1,1,1,1,20260308,20261014
AVE_2026-03-082026-10-14031231,1,1,1,1,1,1,1,20260308,20261014
AVE_2026-03-082026-10-14031232,1,1,1,1,1,1,1,20260308,20261014
AVE_2026-03-082026-10-14031233,1,1,1,1,1,1,1,20260308,20261014
AVE_2026-03-082026-10-14031431,1,1,1,1,1,1,1,20260308,20261014
AVE_2026-03-082026-10-14031621,1,1,1,1,1,1,1,20260308,20261014
AVE_2026-03-082026-10-14031622,1,1,1,1,1,1,1,20260308,20261014
AVE_2026-03-082026-10-14031624,1,1,1,1,1,1,1,20260308,20261014
AVE_2026-03-082026-10-14031731,1,1,1,1,1,1,1,20260308,20261014
AVE_2026-03-082026-10-14031821,1,1,1,1,1,1,1,20260308,20261014
AVE_2026-03-082026-10-14031823,1,1,1,1,1,1,1,20260308,20261014
AVE_2026-03-082026-10-14031831,1,1,1,1,1,1,1,20260308,20261014
AVE_2026-03-082026-10-14031921,1,1,1,1,1,1,1,20260308,20261014
AVE_2026-03-082026-10-14031922,1,1,1,1,1,1,1,20260308,20261014
AVE_2026-03-082026-10-14033021,1,1,1,1,1,1,1,20260308,20261014
AVE_2026-03-082026-10-14033041,1,1,1,1,1,1,1,20260308,20261014
AVE_2026-03-082026-10-14033051,1,1,1,1,1,1,1,20260308,20261014
AVE_2026-03-082026-10-14033053,1,1,1,1,1,1,1,20260308,20261014
AVE_2026-03-082026-10-14033081,1,1,1,1,1,1,1,20260308,20261014
AVE_2026-03-082026-10-14033091,1,1,1,1,1,1,1,20260308,20261014
AVE_2026-03-082026-10-14033101,1,1,1,1,1,1,1,20260308,20261014
AVE_2026-03-082026-10-14033221,1,1,1,1,1,1,1,20260308,20261014
AVE_2026-03-082026-10-14033731,1,1,1,1,1,1,1,20260308,20261014
AVE_2026-03-082026-10-14039421,1,1,1,1,1,1,1,20260308,20261014
AVE_2026-03-082026-10-14039431,1,1,1,1,1,1,1,20260308,20261014
AVE_2026-03-082026-10-14039921,1,1,1,1,1,1,1,20260308,20261014
AVE_2026-03-082026-10-14039931,1,1,1,1,1,1,1,20260308,20261014
AVE_2026-03-082026-10-14340231,1,1,1,1,1,1,1,20260308,20261014
AVE_2026-03-082026-10-14340621,1,1,1,1,1,1,1,20260308,20261014
AVE_2026-03-082026-10-14340921,1,1,1,1,1,1,1,20260308,20261014
AVE_2026-03-082026-10-14340931,1,1,1,1,1,1,1,20260308,20261014
AVE_2026-03-082026-10-14341221,1,1,1,1,1,1,1,20260308,20261014
AVE_2026-03-082026-10-14341222,1,1,1,1,1,1,1,20260308,20261014
AVE_2026-03-082026-10-14341251,1,1,1,1,1,1,1,20260308,20261014
AVE_2026-03-082026-10-14341301,1,1,1,1,1,1,1,20260308,20261014
AVE_2026-03-082026-10-14341371,1,1,1,1,1,1,1,20260308,20261014
AVE_2026-03-082026-10-14341421,1,1,1,1,1,1,1,20260308,20261014
AVE_2026-03-082026-10-14341431,1,1,1,1,1,1,1,20260308,20261014
AVE_2026-03-082026-10-14341631,1,1,1,1,1,1,1,20260308,20261014
AVE_2026-03-082026-10-14341921,1,1,1,1,1,1,1,20260308,20261014
AVE_2026-03-082026-10-14342921,1,1,1,1,1,1,1,20260308,20261014
AVE_2026-03-082026-10-14343021,1,1,1,1,1,1,1,20260308,20261014
AVE_2026-03-082026-10-14343091,1,1,1,1,1,1,1,20260308,20261014
AVE_2026-03-082026-10-14344331,1,1,1,1,1,1,1,20260308,20261014
AVE_2026-03-082026-10-14347121,1,1,1,1,1,1,1,20260308,20261014
AVE_2026-03-082026-10-14348131,1,1,1,1,1,1,1,20260308,20261014
AVE_2026-03-082026-10-14348421,1,1,1,1,1,1,1,20260308,20261014
AVE_2026-03-092026-03-09005331,1,1,1,1,1,1,1,20260309,20260309
AVE_2026-03-092026-03-12005301,1,1,1,1,1,1,1,20260309,20260312
AVE_2026-03-092026-03-12005302,1,1,1,1,1,1,1,20260309,20260312
AVE_2026-03-092026-03-20004371,1,1,1,1,1,1,1,20260309,20260320
AVE_2026-03-092026-03-20004372,1,1,1,1,1,1,1,20260309,20260320
AVE_2026-03-092026-03-22097371,1,1,1,1,1,1,1,20260309,20260322
AVE_2026-03-092026-03-22097372,1,1,1,1,1,1,1,20260309,20260322
AVE_2026-03-092026-03-31006211,1,1,1,1,1,1,1,20260309,20260331
AVE_2026-03-092026-03-31006212,1,1,1,1,1,1,1,20260309,20260331
AVE_2026-03-092026-03-31006213,1,1,1,1,1,1,1,20260309,20260331
AVE_2026-03-092026-03-31006214,1,1,1,1,1,1,1,20260309,20260331
AVE_2026-03-092026-03-31006221,1,1,1,1,1,1,1,20260309,20260331
AVE_2026-03-092026-03-31006222,1,1,1,1,1,1,1,20260309,20260331
AVE_2026-03-092026-03-31006223,1,1,1,1,1,1,1,20260309,20260331
AVE_2026-03-092026-03-31006224,1,1,1,1,1,1,1,20260309,20260331
AVE_2026-03-092026-03-31006225,1,1,1,1,1,1,1,20260309,20260331
AVE_2026-03-092026-03-31006251,1,1,1,1,1,1,1,20260309,20260331
AVE_2026-03-092026-03-31006252,1,1,1,1,1,1,1,20260309,20260331
AVE_2026-03-092026-03-31006253,1,1,1,1,1,1,1,20260309,20260331
AVE_2026-03-092026-03-31006254,1,1,1,1,1,1,1,20260309,20260331
AVE_2026-03-092026-03-31006261,1,1,1,1,1,1,1,20260309,20260331
AVE_2026-03-092026-03-31006262,1,1,1,1,1,1,1,20260309,20260331
AVE_2026-03-092026-03-31006263,1,1,1,1,1,1,1,20260309,20260331
AVE_2026-03-092026-03-31006264,1,1,1,1,1,1,1,20260309,20260331
AVE_2026-03-092026-03-31006265,1,1,1,1,1,1,1,20260309,20260331
AVE_2026-03-092026-03-31006311,1,1,1,1,1,1,1,20260309,20260331
AVE_2026-03-092026-03-31006321,1,1,1,1,1,1,1,20260309,20260331
AVE_2026-03-092026-03-31006322,1,1,1,1,1,1,1,20260309,20260331
AVE_2026-03-092026-06-30006941,1,1,1,1,1,1,1,20260309,20260630
AVE_2026-03-092026-06-30006971,1,1,1,1,1,1,1,20260309,20260630
AVE_2026-03-092026-10-14004381,1,1,1,1,1,1,1,20260309,20261014
AVE_2026-03-092026-10-14004382,1,1,1,1,1,1,1,20260309,20261014
AVE_2026-03-092026-10-14033092,1,1,1,1,1,1,1,20260309,20261014
AVE_2026-03-092026-10-14039401,1,1,1,1,1,1,1,20260309,20261014
AVE_2026-03-092026-10-14039411,1,1,1,1,1,1,1,20260309,20261014
AVE_2026-03-102026-03-13005331,1,1,1,1,1,1,1,20260310,20260313
AVE_2026-03-132026-03-13011612,1,1,1,1,1,1,1,20260313,20260313
AVE_2026-03-132026-03-15005301,1,1,1,1,1,1,1,20260313,20260315
AVE_2026-03-132026-03-15005302,1,1,1,1,1,1,1,20260313,20260315
AVE_2026-03-142026-03-14010712,1,1,1,1,1,1,1,20260314,20260314
AVE_2026-03-142026-03-14011122,1,1,1,1,1,1,1,20260314,20260314
AVE_2026-03-142026-03-16005331,1,1,1,1,1,1,1,20260314,20260316
AVE_2026-03-162026-03-16011011,1,1,1,1,1,1,1,20260316,20260316
AVE_2026-03-162026-04-04030821,1,1,1,1,1,1,1,20260316,20260404
AVE_2026-03-162026-10-14005301,1,1,1,1,1,1,1,20260316,20261014
AVE_2026-03-162026-10-14005302,1,1,1,1,1,1,1,20260316,20261014
AVE_2026-03-172026-03-19011011,1,1,1,1,1,1,1,20260317,20260319
AVE_2026-03-172026-04-10005331,1,1,1,1,1,1,1,20260317,20260410
AVE_2026-03-202026-03-20011011,1,1,1,1,1,1,1,20260320,20260320
AVE_2026-03-202026-03-20011014,1,1,1,1,1,1,1,20260320,20260320
AVE_2026-03-202026-03-20011922,1,1,1,1,1,1,1,20260320,20260320
AVE_2026-03-212026-03-22004371,1,1,1,1,1,1,1,20260321,20260322
AVE_2026-03-212026-03-22004372,1,1,1,1,1,1,1,20260321,20260322
AVE_2026-03-212026-09-06011011,1,1,1,1,1,1,1,20260321,20260906
AVE_2026-03-222026-03-22011014,1,1,1,1,1,1,1,20260322,20260322
AVE_2026-03-232026-04-03004371,1,1,1,1,1,1,1,20260323,20260403
AVE_2026-03-232026-04-03004372,1,1,1,1,1,1,1,20260323,20260403
AVE_2026-03-232026-05-10097371,1,1,1,1,1,1,1,20260323,20260510
AVE_2026-03-232026-05-10097372,1,1,1,1,1,1,1,20260323,20260510
AVE_2026-03-232026-05-31010921,1,1,1,1,1,1,1,20260323,20260531
AVE_2026-03-232026-10-14039301,1,1,1,1,1,1,1,20260323,20261014
AVE_2026-03-232026-10-14039311,1,1,1,1,1,1,1,20260323,20261014
AVE_2026-03-232026-10-14039901,1,1,1,1,1,1,1,20260323,20261014
AVE_2026-03-232026-10-14039911,1,1,1,1,1,1,1,20260323,20261014
AVE_2026-03-272026-03-27011612,1,1,1,1,1,1,1,20260327,20260327
AVE_2026-03-302026-04-02033111,1,1,1,1,1,1,1,20260330,20260402
AVE_2026-03-302026-04-02033113,1,1,1,1,1,1,1,20260330,20260402
AVE_2026-03-302026-04-05080771,1,1,1,1,1,1,1,20260330,20260405
AVE_2026-03-302026-04-05081861,1,1,1,1,1,1,1,20260330,20260405
AVE_2026-03-302026-04-05082071,1,1,1,1,1,1,1,20260330,20260405
AVE_2026-03-302026-04-05082161,1,1,1,1,1,1,1,20260330,20260405
AVE_2026-04-032026-04-05033111,1,1,1,1,1,1,1,20260403,20260405
AVE_2026-04-032026-04-05036621,1,1,1,1,1,1,1,20260403,20260405
AVE_2026-04-032026-04-05036622,1,1,1,1,1,1,1,20260403,20260405
AVE_2026-04-032026-04-05346621,1,1,1,1,1,1,1,20260403,20260405
AVE_2026-04-042026-04-05004371,1,1,1,1,1,1,1,20260404,20260405
AVE_2026-04-042026-04-05004372,1,1,1,1,1,1,1,20260404,20260405
AVE_2026-04-042026-05-31031911,1,1,1,1,1,1,1,20260404,20260531
AVE_2026-04-042026-10-10341911,1,1,1,1,1,1,1,20260404,20261010
AVE_2026-04-052026-04-05030821,1,1,1,1,1,1,1,20260405,20260405
AVE_2026-04-062026-04-06033111,1,1,1,1,1,1,1,20260406,20260406
AVE_2026-04-062026-04-06033113,1,1,1,1,1,1,1,20260406,20260406
AVE_2026-04-062026-04-12080771,1,1,1,1,1,1,1,20260406,20260412
AVE_2026-04-062026-04-12081861,1,1,1,1,1,1,1,20260406,20260412
AVE_2026-04-062026-04-12082071,1,1,1,1,1,1,1,20260406,20260412
AVE_2026-04-062026-04-12082161,1,1,1,1,1,1,1,20260406,20260412
AVE_2026-04-062026-04-17004371,1,1,1,1,1,1,1,20260406,20260417
AVE_2026-04-062026-04-17004372,1,1,1,1,1,1,1,20260406,20260417
AVE_2026-04-062026-04-30030821,1,1,1,1,1,1,1,20260406,20260430
AVE_2026-04-062026-10-14030731,1,1,1,1,1,1,1,20260406,20261014
AVE_2026-04-062026-10-14030732,1,1,1,1,1,1,1,20260406,20261014
AVE_2026-04-062026-10-14340731,1,1,1,1,1,1,1,20260406,20261014
AVE_2026-04-072026-04-29033011,1,1,1,1,1,1,1,20260407,20260429
AVE_2026-04-072026-04-30033111,1,1,1,1,1,1,1,20260407,20260430
AVE_2026-04-072026-10-14036621,1,1,1,1,1,1,1,20260407,20261014
AVE_2026-04-072026-10-14036622,1,1,1,1,1,1,1,20260407,20261014
AVE_2026-04-072026-10-14346621,1,1,1,1,1,1,1,20260407,20261014
AVE_2026-04-112026-10-14005331,1,1,1,1,1,1,1,20260411,20261014
AVE_2026-04-132026-04-15080771,1,1,1,1,1,1,1,20260413,20260415
AVE_2026-04-132026-04-15081861,1,1,1,1,1,1,1,20260413,20260415
AVE_2026-04-132026-04-15082071,1,1,1,1,1,1,1,20260413,20260415
AVE_2026-04-132026-04-15082161,1,1,1,1,1,1,1,20260413,20260415
AVE_2026-04-182026-04-19004371,1,1,1,1,1,1,1,20260418,20260419
AVE_2026-04-182026-04-19004372,1,1,1,1,1,1,1,20260418,20260419
AVE_2026-04-202026-04-24004371,1,1,1,1,1,1,1,20260420,20260424
AVE_2026-04-202026-04-24004372,1,1,1,1,1,1,1,20260420,20260424
AVE_2026-04-202026-10-14341231,1,1,1,1,1,1,1,20260420,20261014
AVE_2026-04-252026-04-26004371,1,1,1,1,1,1,1,20260425,20260426
AVE_2026-04-252026-04-26004372,1,1,1,1,1,1,1,20260425,20260426
AVE_2026-04-272026-05-01004371,1,1,1,1,1,1,1,20260427,20260501
AVE_2026-04-272026-05-01004372,1,1,1,1,1,1,1,20260427,20260501
AVE_2026-05-012026-05-01030821,1,1,1,1,1,1,1,20260501,20260501
AVE_2026-05-012026-05-01033111,1,1,1,1,1,1,1,20260501,20260501
AVE_2026-05-012026-05-01033113,1,1,1,1,1,1,1,20260501,20260501
AVE_2026-05-012026-05-13033011,1,1,1,1,1,1,1,20260501,20260513
AVE_2026-05-022026-05-03004371,1,1,1,1,1,1,1,20260502,20260503
AVE_2026-05-022026-05-03004372,1,1,1,1,1,1,1,20260502,20260503
AVE_2026-05-022026-05-13033012,1,1,1,1,1,1,1,20260502,20260513
AVE_2026-05-022026-05-13033014,1,1,1,1,1,1,1,20260502,20260513
AVE_2026-05-022026-05-14033111,1,1,1,1,1,1,1,20260502,20260514
AVE_2026-05-022026-06-25030821,1,1,1,1,1,1,1,20260502,20260625
AVE_2026-05-042026-05-15004371,1,1,1,1,1,1,1,20260504,20260515
AVE_2026-05-042026-05-15004372,1,1,1,1,1,1,1,20260504,20260515
AVE_2026-05-112026-05-14097301,1,1,1,1,1,1,1,20260511,20260514
AVE_2026-05-112026-05-14097302,1,1,1,1,1,1,1,20260511,20260514
AVE_2026-05-112026-05-14097303,1,1,1,1,1,1,1,20260511,20260514
AVE_2026-05-112026-05-29097371,1,1,1,1,1,1,1,20260511,20260529
AVE_2026-05-112026-05-29097372,1,1,1,1,1,1,1,20260511,20260529
AVE_2026-05-112026-07-12097421,1,1,1,1,1,1,1,20260511,20260712
AVE_2026-05-112026-07-12097422,1,1,1,1,1,1,1,20260511,20260712
AVE_2026-05-152026-05-15033111,1,1,1,1,1,1,1,20260515,20260515
AVE_2026-05-152026-05-15033113,1,1,1,1,1,1,1,20260515,20260515
AVE_2026-05-152026-05-15097251,1,1,1,1,1,1,1,20260515,20260515
AVE_2026-05-152026-05-15097252,1,1,1,1,1,1,1,20260515,20260515
AVE_2026-05-152026-05-15097253,1,1,1,1,1,1,1,20260515,20260515
AVE_2026-05-152026-05-15097301,1,1,1,1,1,1,1,20260515,20260515
AVE_2026-05-152026-05-15097302,1,1,1,1,1,1,1,20260515,20260515
AVE_2026-05-152026-05-15097303,1,1,1,1,1,1,1,20260515,20260515
AVE_2026-05-152026-05-24033011,1,1,1,1,1,1,1,20260515,20260524
AVE_2026-05-162026-05-16097251,1,1,1,1,1,1,1,20260516,20260516
AVE_2026-05-162026-05-16097252,1,1,1,1,1,1,1,20260516,20260516
AVE_2026-05-162026-05-16097253,1,1,1,1,1,1,1,20260516,20260516
AVE_2026-05-162026-05-16097301,1,1,1,1,1,1,1,20260516,20260516
AVE_2026-05-162026-05-16097302,1,1,1,1,1,1,1,20260516,20260516
AVE_2026-05-162026-05-16097303,1,1,1,1,1,1,1,20260516,20260516
AVE_2026-05-162026-05-17004371,1,1,1,1,1,1,1,20260516,20260517
AVE_2026-05-162026-05-17004372,1,1,1,1,1,1,1,20260516,20260517
AVE_2026-05-162026-05-24033111,1,1,1,1,1,1,1,20260516,20260524
AVE_2026-05-162026-07-23033012,1,1,1,1,1,1,1,20260516,20260723
AVE_2026-05-162026-07-23033014,1,1,1,1,1,1,1,20260516,20260723
AVE_2026-05-172026-05-17097301,1,1,1,1,1,1,1,20260517,20260517
AVE_2026-05-172026-05-17097302,1,1,1,1,1,1,1,20260517,20260517
AVE_2026-05-172026-05-17097303,1,1,1,1,1,1,1,20260517,20260517
AVE_2026-05-172026-05-19097251,1,1,1,1,1,1,1,20260517,20260519
AVE_2026-05-172026-05-19097252,1,1,1,1,1,1,1,20260517,20260519
AVE_2026-05-172026-05-19097253,1,1,1,1,1,1,1,20260517,20260519
AVE_2026-05-182026-05-29004371,1,1,1,1,1,1,1,20260518,20260529
AVE_2026-05-182026-05-29004372,1,1,1,1,1,1,1,20260518,20260529
AVE_2026-05-182026-05-31097301,1,1,1,1,1,1,1,20260518,20260531
AVE_2026-05-182026-05-31097302,1,1,1,1,1,1,1,20260518,20260531
AVE_2026-05-182026-05-31097303,1,1,1,1,1,1,1,20260518,20260531
AVE_2026-05-202026-05-21097251,1,1,1,1,1,1,1,20260520,20260521
AVE_2026-05-202026-05-21097252,1,1,1,1,1,1,1,20260520,20260521
AVE_2026-05-202026-05-21097253,1,1,1,1,1,1,1,20260520,20260521
AVE_2026-05-222026-05-26097251,1,1,1,1,1,1,1,20260522,20260526
AVE_2026-05-222026-05-26097252,1,1,1,1,1,1,1,20260522,20260526
AVE_2026-05-222026-05-26097253,1,1,1,1,1,1,1,20260522,20260526
AVE_2026-05-252026-05-25033111,1,1,1,1,1,1,1,20260525,20260525
AVE_2026-05-252026-05-25033113,1,1,1,1,1,1,1,20260525,20260525
AVE_2026-05-262026-06-23033011,1,1,1,1,1,1,1,20260526,20260623
AVE_2026-05-262026-06-23033111,1,1,1,1,1,1,1,20260526,20260623
AVE_2026-05-272026-05-28097251,1,1,1,1,1,1,1,20260527,20260528
AVE_2026-05-272026-05-28097252,1,1,1,1,1,1,1,20260527,20260528
AVE_2026-05-272026-05-28097253,1,1,1,1,1,1,1,20260527,20260528
AVE_2026-05-292026-10-14097251,1,1,1,1,1,1,1,20260529,20261014
AVE_2026-05-292026-10-14097252,1,1,1,1,1,1,1,20260529,20261014
AVE_2026-05-292026-10-14097253,1,1,1,1,1,1,1,20260529,20261014
AVE_2026-05-302026-05-30097371,1,1,1,1,1,1,1,20260530,20260530
AVE_2026-05-302026-05-30097372,1,1,1,1,1,1,1,20260530,20260530
AVE_2026-05-302026-05-31004371,1,1,1,1,1,1,1,20260530,20260531
AVE_2026-05-302026-05-31004372,1,1,1,1,1,1,1,20260530,20260531
AVE_2026-05-312026-07-12097371,1,1,1,1,1,1,1,20260531,20260712
AVE_2026-05-312026-07-12097372,1,1,1,1,1,1,1,20260531,20260712
AVE_2026-06-012026-06-01004371,1,1,1,1,1,1,1,20260601,20260601
AVE_2026-06-012026-06-03031631,1,1,1,1,1,1,1,20260601,20260603
AVE_2026-06-012026-06-03031632,1,1,1,1,1,1,1,20260601,20260603
AVE_2026-06-012026-06-06030831,1,1,1,1,1,1,1,20260601,20260606
AVE_2026-06-012026-06-06031633,1,1,1,1,1,1,1,20260601,20260606
AVE_2026-06-012026-06-07097301,1,1,1,1,1,1,1,20260601,20260607
AVE_2026-06-012026-06-07097302,1,1,1,1,1,1,1,20260601,20260607
AVE_2026-06-012026-06-07097303,1,1,1,1,1,1,1,20260601,20260607
AVE_2026-06-012026-06-26004372,1,1,1,1,1,1,1,20260601,20260626
AVE_2026-06-012026-08-31348231,1,1,1,1,1,1,1,20260601,20260831
AVE_2026-06-012026-09-06010921,1,1,1,1,1,1,1,20260601,20260906
AVE_2026-06-012026-09-30030921,1,1,1,1,1,1,1,20260601,20260930
AVE_2026-06-012026-09-30030922,1,1,1,1,1,1,1,20260601,20260930
AVE_2026-06-012026-09-30030923,1,1,1,1,1,1,1,20260601,20260930
AVE_2026-06-022026-06-02004371,1,1,1,1,1,1,1,20260602,20260602
AVE_2026-06-032026-06-03004371,1,1,1,1,1,1,1,20260603,20260603
AVE_2026-06-042026-06-04004371,1,1,1,1,1,1,1,20260604,20260604
AVE_2026-06-042026-06-04031631,1,1,1,1,1,1,1,20260604,20260604
AVE_2026-06-042026-06-04031632,1,1,1,1,1,1,1,20260604,20260604
AVE_2026-06-052026-06-05004371,1,1,1,1,1,1,1,20260605,20260605
AVE_2026-06-052026-06-05031631,1,1,1,1,1,1,1,20260605,20260605
AVE_2026-06-052026-06-05031632,1,1,1,1,1,1,1,20260605,20260605
AVE_2026-06-062026-06-06004371,1,1,1,1,1,1,1,20260606,20260606
AVE_2026-06-062026-06-10031631,1,1,1,1,1,1,1,20260606,20260610
AVE_2026-06-062026-06-10031632,1,1,1,1,1,1,1,20260606,20260610
AVE_2026-06-072026-06-07004371,1,1,1,1,1,1,1,20260607,20260607
AVE_2026-06-072026-06-07030831,1,1,1,1,1,1,1,20260607,20260607
AVE_2026-06-072026-06-07031633,1,1,1,1,1,1,1,20260607,20260607
AVE_2026-06-082026-06-08004371,1,1,1,1,1,1,1,20260608,20260608
AVE_2026-06-082026-06-08097301,1,1,1,1,1,1,1,20260608,20260608
AVE_2026-06-082026-06-08097302,1,1,1,1,1,1,1,20260608,20260608
AVE_2026-06-082026-06-08097303,1,1,1,1,1,1,1,20260608,20260608
AVE_2026-06-082026-06-13030831,1,1,1,1,1,1,1,20260608,20260613
AVE_2026-06-082026-06-13031633,1,1,1,1,1,1,1,20260608,20260613
AVE_2026-06-092026-06-09004371,1,1,1,1,1,1,1,20260609,20260609
AVE_2026-06-092026-07-12097301,1,1,1,1,1,1,1,20260609,20260712
AVE_2026-06-092026-07-12097302,1,1,1,1,1,1,1,20260609,20260712
AVE_2026-06-092026-07-12097303,1,1,1,1,1,1,1,20260609,20260712
AVE_2026-06-102026-06-10004371,1,1,1,1,1,1,1,20260610,20260610
AVE_2026-06-112026-06-11004371,1,1,1,1,1,1,1,20260611,20260611
AVE_2026-06-112026-06-11031631,1,1,1,1,1,1,1,20260611,20260611
AVE_2026-06-112026-06-11031632,1,1,1,1,1,1,1,20260611,20260611
AVE_2026-06-122026-06-12004371,1,1,1,1,1,1,1,20260612,20260612
AVE_2026-06-122026-06-12031631,1,1,1,1,1,1,1,20260612,20260612
AVE_2026-06-122026-06-12031632,1,1,1,1,1,1,1,20260612,20260612
AVE_2026-06-132026-06-13004371,1,1,1,1,1,1,1,20260613,20260613
AVE_2026-06-132026-06-17031631,1,1,1,1,1,1,1,20260613,20260617
AVE_2026-06-132026-06-17031632,1,1,1,1,1,1,1,20260613,20260617
AVE_2026-06-142026-06-14004371,1,1,1,1,1,1,1,20260614,20260614
AVE_2026-06-142026-06-14030831,1,1,1,1,1,1,1,20260614,20260614
AVE_2026-06-142026-06-14031633,1,1,1,1,1,1,1,20260614,20260614
AVE_2026-06-152026-06-15004371,1,1,1,1,1,1,1,20260615,20260615
AVE_2026-06-152026-06-20030831,1,1,1,1,1,1,1,20260615,20260620
AVE_2026-06-152026-06-20031633,1,1,1,1,1,1,1,20260615,20260620
AVE_2026-06-162026-06-16004371,1,1,1,1,1,1,1,20260616,20260616
AVE_2026-06-172026-06-17004371,1,1,1,1,1,1,1,20260617,20260617
AVE_2026-06-182026-06-18004371,1,1,1,1,1,1,1,20260618,20260618
AVE_2026-06-182026-06-18031631,1,1,1,1,1,1,1,20260618,20260618
AVE_2026-06-182026-06-18031632,1,1,1,1,1,1,1,20260618,20260618
AVE_2026-06-192026-06-19004371,1,1,1,1,1,1,1,20260619,20260619
AVE_2026-06-192026-06-19031631,1,1,1,1,1,1,1,20260619,20260619
AVE_2026-06-192026-06-19031632,1,1,1,1,1,1,1,20260619,20260619
AVE_2026-06-202026-06-20004371,1,1,1,1,1,1,1,20260620,20260620
AVE_2026-06-202026-06-24031631,1,1,1,1,1,1,1,20260620,20260624
AVE_2026-06-202026-06-24031632,1,1,1,1,1,1,1,20260620,20260624
AVE_2026-06-212026-06-21004371,1,1,1,1,1,1,1,20260621,20260621
AVE_2026-06-212026-06-21030831,1,1,1,1,1,1,1,20260621,20260621
AVE_2026-06-212026-06-21031633,1,1,1,1,1,1,1,20260621,20260621
AVE_2026-06-222026-06-22004371,1,1,1,1,1,1,1,20260622,20260622
AVE_2026-06-222026-06-27030831,1,1,1,1,1,1,1,20260622,20260627
AVE_2026-06-222026-06-27031633,1,1,1,1,1,1,1,20260622,20260627
AVE_2026-06-232026-06-23004371,1,1,1,1,1,1,1,20260623,20260623
AVE_2026-06-242026-06-24004371,1,1,1,1,1,1,1,20260624,20260624
AVE_2026-06-242026-06-24033111,1,1,1,1,1,1,1,20260624,20260624
AVE_2026-06-242026-06-24033113,1,1,1,1,1,1,1,20260624,20260624
AVE_2026-06-252026-06-25004371,1,1,1,1,1,1,1,20260625,20260625
AVE_2026-06-252026-06-25031631,1,1,1,1,1,1,1,20260625,20260625
AVE_2026-06-252026-06-25031632,1,1,1,1,1,1,1,20260625,20260625
AVE_2026-06-252026-07-19033011,1,1,1,1,1,1,1,20260625,20260719
AVE_2026-06-252026-07-19033111,1,1,1,1,1,1,1,20260625,20260719
AVE_2026-06-262026-06-26004371,1,1,1,1,1,1,1,20260626,20260626
AVE_2026-06-262026-06-26030821,1,1,1,1,1,1,1,20260626,20260626
AVE_2026-06-262026-06-26031631,1,1,1,1,1,1,1,20260626,20260626
AVE_2026-06-262026-06-26031632,1,1,1,1,1,1,1,20260626,20260626
AVE_2026-06-272026-06-27004371,1,1,1,1,1,1,1,20260627,20260627
AVE_2026-06-272026-06-28004372,1,1,1,1,1,1,1,20260627,20260628
AVE_2026-06-272026-07-01031631,1,1,1,1,1,1,1,20260627,20260701
AVE_2026-06-272026-07-01031632,1,1,1,1,1,1,1,20260627,20260701
AVE_2026-06-272026-10-14030821,1,1,1,1,1,1,1,20260627,20261014
AVE_2026-06-282026-06-28004371,1,1,1,1,1,1,1,20260628,20260628
AVE_2026-06-282026-06-28030831,1,1,1,1,1,1,1,20260628,20260628
AVE_2026-06-282026-06-28031633,1,1,1,1,1,1,1,20260628,20260628
AVE_2026-06-292026-06-29004371,1,1,1,1,1,1,1,20260629,20260629
AVE_2026-06-292026-07-03004372,1,1,1,1,1,1,1,20260629,20260703
AVE_2026-06-292026-07-04030831,1,1,1,1,1,1,1,20260629,20260704
AVE_2026-06-292026-07-04031633,1,1,1,1,1,1,1,20260629,20260704
AVE_2026-06-302026-06-30004371,1,1,1,1,1,1,1,20260630,20260630
AVE_2026-07-012026-07-01004371,1,1,1,1,1,1,1,20260701,20260701
AVE_2026-07-022026-07-02004371,1,1,1,1,1,1,1,20260702,20260702
AVE_2026-07-022026-07-02031631,1,1,1,1,1,1,1,20260702,20260702
AVE_2026-07-022026-07-02031632,1,1,1,1,1,1,1,20260702,20260702
AVE_2026-07-032026-07-03004371,1,1,1,1,1,1,1,20260703,20260703
AVE_2026-07-032026-07-03031631,1,1,1,1,1,1,1,20260703,20260703
AVE_2026-07-032026-07-03031632,1,1,1,1,1,1,1,20260703,20260703
AVE_2026-07-042026-07-04004371,1,1,1,1,1,1,1,20260704,20260704
AVE_2026-07-042026-07-05004372,1,1,1,1,1,1,1,20260704,20260705
AVE_2026-07-042026-07-08031631,1,1,1,1,1,1,1,20260704,20260708
AVE_2026-07-042026-07-08031632,1,1,1,1,1,1,1,20260704,20260708
AVE_2026-07-052026-07-05004371,1,1,1,1,1,1,1,20260705,20260705
AVE_2026-07-052026-07-05030831,1,1,1,1,1,1,1,20260705,20260705
AVE_2026-07-052026-07-05031633,1,1,1,1,1,1,1,20260705,20260705
AVE_2026-07-062026-07-06004371,1,1,1,1,1,1,1,20260706,20260706
AVE_2026-07-062026-07-11030831,1,1,1,1,1,1,1,20260706,20260711
AVE_2026-07-062026-07-11031633,1,1,1,1,1,1,1,20260706,20260711
AVE_2026-07-062026-07-17004372,1,1,1,1,1,1,1,20260706,20260717
AVE_2026-07-072026-07-07004371,1,1,1,1,1,1,1,20260707,20260707
AVE_2026-07-082026-07-08004371,1,1,1,1,1,1,1,20260708,20260708
AVE_2026-07-092026-07-09004371,1,1,1,1,1,1,1,20260709,20260709
AVE_2026-07-092026-07-09031631,1,1,1,1,1,1,1,20260709,20260709
AVE_2026-07-092026-07-09031632,1,1,1,1,1,1,1,20260709,20260709
AVE_2026-07-102026-07-10004371,1,1,1,1,1,1,1,20260710,20260710
AVE_2026-07-102026-07-10031631,1,1,1,1,1,1,1,20260710,20260710
AVE_2026-07-102026-07-10031632,1,1,1,1,1,1,1,20260710,20260710
AVE_2026-07-112026-07-11004371,1,1,1,1,1,1,1,20260711,20260711
AVE_2026-07-112026-07-15031631,1,1,1,1,1,1,1,20260711,20260715
AVE_2026-07-112026-07-15031632,1,1,1,1,1,1,1,20260711,20260715
AVE_2026-07-122026-07-12004371,1,1,1,1,1,1,1,20260712,20260712
AVE_2026-07-122026-07-12030831,1,1,1,1,1,1,1,20260712,20260712
AVE_2026-07-122026-07-12031633,1,1,1,1,1,1,1,20260712,20260712
AVE_2026-07-132026-07-13004371,1,1,1,1,1,1,1,20260713,20260713
AVE_2026-07-132026-07-18030831,1,1,1,1,1,1,1,20260713,20260718
AVE_2026-07-132026-07-18031633,1,1,1,1,1,1,1,20260713,20260718
AVE_2026-07-132026-10-14097301,1,1,1,1,1,1,1,20260713,20261014
AVE_2026-07-132026-10-14097302,1,1,1,1,1,1,1,20260713,20261014
AVE_2026-07-132026-10-14097303,1,1,1,1,1,1,1,20260713,20261014
AVE_2026-07-132026-10-14097371,1,1,1,1,1,1,1,20260713,20261014
AVE_2026-07-132026-10-14097372,1,1,1,1,1,1,1,20260713,20261014
AVE_2026-07-132026-10-14097421,1,1,1,1,1,1,1,20260713,20261014
AVE_2026-07-132026-10-14097422,1,1,1,1,1,1,1,20260713,20261014
AVE_2026-07-142026-07-14004371,1,1,1,1,1,1,1,20260714,20260714
AVE_2026-07-152026-07-15004371,1,1,1,1,1,1,1,20260715,20260715
AVE_2026-07-162026-07-16004371,1,1,1,1,1,1,1,20260716,20260716
AVE_2026-07-162026-07-16031631,1,1,1,1,1,1,1,20260716,20260716
AVE_2026-07-162026-07-16031632,1,1,1,1,1,1,1,20260716,20260716
AVE_2026-07-172026-07-17004371,1,1,1,1,1,1,1,20260717,20260717
AVE_2026-07-172026-07-17031631,1,1,1,1,1,1,1,20260717,20260717
AVE_2026-07-172026-07-17031632,1,1,1,1,1,1,1,20260717,20260717
AVE_2026-07-182026-07-18004371,1,1,1,1,1,1,1,20260718,20260718
AVE_2026-07-182026-07-19004372,1,1,1,1,1,1,1,20260718,20260719
AVE_2026-07-182026-07-22031631,1,1,1,1,1,1,1,20260718,20260722
AVE_2026-07-182026-07-22031632,1,1,1,1,1,1,1,20260718,20260722
AVE_2026-07-192026-07-19004371,1,1,1,1,1,1,1,20260719,20260719
AVE_2026-07-192026-07-19030831,1,1,1,1,1,1,1,20260719,20260719
AVE_2026-07-192026-07-19031633,1,1,1,1,1,1,1,20260719,20260719
AVE_2026-07-202026-07-20004371,1,1,1,1,1,1,1,20260720,20260720
AVE_2026-07-202026-07-24004372,1,1,1,1,1,1,1,20260720,20260724
AVE_2026-07-202026-07-25030831,1,1,1,1,1,1,1,20260720,20260725
AVE_2026-07-202026-07-25031633,1,1,1,1,1,1,1,20260720,20260725
AVE_2026-07-202026-08-31033111,1,1,1,1,1,1,1,20260720,20260831
AVE_2026-07-202026-08-31033113,1,1,1,1,1,1,1,20260720,20260831
AVE_2026-07-202026-09-06342621,1,1,1,1,1,1,1,20260720,20260906
AVE_2026-07-212026-07-21004371,1,1,1,1,1,1,1,20260721,20260721
AVE_2026-07-222026-07-22004371,1,1,1,1,1,1,1,20260722,20260722
AVE_2026-07-232026-07-23004371,1,1,1,1,1,1,1,20260723,20260723
AVE_2026-07-232026-07-23031631,1,1,1,1,1,1,1,20260723,20260723
AVE_2026-07-232026-07-23031632,1,1,1,1,1,1,1,20260723,20260723
AVE_2026-07-242026-07-24004371,1,1,1,1,1,1,1,20260724,20260724
AVE_2026-07-242026-07-24031631,1,1,1,1,1,1,1,20260724,20260724
AVE_2026-07-242026-07-24031632,1,1,1,1,1,1,1,20260724,20260724
AVE_2026-07-252026-07-25004371,1,1,1,1,1,1,1,20260725,20260725
AVE_2026-07-252026-07-26004372,1,1,1,1,1,1,1,20260725,20260726
AVE_2026-07-252026-07-29031631,1,1,1,1,1,1,1,20260725,20260729
AVE_2026-07-252026-07-29031632,1,1,1,1,1,1,1,20260725,20260729
AVE_2026-07-262026-07-26004371,1,1,1,1,1,1,1,20260726,20260726
AVE_2026-07-262026-07-26030831,1,1,1,1,1,1,1,20260726,20260726
AVE_2026-07-262026-07-26031633,1,1,1,1,1,1,1,20260726,20260726
AVE_2026-07-272026-07-27004371,1,1,1,1,1,1,1,20260727,20260727
AVE_2026-07-272026-07-31004372,1,1,1,1,1,1,1,20260727,20260731
AVE_2026-07-272026-08-01030831,1,1,1,1,1,1,1,20260727,20260801
AVE_2026-07-272026-08-01031633,1,1,1,1,1,1,1,20260727,20260801
AVE_2026-07-282026-07-28004371,1,1,1,1,1,1,1,20260728,20260728
AVE_2026-07-292026-07-29004371,1,1,1,1,1,1,1,20260729,20260729
AVE_2026-07-302026-07-30004371,1,1,1,1,1,1,1,20260730,20260730
AVE_2026-07-302026-07-30031631,1,1,1,1,1,1,1,20260730,20260730
AVE_2026-07-302026-07-30031632,1,1,1,1,1,1,1,20260730,20260730
AVE_2026-07-312026-07-31004371,1,1,1,1,1,1,1,20260731,20260731
AVE_2026-07-312026-07-31031631,1,1,1,1,1,1,1,20260731,20260731
AVE_2026-07-312026-07-31031632,1,1,1,1,1,1,1,20260731,20260731
AVE_2026-08-012026-08-01004371,1,1,1,1,1,1,1,20260801,20260801
AVE_2026-08-012026-08-02004372,1,1,1,1,1,1,1,20260801,20260802
AVE_2026-08-012026-08-05031631,1,1,1,1,1,1,1,20260801,20260805
AVE_2026-08-012026-08-05031632,1,1,1,1,1,1,1,20260801,20260805
AVE_2026-08-022026-08-02004371,1,1,1,1,1,1,1,20260802,20260802
AVE_2026-08-022026-08-02030831,1,1,1,1,1,1,1,20260802,20260802
AVE_2026-08-022026-08-02031633,1,1,1,1,1,1,1,20260802,20260802
AVE_2026-08-032026-08-03004371,1,1,1,1,1,1,1,20260803,20260803
AVE_2026-08-032026-08-08030831,1,1,1,1,1,1,1,20260803,20260808
AVE_2026-08-032026-08-08031633,1,1,1,1,1,1,1,20260803,20260808
AVE_2026-08-032026-08-14004372,1,1,1,1,1,1,1,20260803,20260814
AVE_2026-08-042026-08-04004371,1,1,1,1,1,1,1,20260804,20260804
AVE_2026-08-052026-08-05004371,1,1,1,1,1,1,1,20260805,20260805
AVE_2026-08-062026-08-06004371,1,1,1,1,1,1,1,20260806,20260806
AVE_2026-08-062026-08-06031631,1,1,1,1,1,1,1,20260806,20260806
AVE_2026-08-062026-08-06031632,1,1,1,1,1,1,1,20260806,20260806
AVE_2026-08-072026-08-07004371,1,1,1,1,1,1,1,20260807,20260807
AVE_2026-08-072026-08-07031631,1,1,1,1,1,1,1,20260807,20260807
AVE_2026-08-072026-08-07031632,1,1,1,1,1,1,1,20260807,20260807
AVE_2026-08-082026-08-08004371,1,1,1,1,1,1,1,20260808,20260808
AVE_2026-08-082026-08-12031631,1,1,1,1,1,1,1,20260808,20260812
AVE_2026-08-082026-08-12031632,1,1,1,1,1,1,1,20260808,20260812
AVE_2026-08-092026-08-09004371,1,1,1,1,1,1,1,20260809,20260809
AVE_2026-08-092026-08-09030831,1,1,1,1,1,1,1,20260809,20260809
AVE_2026-08-092026-08-09031633,1,1,1,1,1,1,1,20260809,20260809
AVE_2026-08-102026-08-10004371,1,1,1,1,1,1,1,20260810,20260810
AVE_2026-08-102026-08-15030831,1,1,1,1,1,1,1,20260810,20260815
AVE_2026-08-102026-08-15031633,1,1,1,1,1,1,1,20260810,20260815
AVE_2026-08-112026-08-11004371,1,1,1,1,1,1,1,20260811,20260811
AVE_2026-08-122026-08-12004371,1,1,1,1,1,1,1,20260812,20260812
AVE_2026-08-132026-08-13004371,1,1,1,1,1,1,1,20260813,20260813
AVE_2026-08-132026-08-13031631,1,1,1,1,1,1,1,20260813,20260813
AVE_2026-08-132026-08-13031632,1,1,1,1,1,1,1,20260813,20260813
AVE_2026-08-142026-08-14004371,1,1,1,1,1,1,1,20260814,20260814
AVE_2026-08-142026-08-14031631,1,1,1,1,1,1,1,20260814,20260814
AVE_2026-08-142026-08-14031632,1,1,1,1,1,1,1,20260814,20260814
AVE_2026-08-152026-08-15004371,1,1,1,1,1,1,1,20260815,20260815
AVE_2026-08-152026-08-16004372,1,1,1,1,1,1,1,20260815,20260816
AVE_2026-08-152026-08-19031631,1,1,1,1,1,1,1,20260815,20260819
AVE_2026-08-152026-08-19031632,1,1,1,1,1,1,1,20260815,20260819
AVE_2026-08-162026-08-16004371,1,1,1,1,1,1,1,20260816,20260816
AVE_2026-08-162026-08-16030831,1,1,1,1,1,1,1,20260816,20260816
AVE_2026-08-162026-08-16031633,1,1,1,1,1,1,1,20260816,20260816
AVE_2026-08-172026-08-17004371,1,1,1,1,1,1,1,20260817,20260817
AVE_2026-08-172026-08-22030831,1,1,1,1,1,1,1,20260817,20260822
AVE_2026-08-172026-08-22031633,1,1,1,1,1,1,1,20260817,20260822
AVE_2026-08-172026-08-28004372,1,1,1,1,1,1,1,20260817,20260828
AVE_2026-08-182026-08-18004371,1,1,1,1,1,1,1,20260818,20260818
AVE_2026-08-192026-08-19004371,1,1,1,1,1,1,1,20260819,20260819
AVE_2026-08-202026-08-20004371,1,1,1,1,1,1,1,20260820,20260820
AVE_2026-08-202026-08-20031631,1,1,1,1,1,1,1,20260820,20260820
AVE_2026-08-202026-08-20031632,1,1,1,1,1,1,1,20260820,20260820
AVE_2026-08-212026-08-21004371,1,1,1,1,1,1,1,20260821,20260821
AVE_2026-08-212026-08-21031631,1,1,1,1,1,1,1,20260821,20260821
AVE_2026-08-212026-08-21031632,1,1,1,1,1,1,1,20260821,20260821
AVE_2026-08-222026-08-22004371,1,1,1,1,1,1,1,20260822,20260822
AVE_2026-08-222026-08-26031631,1,1,1,1,1,1,1,20260822,20260826
AVE_2026-08-222026-08-26031632,1,1,1,1,1,1,1,20260822,20260826
AVE_2026-08-232026-08-23004371,1,1,1,1,1,1,1,20260823,20260823
AVE_2026-08-232026-08-23030831,1,1,1,1,1,1,1,20260823,20260823
AVE_2026-08-232026-08-23031633,1,1,1,1,1,1,1,20260823,20260823
AVE_2026-08-242026-08-24004371,1,1,1,1,1,1,1,20260824,20260824
AVE_2026-08-242026-08-29030831,1,1,1,1,1,1,1,20260824,20260829
AVE_2026-08-242026-08-29031633,1,1,1,1,1,1,1,20260824,20260829
AVE_2026-08-252026-08-25004371,1,1,1,1,1,1,1,20260825,20260825
AVE_2026-08-262026-08-26004371,1,1,1,1,1,1,1,20260826,20260826
AVE_2026-08-272026-08-27004371,1,1,1,1,1,1,1,20260827,20260827
AVE_2026-08-272026-08-27031631,1,1,1,1,1,1,1,20260827,20260827
AVE_2026-08-272026-08-27031632,1,1,1,1,1,1,1,20260827,20260827
AVE_2026-08-282026-08-28004371,1,1,1,1,1,1,1,20260828,20260828
AVE_2026-08-282026-08-28031631,1,1,1,1,1,1,1,20260828,20260828
AVE_2026-08-282026-08-28031632,1,1,1,1,1,1,1,20260828,20260828
AVE_2026-08-292026-08-29004371,1,1,1,1,1,1,1,20260829,20260829
AVE_2026-08-292026-08-30004372,1,1,1,1,1,1,1,20260829,20260830
AVE_2026-08-292026-09-02031631,1,1,1,1,1,1,1,20260829,20260902
AVE_2026-08-292026-09-02031632,1,1,1,1,1,1,1,20260829,20260902
AVE_2026-08-292026-10-14033012,1,1,1,1,1,1,1,20260829,20261014
AVE_2026-08-292026-10-14033014,1,1,1,1,1,1,1,20260829,20261014
AVE_2026-08-302026-08-30004371,1,1,1,1,1,1,1,20260830,20260830
AVE_2026-08-302026-08-30030831,1,1,1,1,1,1,1,20260830,20260830
AVE_2026-08-302026-08-30031633,1,1,1,1,1,1,1,20260830,20260830
AVE_2026-08-312026-08-31004371,1,1,1,1,1,1,1,20260831,20260831
AVE_2026-08-312026-09-05030831,1,1,1,1,1,1,1,20260831,20260905
AVE_2026-08-312026-09-05031633,1,1,1,1,1,1,1,20260831,20260905
AVE_2026-08-312026-09-11004372,1,1,1,1,1,1,1,20260831,20260911
AVE_2026-09-012026-09-01004371,1,1,1,1,1,1,1,20260901,20260901
AVE_2026-09-012026-09-23033011,1,1,1,1,1,1,1,20260901,20260923
AVE_2026-09-012026-09-23033111,1,1,1,1,1,1,1,20260901,20260923
AVE_2026-09-012026-10-14348231,1,1,1,1,1,1,1,20260901,20261014
AVE_2026-09-022026-09-02004371,1,1,1,1,1,1,1,20260902,20260902
AVE_2026-09-032026-09-03004371,1,1,1,1,1,1,1,20260903,20260903
AVE_2026-09-032026-09-03031631,1,1,1,1,1,1,1,20260903,20260903
AVE_2026-09-032026-09-03031632,1,1,1,1,1,1,1,20260903,20260903
AVE_2026-09-042026-09-04004371,1,1,1,1,1,1,1,20260904,20260904
AVE_2026-09-042026-09-04031631,1,1,1,1,1,1,1,20260904,20260904
AVE_2026-09-042026-09-04031632,1,1,1,1,1,1,1,20260904,20260904
AVE_2026-09-052026-09-05004371,1,1,1,1,1,1,1,20260905,20260905
AVE_2026-09-052026-09-09031631,1,1,1,1,1,1,1,20260905,20260909
AVE_2026-09-052026-09-09031632,1,1,1,1,1,1,1,20260905,20260909
AVE_2026-09-062026-09-06004371,1,1,1,1,1,1,1,20260906,20260906
AVE_2026-09-062026-09-06030831,1,1,1,1,1,1,1,20260906,20260906
AVE_2026-09-062026-09-06031633,1,1,1,1,1,1,1,20260906,20260906
AVE_2026-09-072026-09-07004371,1,1,1,1,1,1,1,20260907,20260907
AVE_2026-09-072026-09-12030831,1,1,1,1,1,1,1,20260907,20260912
AVE_2026-09-072026-09-12031633,1,1,1,1,1,1,1,20260907,20260912
AVE_2026-09-072026-10-14342621,1,1,1,1,1,1,1,20260907,20261014
AVE_2026-09-082026-09-08004371,1,1,1,1,1,1,1,20260908,20260908
AVE_2026-09-092026-09-09004371,1,1,1,1,1,1,1,20260909,20260909
AVE_2026-09-102026-09-10004371,1,1,1,1,1,1,1,20260910,20260910
AVE_2026-09-102026-09-10031631,1,1,1,1,1,1,1,20260910,20260910
AVE_2026-09-102026-09-10031632,1,1,1,1,1,1,1,20260910,20260910
AVE_2026-09-112026-09-11004371,1,1,1,1,1,1,1,20260911,20260911
AVE_2026-09-112026-09-11031631,1,1,1,1,1,1,1,20260911,20260911
AVE_2026-09-112026-09-11031632,1,1,1,1,1,1,1,20260911,20260911
AVE_2026-09-122026-09-12004371,1,1,1,1,1,1,1,20260912,20260912
AVE_2026-09-122026-09-13004372,1,1,1,1,1,1,1,20260912,20260913
AVE_2026-09-122026-09-16031631,1,1,1,1,1,1,1,20260912,20260916
AVE_2026-09-122026-09-16031632,1,1,1,1,1,1,1,20260912,20260916
AVE_2026-09-132026-09-13004371,1,1,1,1,1,1,1,20260913,20260913
AVE_2026-09-132026-09-13030831,1,1,1,1,1,1,1,20260913,20260913
AVE_2026-09-132026-09-13031633,1,1,1,1,1,1,1,20260913,20260913
AVE_2026-09-142026-09-14004371,1,1,1,1,1,1,1,20260914,20260914
AVE_2026-09-142026-09-19030831,1,1,1,1,1,1,1,20260914,20260919
AVE_2026-09-142026-09-19031633,1,1,1,1,1,1,1,20260914,20260919
AVE_2026-09-142026-09-25004372,1,1,1,1,1,1,1,20260914,20260925
AVE_2026-09-152026-09-15004371,1,1,1,1,1,1,1,20260915,20260915
AVE_2026-09-162026-09-16004371,1,1,1,1,1,1,1,20260916,20260916
AVE_2026-09-172026-09-17004371,1,1,1,1,1,1,1,20260917,20260917
AVE_2026-09-172026-09-17031631,1,1,1,1,1,1,1,20260917,20260917
AVE_2026-09-172026-09-17031632,1,1,1,1,1,1,1,20260917,20260917
AVE_2026-09-182026-09-18004371,1,1,1,1,1,1,1,20260918,20260918
AVE_2026-09-182026-09-18031631,1,1,1,1,1,1,1,20260918,20260918
AVE_2026-09-182026-09-18031632,1,1,1,1,1,1,1,20260918,20260918
AVE_2026-09-192026-09-19004371,1,1,1,1,1,1,1,20260919,20260919
AVE_2026-09-192026-09-23031631,1,1,1,1,1,1,1,20260919,20260923
AVE_2026-09-192026-09-23031632,1,1,1,1,1,1,1,20260919,20260923
AVE_2026-09-202026-09-20004371,1,1,1,1,1,1,1,20260920,20260920
AVE_2026-09-202026-09-20030831,1,1,1,1,1,1,1,20260920,20260920
AVE_2026-09-202026-09-20031633,1,1,1,1,1,1,1,20260920,20260920
AVE_2026-09-212026-09-21004371,1,1,1,1,1,1,1,20260921,20260921
AVE_2026-09-212026-09-26030831,1,1,1,1,1,1,1,20260921,20260926
AVE_2026-09-212026-09-26031633,1,1,1,1,1,1,1,20260921,20260926
AVE_2026-09-222026-09-22004371,1,1,1,1,1,1,1,20260922,20260922
AVE_2026-09-232026-09-23004371,1,1,1,1,1,1,1,20260923,20260923
AVE_2026-09-242026-09-24004371,1,1,1,1,1,1,1,20260924,20260924
AVE_2026-09-242026-09-24031631,1,1,1,1,1,1,1,20260924,20260924
AVE_2026-09-242026-09-24031632,1,1,1,1,1,1,1,20260924,20260924
AVE_2026-09-242026-09-24033111,1,1,1,1,1,1,1,20260924,20260924
AVE_2026-09-242026-09-24033113,1,1,1,1,1,1,1,20260924,20260924
AVE_2026-09-252026-09-25004371,1,1,1,1,1,1,1,20260925,20260925
AVE_2026-09-252026-09-25031631,1,1,1,1,1,1,1,20260925,20260925
AVE_2026-09-252026-09-25031632,1,1,1,1,1,1,1,20260925,20260925
AVE_2026-09-252026-10-11033011,1,1,1,1,1,1,1,20260925,20261011
AVE_2026-09-252026-10-11033111,1,1,1,1,1,1,1,20260925,20261011
AVE_2026-09-262026-09-26004371,1,1,1,1,1,1,1,20260926,20260926
AVE_2026-09-262026-09-27004372,1,1,1,1,1,1,1,20260926,20260927
AVE_2026-09-262026-09-30031631,1,1,1,1,1,1,1,20260926,20260930
AVE_2026-09-262026-09-30031632,1,1,1,1,1,1,1,20260926,20260930
AVE_2026-09-272026-09-27004371,1,1,1,1,1,1,1,20260927,20260927
AVE_2026-09-272026-09-27030831,1,1,1,1,1,1,1,20260927,20260927
AVE_2026-09-272026-09-27031633,1,1,1,1,1,1,1,20260927,20260927
AVE_2026-09-282026-09-28004371,1,1,1,1,1,1,1,20260928,20260928
AVE_2026-09-282026-09-30030831,1,1,1,1,1,1,1,20260928,20260930
AVE_2026-09-282026-10-09004372,1,1,1,1,1,1,1,20260928,20261009
AVE_2026-09-292026-09-29004371,1,1,1,1,1,1,1,20260929,20260929
AVE_2026-09-302026-09-30004371,1,1,1,1,1,1,1,20260930,20260930
AVE_2026-10-012026-10-01004371,1,1,1,1,1,1,1,20261001,20261001
AVE_2026-10-012026-10-14030921,1,1,1,1,1,1,1,20261001,20261014
AVE_2026-10-012026-10-14031631,1,1,1,1,1,1,1,20261001,20261014
AVE_2026-10-022026-10-02004371,1,1,1,1,1,1,1,20261002,20261002
AVE_2026-10-032026-10-03004371,1,1,1,1,1,1,1,20261003,20261003
AVE_2026-10-042026-10-04004371,1,1,1,1,1,1,1,20261004,20261004
AVE_2026-10-052026-10-05004371,1,1,1,1,1,1,1,20261005,20261005
AVE_2026-10-062026-10-06004371,1,1,1,1,1,1,1,20261006,20261006
AVE_2026-10-072026-10-07004371,1,1,1,1,1,1,1,20261007,20261007
AVE_2026-10-082026-10-08004371,1,1,1,1,1,1,1,20261008,20261008
AVE_2026-10-092026-10-09004371,1,1,1,1,1,1,1,20261009,20261009
AVE_2026-10-102026-10-10004371,1,1,1,1,1,1,1,20261010,20261010
AVE_2026-10-102026-10-11004372,1,1,1,1,1,1,1,20261010,20261011
AVE_2026-10-112026-10-11004371,1,1,1,1,1,1,1,20261011,20261011
AVE_2026-10-122026-10-12004371,1,1,1,1,1,1,1,20261012,20261012
AVE_2026-10-122026-10-12033111,1,1,1,1,1,1,1,20261012,20261012
AVE_2026-10-122026-10-14004372,1,1,1,1,1,1,1,20261012,20261014
AVE_2026-10-122026-10-14033113,1,1,1,1,1,1,1,20261012,20261014
AVE_2026-10-122026-10-14341911,1,1,1,1,1,1,1,20261012,20261014
AVE_2026-10-132026-10-13004371,1,1,1,1,1,1,1,20261013,20261013
AVE_2026-10-132026-10-14033011,1,1,1,1,1,1,1,20261013,20261014
AVE_2026-10-142026-10-14004371,1,1,1,1,1,1,1,20261014,20261014
BGE_07500011445,1,1,1,1,1,1,0,20200622,20261231
BGE_07501011520,1,1,1,1,1,1,0,20200622,20261231
BGE_07501021345,1,1,1,1,1,1,0,20230904,20261231
BGE_07520060745,1,1,1,1,1,1,0,20200622,20261231
BGE_07520061630,0,0,0,0,0,1,0,20200622,20261231
BGE_07520071630,1,1,1,1,1,0,0,20211112,20261231
BGE_07521060820,0,0,0,0,0,1,0,20200622,20261231
BGE_07521061720,1,1,1,1,1,1,0,20200622,20261231
BGE_07521070820,1,1,1,1,1,0,0,20211112,20261231
BGE_07580010630,1,1,1,1,1,1,0,20200623,20261231
BGE_07581010730,1,1,1,1,1,1,0,20200623,20261231
BGE_07770011000,1,1,1,1,1,0,0,20240909,20261231
BGE_07770020830,1,1,1,1,1,0,0,20200914,20261231
BGE_07770041645,1,1,1,1,1,0,0,20200914,20261231
BGE_07770100650,1,1,1,1,1,0,0,20200914,20261231
BGE_07770101330,0,0,0,0,1,0,0,20200914,20261231
BGE_07770101445,1,1,1,1,1,0,0,20200914,20261231
BGE_07770101600,1,1,1,1,0,0,0,20200914,20261231
BGE_07771011815,1,1,1,1,1,0,0,20200914,20261231
BGE_07771020725,1,1,1,1,1,0,0,20200914,20261231
BGE_07771020905,1,1,1,1,1,0,0,20200914,20261231
BGE_07771021405,0,0,0,0,1,0,0,20200914,20261231
BGE_07771021550,1,1,1,1,1,0,0,20200914,20261231
BGE_07771021635,1,1,1,1,0,0,0,20200914,20261231
BGE_07771031515,1,1,1,1,1,0,0,20200914,20261231
BGE_07771040745,1,1,1,1,1,0,0,20180101,20261231
BGE_07771100905,1,1,1,1,1,0,0,20200914,20261231
BGE_07790011445,1,1,1,1,1,0,0,20200914,20261231
BGE_07791020715,1,1,1,1,1,0,0,20200914,20261231
BGE_07810040600,1,1,1,1,1,1,0,20250506,20261231
BGE_07810040800,1,1,1,1,1,1,0,20250506,20261231
BGE_07810041000,1,1,1,1,1,1,0,20250506,20261231
BGE_07810041200,1,1,1,1,1,1,0,20250506,20261231
BGE_07810041400,1,1,1,1,1,1,0,20250506,20261231
BGE_07810041600,1,1,1,1,1,1,0,20250506,20261231
BGE_07810041800,1,1,1,1,1,1,0,20250506,20261231
BGE_07810042000,1,1,1,1,1,1,0,20250506,20261231
BGE_07811030705,1,1,1,1,1,1,0,20230904,20261231
BGE_07811030905,1,1,1,1,1,1,0,20230904,20261231
BGE_07811031105,1,1,1,1,1,1,0,20230904,20261231
BGE_07811031305,1,1,1,1,1,1,0,20230904,20261231
BGE_07811031505,1,1,1,1,1,1,0,20230904,20261231
BGE_07811031705,1,1,1,1,1,1,0,20230904,20261231
BGE_07811031905,1,1,1,1,1,1,0,20230904,20261231
BGE_07811032105,1,1,1,1,1,1,0,20230904,20261231
BGE_07820010615,1,1,1,1,1,0,0,20231204,20261231
BGE_07820010700,1,1,1,1,1,0,0,20231204,20261231
BGE_07820010715,0,0,0,0,0,1,0,20231204,20261231
BGE_07820010815,1,1,1,1,1,1,0,20231204,20261231
BGE_07820010845,1,1,1,1,1,0,0,20231204,20261231
BGE_07820010915,1,1,1,1,1,1,0,20231204,20261231
BGE_07820010945,1,1,1,1,1,1,0,20231204,20261231
BGE_07820011015,1,1,1,1,1,1,0,20231204,20261231
BGE_07820011045,1,1,1,1,1,1,0,20231204,20261231
BGE_07820011115,1,1,1,1,1,1,0,20231204,20261231
BGE_07820011215,1,1,1,1,1,1,0,20231204,20261231
BGE_07820011315,1,1,1,1,1,1,0,20231204,20261231
BGE_07820011415,1,1,1,1,1,0,0,20231204,20261231
BGE_07820011515,1,1,1,1,1,0,0,20231204,20261231
BGE_07820011615,1,1,1,1,1,0,0,20231204,20261231
BGE_07820011715,1,1,1,1,1,0,0,20231204,20261231
BGE_07820011815,1,1,1,1,1,0,0,20231204,20261231
BGE_07820011915,1,1,1,1,1,0,0,20231204,20261231
BGE_07820011945,1,1,1,1,1,0,0,20231204,20261231
BGE_07820012015,1,1,1,1,1,0,0,20231204,20261231
BGE_07820012115,1,1,1,1,1,0,0,20231204,20261231
BGE_07820021415,0,0,0,0,0,1,0,20231204,20261231
BGE_07820021515,0,0,0,0,0,1,0,20231204,20261231
BGE_07820021615,0,0,0,0,0,1,0,20231204,20261231
BGE_07820021715,0,0,0,0,0,1,0,20231204,20261231
BGE_07820021815,0,0,0,0,0,1,0,20231204,20261231
BGE_07820021915,0,0,0,0,0,1,0,20231204,20261231
BGE_07820022015,0,0,0,0,0,1,0,20231204,20261231
BGE_07820022115,0,0,0,0,0,1,0,20231204,20261231
BGE_07821010630,1,1,1,1,1,0,0,20231204,20261231
BGE_07821010700,1,1,1,1,1,0,0,20231204,20261231
BGE_07821010800,1,1,1,1,1,1,0,20231204,20261231
BGE_07821010900,1,1,1,1,1,1,0,20231204,20261231
BGE_07821010930,1,1,1,1,1,0,0,20231204,20261231
BGE_07821011000,1,1,1,1,1,1,0,20231204,20261231
BGE_07821011030,1,1,1,1,1,1,0,20231204,20261231
BGE_07821011100,1,1,1,1,1,1,0,20231204,20261231
BGE_07821011130,1,1,1,1,1,1,0,20231204,20261231
BGE_07821011200,1,1,1,1,1,1,0,20231204,20261231
BGE_07821011300,1,1,1,1,1,1,0,20231204,20261231
BGE_07821011400,1,1,1,1,1,0,0,20231204,20261231
BGE_07821011500,1,1,1,1,1,0,0,20231204,20261231
BGE_07821011600,1,1,1,1,1,0,0,20231204,20261231
BGE_07821011700,1,1,1,1,1,0,0,20231204,20261231
BGE_07821011800,1,1,1,1,1,0,0,20231204,20261231
BGE_07821011900,1,1,1,1,1,0,0,20231204,20261231
BGE_07821012000,1,1,1,1,1,0,0,20231204,20261231
BGE_07821012030,1,1,1,1,1,0,0,20231204,20261231
BGE_07821012100,1,1,1,1,1,0,0,20231204,20261231
BGE_07821021400,0,0,0,0,0,1,0,20231204,20261231
BGE_07821021500,0,0,0,0,0,1,0,20231204,20261231
BGE_07821021600,0,0,0,0,0,1,0,20231204,20261231
BGE_07821021700,0,0,0,0,0,1,0,20231204,20261231
BGE_07821021800,0,0,0,0,0,1,0,20231204,20261231
BGE_07821021900,0,0,0,0,0,1,0,20231204,20261231
BGE_07821022000,0,0,0,0,0,1,0,20231204,20261231
BGE_07821022100,0,0,0,0,0,1,0,20231204,20261231
BGE_07840030900,1,1,1,1,1,1,0,20250506,20261231
BGE_07840031100,1,1,1,1,1,1,0,20250506,20261231
BGE_07840031500,1,1,1,1,1,1,0,20250506,20261231
BGE_07840031700,1,1,1,1,1,1,0,20250506,20261231
BGE_07840040700,0,0,0,0,0,1,0,20250506,20261231
BGE_07840041300,1,1,1,1,1,1,0,20250506,20261231
BGE_07840041900,1,1,1,1,1,1,0,20250506,20261231
BGE_07840042100,1,1,1,1,1,1,0,20250506,20261231
BGE_07840050700,1,1,1,1,1,0,0,20250506,20261231
BGE_07840060615,1,1,1,1,1,0,0,20230904,20261231
BGE_07860010945,1,1,1,1,1,1,0,20241104,20261231
BGE_07860011300,1,1,1,1,1,1,0,20241104,20261231
BGE_07860011830,1,1,1,1,1,1,0,20241104,20261231
BGE_07861011030,1,1,1,1,1,1,0,20241104,20261231
BGE_07861011345,1,1,1,1,1,1,0,20241104,20261231
BGE_07861011915,1,1,1,1,1,1,0,20241104,20261231
BGS_04980010900,1,1,1,1,1,1,0,20220919,20261231
BGS_04980011200,1,1,1,1,1,0,0,20220919,20261231
BGS_04980011430,0,0,0,0,0,1,0,20220919,20261231
BGS_04980011600,1,1,1,1,1,0,0,20220919,20261231
BGS_04981010930,1,1,1,1,1,1,0,20220919,20261231
BGS_04981011230,1,1,1,1,1,0,0,20220919,20261231
BGS_04981011500,0,0,0,0,0,1,0,20220919,20261231
BGS_04981011630,1,1,1,1,1,0,0,20220919,20261231
BGS_07030021230,0,0,0,0,0,1,0,20221010,20261231
BGS_07030021905,1,1,1,1,1,0,0,20221010,20261231
BGS_07030031330,1,1,1,1,1,0,0,20221010,20261231
BGS_07031020630,1,1,1,1,1,0,0,20221010,20261231
BGS_07031020740,0,0,0,0,0,1,0,20221010,20261231
BGS_07031031445,1,1,1,1,1,0,0,20221010,20261231
BGS_07050010630,1,1,1,1,1,0,0,20250401,20261231
BGS_07050010700,1,1,1,1,1,0,0,20250401,20261231
BGS_07050010730,1,1,1,1,1,0,0,20250401,20261231
BGS_07050010800,1,1,1,1,1,0,0,20250401,20261231
BGS_07050010830,1,1,1,1,1,1,0,20250401,20261231
BGS_07050010900,1,1,1,1,1,1,0,20250401,20261231
BGS_07050010930,1,1,1,1,1,1,1,20250401,20261231
BGS_07050011000,1,1,1,1,1,1,0,20250401,20261231
BGS_07050011030,1,1,1,1,1,1,0,20250401,20261231
BGS_07050011100,1,1,1,1,1,1,0,20250401,20261231
BGS_07050011130,1,1,1,1,1,1,0,20250401,20261231
BGS_07050011200,1,1,1,1,1,1,0,20250401,20261231
BGS_07050011230,1,1,1,1,1,1,0,20250401,20261231
BGS_07050011300,1,1,1,1,1,1,1,20250401,20261231
BGS_07050011330,1,1,1,1,1,1,0,20250401,20261231
BGS_07050011400,1,1,1,1,1,1,0,20250401,20261231
BGS_07050011430,1,1,1,1,1,1,0,20250401,20261231
BGS_07050011500,1,1,1,1,1,1,0,20250401,20261231
BGS_07050011530,1,1,1,1,1,1,1,20250401,20261231
BGS_07050011600,1,1,1,1,1,1,0,20250401,20261231
BGS_07050011630,1,1,1,1,1,1,0,20250401,20261231
BGS_07050011700,1,1,1,1,1,1,0,20250401,20261231
BGS_07050011730,1,1,1,1,1,1,0,20250401,20261231
BGS_07050011800,1,1,1,1,1,1,0,20250401,20261231
BGS_07050011830,1,1,1,1,1,1,0,20250401,20261231
BGS_07050011900,1,1,1,1,1,1,0,20250401,20261231
BGS_07050011930,1,1,1,1,1,1,1,20250401,20261231
BGS_07050012000,1,1,1,1,1,1,0,20250401,20261231
BGS_07050012030,1,1,1,1,1,1,0,20250401,20261231
BGS_07050012100,1,1,1,1,1,1,0,20250401,20261231
BGS_07050012130,1,1,1,1,1,1,1,20250401,20261231
BGS_07050012200,1,1,1,1,1,1,0,20250401,20261231
BGS_07051010618,1,1,1,1,1,0,0,20180101,20261231
BGS_07051010648,1,1,1,1,1,0,0,20200518,20261231
BGS_07051010718,1,1,1,1,1,0,0,20200928,20261231
BGS_07051010748,1,1,1,1,1,0,0,20200101,20261231
BGS_07051010818,1,1,1,1,1,1,0,20200518,20261231
BGS_07051010848,1,1,1,1,1,1,0,20200518,20261231
BGS_07051010918,1,1,1,1,1,1,1,20200518,20261231
BGS_07051010948,1,1,1,1,1,1,0,20200518,20261231
BGS_07051011018,1,1,1,1,1,1,0,20200518,20261231
BGS_07051011048,1,1,1,1,1,1,0,20200518,20261231
BGS_07051011118,1,1,1,1,1,1,0,20200518,20261231
BGS_07051011148,1,1,1,1,1,1,0,20200518,20261231
BGS_07051011218,1,1,1,1,1,1,0,20200518,20261231
BGS_07051011248,1,1,1,1,1,1,1,20200518,20261231
BGS_07051011318,1,1,1,1,1,1,0,20200928,20261231
BGS_07051011348,1,1,1,1,1,1,0,20200518,20261231
BGS_07051011418,1,1,1,1,1,1,0,20200518,20261231
BGS_07051011448,1,1,1,1,1,1,0,20200518,20261231
BGS_07051011518,1,1,1,1,1,1,1,20200518,20261231
BGS_07051011548,1,1,1,1,1,1,0,20200518,20261231
BGS_07051011618,1,1,1,1,1,1,0,20200518,20261231
BGS_07051011648,1,1,1,1,1,1,0,20200518,20261231
BGS_07051011718,1,1,1,1,1,1,0,20200518,20261231
BGS_07051011748,1,1,1,1,1,1,0,20200518,20261231
BGS_07051011818,1,1,1,1,1,1,0,20200928,20261231
BGS_07051011848,1,1,1,1,1,1,0,20200518,20261231
BGS_07051011918,1,1,1,1,1,1,1,20200518,20261231
BGS_07051011948,1,1,1,1,1,1,0,20200518,20261231
BGS_07051012018,1,1,1,1,1,1,0,20200518,20261231
BGS_07051012048,1,1,1,1,1,1,0,20200518,20261231
BGS_07051012118,1,1,1,1,1,1,1,20200518,20261231
BGS_07051012148,1,1,1,1,1,1,0,20200518,20261231
BGS_07051012218,1,1,1,1,1,1,0,20200518,20261231
BGS_07080011845,1,1,1,1,1,0,0,20180101,20261231
BGS_07080020555,1,1,1,1,1,0,0,20200914,20261231
BGS_07080021315,1,1,1,1,1,0,0,20200914,20261231
BGS_07080021445,1,1,1,1,1,0,0,20200914,20261231
BGS_07081020655,1,1,1,1,1,0,0,20200914,20261231
BGS_07081020845,1,1,1,1,1,0,0,20200914,20261231
BGS_07081021550,1,1,1,1,1,0,0,20230731,20261231
BGS_07081022005,1,1,1,1,1,0,0,20230731,20261231
BGS_07090010810,1,1,1,1,1,0,0,20221010,20261231
BGS_07090011545,1,1,1,1,1,0,0,20251001,20261231
BGS_07090031100,1,1,1,1,1,0,0,20221010,20261231
BGS_07090041240,1,1,1,1,1,0,0,20200921,20261231
BGS_07091010900,1,1,1,1,1,0,0,20221010,20261231
BGS_07091021640,1,1,1,1,1,0,0,20200921,20261231
BGS_07091031150,1,1,1,1,1,0,0,20221010,20261231
BGS_07091041300,1,1,1,1,1,0,0,20200921,20261231
BGS_07100020940,1,1,1,1,1,0,0,20220905,20261231
BGS_07100021020,0,0,0,0,0,1,1,20200914,20261231
BGS_07100021050,1,1,1,1,1,0,0,20220905,20261231
BGS_07100021135,1,1,1,1,1,0,0,20200914,20261231
BGS_07100021400,1,1,1,1,1,0,0,20200914,20261231
BGS_07100021610,1,1,1,1,1,0,0,20200914,20261231
BGS_07100022010,0,0,0,0,0,1,0,20200914,20261231
BGS_07100030755,1,1,1,1,1,0,0,20220905,20261231
BGS_07100031445,0,0,0,0,0,1,1,20200914,20261231
BGS_07100031450,1,1,1,1,1,0,0,20221017,20261231
BGS_07100031645,0,0,0,0,0,1,1,20200914,20261231
BGS_07100031750,1,1,1,1,1,0,0,20220523,20261231
BGS_07100042010,0,0,0,0,0,0,1,20250101,20261231
BGS_07100052110,1,1,1,1,1,0,0,20220523,20261231
BGS_07100060552,1,1,1,1,1,0,0,20241118,20261231
BGS_07100071930,1,1,1,1,1,0,0,20220523,20261231
BGS_07100090650,1,1,1,1,1,0,0,20221017,20261231
BGS_07101020600,1,1,1,1,1,0,0,20221017,20261231
BGS_07101020845,1,1,1,1,1,0,0,20220905,20261231
BGS_07101021000,1,1,1,1,1,0,0,20220905,20261231
BGS_07101021040,1,1,1,1,1,0,0,20200914,20261231
BGS_07101021305,1,1,1,1,1,0,0,20200914,20261231
BGS_07101021515,1,1,1,1,1,0,0,20220523,20261231
BGS_07101031330,0,0,0,0,0,1,1,20200914,20261231
BGS_07101031355,1,1,1,1,1,0,0,20221017,20261231
BGS_07101031530,0,0,0,0,0,1,1,20200914,20261231
BGS_07101031705,1,1,1,1,1,0,0,20220523,20261231
BGS_07101032025,1,1,1,1,1,0,0,20220523,20261231
BGS_07101040940,0,0,0,0,0,1,1,20200914,20261231
BGS_07101041930,0,0,0,0,0,1,1,20200914,20261231
BGS_07101050715,1,1,1,1,1,0,0,20241118,20261231
BGS_07101080505,1,1,1,1,1,0,0,20241118,20261231
BGS_07101091835,1,1,1,1,1,0,0,20241118,20261231
BGS_07120010630,1,1,1,1,1,0,0,20241113,20261231
BGS_07120010830,1,1,1,1,1,0,0,20241113,20261231
BGS_07120011015,0,0,0,0,0,1,1,20241113,20261231
BGS_07120011030,1,1,1,1,1,0,0,20241113,20261231
BGS_07120011230,1,1,1,1,1,0,0,20241113,20261231
BGS_07120011430,1,1,1,1,1,0,0,20241113,20261231
BGS_07120011630,1,1,1,1,1,0,0,20241113,20261231
BGS_07120011730,0,0,0,0,0,1,1,20241113,20261231
BGS_07120011830,1,1,1,1,1,0,0,20241113,20261231
BGS_07120012030,1,1,1,1,1,0,0,20241113,20261231
BGS_07121010730,1,1,1,1,1,0,0,20241113,20261231
BGS_07121010930,1,1,1,1,1,0,0,20241113,20261231
BGS_07121011115,0,0,0,0,0,1,1,20241113,20261231
BGS_07121011130,1,1,1,1,1,0,0,20241113,20261231
BGS_07121011330,1,1,1,1,1,0,0,20241113,20261231
BGS_07121011530,1,1,1,1,1,0,0,20241113,20261231
BGS_07121011730,1,1,1,1,1,0,0,20241113,20261231
BGS_07121011830,0,0,0,0,0,1,1,20241113,20261231
BGS_07121011930,1,1,1,1,1,0,0,20241113,20261231
BGS_07121012130,1,1,1,1,1,0,0,20241113,20261231
BGS_07140011715,0,0,0,0,0,1,1,20220905,20261231
BGS_07140060750,0,0,0,0,0,1,1,20220905,20261231
BGS_07141010910,0,0,0,0,0,1,1,20220905,20261231
BGS_07141041940,0,0,0,0,0,1,1,20220905,20261231
BGS_07150010545,1,1,1,1,1,0,0,20220905,20261231
BGS_07150010745,1,1,1,1,1,0,0,20220905,20261231
BGS_07150010945,1,1,1,1,1,0,0,20220905,20261231
BGS_07150011200,1,1,1,1,1,0,0,20220905,20261231
BGS_07150011400,1,1,1,1,1,0,0,20220905,20261231
BGS_07150011600,1,1,1,1,1,0,0,20220905,20261231
BGS_07150011800,1,1,1,1,1,0,0,20220905,20261231
BGS_07150012000,1,1,1,1,1,0,0,20220905,20261231
BGS_07151010645,1,1,1,1,1,0,0,20220905,20261231
BGS_07151010845,1,1,1,1,1,0,0,20220905,20261231
BGS_07151011045,1,1,1,1,1,0,0,20220905,20261231
BGS_07151011300,1,1,1,1,1,0,0,20220905,20261231
BGS_07151011500,1,1,1,1,1,0,0,20220905,20261231
BGS_07151011700,1,1,1,1,1,0,0,20220905,20261231
BGS_07151011900,1,1,1,1,1,0,0,20220905,20261231
BGS_07151012100,1,1,1,1,1,0,0,20220905,20261231
BGS_07220020530,1,1,1,1,1,0,0,20220905,20261231
BGS_07220020545,1,1,1,1,1,0,0,20220905,20261231
BGS_07220020615,1,1,1,1,1,0,0,20220905,20261231
BGS_07220020730,1,1,1,1,1,0,0,20220905,20261231
BGS_07220020745,1,1,1,1,1,0,0,20220905,20261231
BGS_07220020815,0,0,0,0,0,1,1,20220905,20261231
BGS_07220020830,1,1,1,1,1,0,0,20220905,20261231
BGS_07220020930,1,1,1,1,1,0,0,20220905,20261231
BGS_07220021030,1,1,1,1,1,0,0,20220905,20261231
BGS_07220021130,1,1,1,1,1,0,0,20220905,20261231
BGS_07220021230,1,1,1,1,1,0,0,20220905,20261231
BGS_07220021330,1,1,1,1,1,1,1,20220905,20261231
BGS_07220021430,1,1,1,1,1,0,0,20220905,20261231
BGS_07220021450,1,1,1,1,1,0,0,20220905,20261231
BGS_07220021530,1,1,1,1,1,1,1,20220905,20261231
BGS_07220021645,1,1,1,1,1,0,0,20220905,20261231
BGS_07220021730,1,1,1,1,1,0,0,20220905,20261231
BGS_07220021845,1,1,1,1,1,0,0,20220905,20261231
BGS_07220021930,1,1,1,1,1,1,1,20220905,20261231
BGS_07220022100,1,1,1,1,1,0,0,20220905,20261231
BGS_07221020630,1,1,1,1,1,0,0,20220905,20261231
BGS_07221020645,1,1,1,1,1,0,0,20220905,20261231
BGS_07221020715,1,1,1,1,1,0,0,20220905,20261231
BGS_07221020830,1,1,1,1,1,0,0,20220905,20261231
BGS_07221020845,1,1,1,1,1,0,0,20220905,20261231
BGS_07221020915,0,0,0,0,0,1,1,20220905,20261231
BGS_07221020930,1,1,1,1,1,0,0,20220905,20261231
BGS_07221021030,1,1,1,1,1,0,0,20220905,20261231
BGS_07221021130,1,1,1,1,1,0,0,20220905,20261231
BGS_07221021230,1,1,1,1,1,0,0,20220905,20261231
BGS_07221021330,1,1,1,1,1,0,0,20220905,20261231
BGS_07221021430,1,1,1,1,1,1,1,20220905,20261231
BGS_07221021530,1,1,1,1,1,0,0,20230906,20261231
BGS_07221021545,1,1,1,1,1,0,0,20220905,20261231
BGS_07221021630,1,1,1,1,1,1,1,20220905,20261231
BGS_07221021745,1,1,1,1,1,0,0,20220905,20261231
BGS_07221021830,1,1,1,1,1,0,0,20220905,20261231
BGS_07221021945,1,1,1,1,1,0,0,20220905,20261231
BGS_07221022030,1,1,1,1,1,1,1,20220905,20261231
BGS_07221022200,1,1,1,1,1,0,0,20220905,20261231
BGS_07250020725,1,1,1,1,1,0,0,20220926,20261231
BGS_07250030700,1,1,1,1,1,1,0,20200921,20261231
BGS_07250030930,1,1,1,1,1,0,0,20200921,20261231
BGS_07250031500,1,1,1,1,1,0,0,20200921,20261231
BGS_07250031745,1,1,1,1,1,0,0,20200921,20261231
BGS_07251030745,1,1,1,1,1,0,0,20200921,20261231
BGS_07251031015,1,1,1,1,1,0,0,20200921,20261231
BGS_07251031340,0,0,0,0,0,1,0,20200921,20261231
BGS_07251031545,1,1,1,1,1,0,0,20200921,20261231
BGS_07251031825,1,1,1,1,1,0,0,20200921,20261231
BGS_07251032020,1,1,1,1,1,0,0,20200921,20261231
BGS_07300031635,1,1,1,1,1,0,0,20251201,20261231
BGS_07300040605,1,1,1,1,1,0,0,20251201,20261231
BGS_07300041730,1,1,1,1,1,0,0,20251201,20261231
BGS_07301040700,1,1,1,1,1,0,0,20251201,20261231
BGS_07301041825,1,1,1,1,1,0,0,20251201,20261231
BGS_07301060818,1,1,1,1,1,0,0,20251201,20261231
BGS_07400010800,1,1,1,1,1,0,0,20230201,20261231
BGS_07400011010,0,0,0,0,0,1,1,20201113,20261231
BGS_07400011025,1,1,1,1,1,0,0,20230201,20261231
BGS_07400011110,0,0,0,0,0,1,1,20201113,20261231
BGS_07400011210,0,0,0,0,0,1,1,20230201,20261231
BGS_07400011310,0,0,0,0,0,1,1,20201113,20261231
BGS_07400011410,0,0,0,0,0,1,1,20201113,20261231
BGS_07400011525,1,1,1,1,1,0,0,20230201,20261231
BGS_07400011610,0,0,0,0,0,1,1,20201113,20261231
BGS_07400011710,0,0,0,0,0,1,1,20201113,20261231
BGS_07400011825,0,0,0,0,0,1,1,20201113,20261231
BGS_07400011925,1,1,1,1,1,0,0,20230201,20261231
BGS_07400011955,0,0,0,0,0,1,1,20201113,20261231
BGS_07400020810,0,0,0,0,0,1,1,20201113,20261231
BGS_07401010825,0,0,0,0,0,1,1,20201113,20261231
BGS_07401011035,0,0,0,0,0,1,1,20230201,20261231
BGS_07401011100,1,1,1,1,1,0,0,20230201,20261231
BGS_07401011135,0,0,0,0,0,1,1,20230201,20261231
BGS_07401011235,0,0,0,0,0,1,1,20230201,20261231
BGS_07401011335,0,0,0,0,0,1,1,20201113,20261231
BGS_07401011435,0,0,0,0,0,1,1,20201113,20261231
BGS_07401011600,1,1,1,1,1,0,0,20230201,20261231
BGS_07401011635,0,0,0,0,0,1,1,20230201,20261231
BGS_07401011735,0,0,0,0,0,1,1,20230201,20261231
BGS_07401011850,0,0,0,0,0,1,1,20230201,20261231
BGS_07401012000,1,1,1,1,1,0,0,20230201,20261231
BGS_07401012020,0,0,0,0,0,1,1,20230201,20261231
BGS_07401020830,1,1,1,1,1,0,0,20230201,20261231
BGS_07600010530,1,1,1,1,1,0,0,20251201,20261231
BGS_07600010531,0,0,0,0,0,1,0,20251201,20261231
BGS_07600010600,1,1,1,1,1,0,0,20251201,20261231
BGS_07600010630,1,1,1,1,1,0,0,20251201,20261231
BGS_07600010631,0,0,0,0,0,1,0,20251201,20261231
BGS_07600010700,1,1,1,1,1,0,0,20251201,20261231
BGS_07600010730,1,1,1,1,1,0,0,20251201,20261231
BGS_07600010731,0,0,0,0,0,1,0,20251201,20261231
BGS_07600010732,0,0,0,0,0,0,1,20251201,20261231
BGS_07600010800,1,1,1,1,1,0,0,20251201,20261231
BGS_07600010830,1,1,1,1,1,0,0,20251201,20261231
BGS_07600010831,0,0,0,0,0,1,0,20251201,20261231
BGS_07600010832,0,0,0,0,0,0,1,20251201,20261231
BGS_07600010900,1,1,1,1,1,0,0,20251201,20261231
BGS_07600010930,1,1,1,1,1,0,0,20251201,20261231
BGS_07600010931,0,0,0,0,0,1,0,20251201,20261231
BGS_07600010932,0,0,0,0,0,0,1,20251201,20261231
BGS_07600011000,1,1,1,1,1,0,0,20251201,20261231
BGS_07600011030,1,1,1,1,1,0,0,20251201,20261231
BGS_07600011031,0,0,0,0,0,1,0,20251201,20261231
BGS_07600011032,0,0,0,0,0,0,1,20251201,20261231
BGS_07600011100,1,1,1,1,1,0,0,20251201,20261231
BGS_07600011130,1,1,1,1,1,0,0,20251201,20261231
BGS_07600011131,0,0,0,0,0,1,0,20251201,20261231
BGS_07600011132,0,0,0,0,0,0,1,20251201,20261231
BGS_07600011200,1,1,1,1,1,0,0,20251201,20261231
BGS_07600011230,1,1,1,1,1,0,0,20251201,20261231
BGS_07600011231,0,0,0,0,0,1,0,20251201,20261231
BGS_07600011232,0,0,0,0,0,0,1,20251201,20261231
BGS_07600011300,1,1,1,1,1,0,0,20251201,20261231
BGS_07600011330,1,1,1,1,1,0,0,20251201,20261231
BGS_07600011331,0,0,0,0,0,1,0,20251201,20261231
BGS_07600011332,0,0,0,0,0,0,1,20251201,20261231
BGS_07600011400,1,1,1,1,1,0,0,20251201,20261231
BGS_07600011430,1,1,1,1,1,0,0,20251201,20261231
BGS_07600011431,0,0,0,0,0,1,0,20251201,20261231
BGS_07600011432,0,0,0,0,0,0,1,20251201,20261231
BGS_07600011500,1,1,1,1,1,0,0,20251201,20261231
BGS_07600011530,1,1,1,1,1,0,0,20251201,20261231
BGS_07600011531,0,0,0,0,0,1,0,20251201,20261231
BGS_07600011532,0,0,0,0,0,0,1,20251201,20261231
BGS_07600011600,1,1,1,1,1,0,0,20251201,20261231
BGS_07600011630,1,1,1,1,1,0,0,20251201,20261231
BGS_07600011631,0,0,0,0,0,1,0,20251201,20261231
BGS_07600011632,0,0,0,0,0,0,1,20251201,20261231
BGS_07600011700,1,1,1,1,1,0,0,20251201,20261231
BGS_07600011730,1,1,1,1,1,0,0,20251201,20261231
BGS_07600011731,0,0,0,0,0,1,0,20251201,20261231
BGS_07600011732,0,0,0,0,0,0,1,20251201,20261231
BGS_07600011800,1,1,1,1,1,0,0,20251201,20261231
BGS_07600011830,1,1,1,1,1,0,0,20251201,20261231
BGS_07600011831,0,0,0,0,0,1,0,20251201,20261231
BGS_07600011832,0,0,0,0,0,0,1,20251201,20261231
BGS_07600011900,1,1,1,1,1,0,0,20251201,20261231
BGS_07600011930,1,1,1,1,1,0,0,20251201,20261231
BGS_07600011931,0,0,0,0,0,1,0,20251201,20261231
BGS_07600011932,0,0,0,0,0,0,1,20251201,20261231
BGS_07600012000,1,1,1,1,1,0,0,20251201,20261231
BGS_07600012030,1,1,1,1,1,0,0,20251201,20261231
BGS_07600012031,0,0,0,0,0,1,0,20251201,20261231
BGS_07600012032,0,0,0,0,0,0,1,20251201,20261231
BGS_07600012100,1,1,1,1,1,0,0,20251201,20261231
BGS_07600012130,1,1,1,1,1,0,0,20251201,20261231
BGS_07600012131,0,0,0,0,0,1,0,20251201,20261231
BGS_07600012132,0,0,0,0,0,0,1,20251201,20261231
BGS_07600012200,1,1,1,1,1,0,0,20251201,20261231
BGS_07600020518,1,1,1,1,1,0,0,20251201,20261231
BGS_07600030530,0,0,0,0,0,0,1,20251201,20261231
BGS_07600030600,0,0,0,0,0,0,1,20251201,20261231
BGS_07600030601,0,0,0,0,0,1,0,20251201,20261231
BGS_07600030630,0,0,0,0,0,0,1,20251201,20261231
BGS_07600030700,0,0,0,0,0,0,1,20251201,20261231
BGS_07600030701,0,0,0,0,0,1,0,20251201,20261231
BGS_07600030800,0,0,0,0,0,0,1,20251201,20261231
BGS_07600030801,0,0,0,0,0,1,0,20251201,20261231
BGS_07600030900,0,0,0,0,0,0,1,20251201,20261231
BGS_07600030901,0,0,0,0,0,1,0,20251201,20261231
BGS_07600031000,0,0,0,0,0,0,1,20251201,20261231
BGS_07600031001,0,0,0,0,0,1,0,20251201,20261231
BGS_07600031100,0,0,0,0,0,0,1,20251201,20261231
BGS_07600031101,0,0,0,0,0,1,0,20251201,20261231
BGS_07600031200,0,0,0,0,0,0,1,20251201,20261231
BGS_07600031201,0,0,0,0,0,1,0,20251201,20261231
BGS_07600031300,0,0,0,0,0,0,1,20251201,20261231
BGS_07600031301,0,0,0,0,0,1,0,20251201,20261231
BGS_07600031400,0,0,0,0,0,0,1,20251201,20261231
BGS_07600031401,0,0,0,0,0,1,0,20251201,20261231
BGS_07600031700,0,0,0,0,0,0,1,20251201,20261231
BGS_07600031701,0,0,0,0,0,1,0,20251201,20261231
BGS_07600031800,0,0,0,0,0,0,1,20251201,20261231
BGS_07600031801,0,0,0,0,0,1,0,20251201,20261231
BGS_07600031900,0,0,0,0,0,0,1,20251201,20261231
BGS_07600031901,0,0,0,0,0,1,0,20251201,20261231
BGS_07600032000,0,0,0,0,0,0,1,20251201,20261231
BGS_07600032001,0,0,0,0,0,1,0,20251201,20261231
BGS_07600032100,0,0,0,0,0,0,1,20251201,20261231
BGS_07600032101,0,0,0,0,0,1,0,20251201,20261231
BGS_07600032200,0,0,0,0,0,0,1,20251201,20261231
BGS_07600032201,0,0,0,0,0,1,0,20251201,20261231
BGS_07600032230,0,0,0,0,0,0,1,20251201,20261231
BGS_07600032231,1,1,1,1,1,1,0,20251201,20261231
BGS_07600032300,1,1,1,1,1,1,0,20251201,20261231
BGS_07600032330,0,0,0,0,0,1,0,20251201,20261231
BGS_07601010600,1,1,1,1,1,0,0,20251201,20261231
BGS_07601010630,1,1,1,1,1,0,0,20251201,20261231
BGS_07601010631,0,0,0,0,0,1,0,20251201,20261231
BGS_07601010700,1,1,1,1,1,0,0,20251201,20261231
BGS_07601010730,1,1,1,1,1,0,0,20251201,20261231
BGS_07601010731,0,0,0,0,0,1,0,20251201,20261231
BGS_07601010800,1,1,1,1,1,0,0,20251201,20261231
BGS_07601010830,1,1,1,1,1,0,0,20251201,20261231
BGS_07601010831,0,0,0,0,0,1,0,20251201,20261231
BGS_07601010832,0,0,0,0,0,0,1,20251201,20261231
BGS_07601010900,1,1,1,1,1,0,0,20251201,20261231
BGS_07601010930,1,1,1,1,1,0,0,20251201,20261231
BGS_07601010931,0,0,0,0,0,1,0,20251201,20261231
BGS_07601010932,0,0,0,0,0,0,1,20251201,20261231
BGS_07601011000,1,1,1,1,1,0,0,20251201,20261231
BGS_07601011030,1,1,1,1,1,0,0,20251201,20261231
BGS_07601011031,0,0,0,0,0,1,0,20251201,20261231
BGS_07601011032,0,0,0,0,0,0,1,20251201,20261231
BGS_07601011100,1,1,1,1,1,0,0,20251201,20261231
BGS_07601011130,1,1,1,1,1,0,0,20251201,20261231
BGS_07601011131,0,0,0,0,0,1,0,20251201,20261231
BGS_07601011132,0,0,0,0,0,0,1,20251201,20261231
BGS_07601011200,1,1,1,1,1,0,0,20251201,20261231
BGS_07601011230,1,1,1,1,1,0,0,20251201,20261231
BGS_07601011231,0,0,0,0,0,1,0,20251201,20261231
BGS_07601011232,0,0,0,0,0,0,1,20251201,20261231
BGS_07601011300,1,1,1,1,1,0,0,20251201,20261231
BGS_07601011330,1,1,1,1,1,0,0,20251201,20261231
BGS_07601011331,0,0,0,0,0,1,0,20251201,20261231
BGS_07601011332,0,0,0,0,0,0,1,20251201,20261231
BGS_07601011400,1,1,1,1,1,0,0,20251201,20261231
BGS_07601011430,1,1,1,1,1,0,0,20251201,20261231
BGS_07601011431,0,0,0,0,0,1,0,20251201,20261231
BGS_07601011432,0,0,0,0,0,0,1,20251201,20261231
BGS_07601011500,1,1,1,1,1,0,0,20251201,20261231
BGS_07601011530,1,1,1,1,1,0,0,20251201,20261231
BGS_07601011531,0,0,0,0,0,1,0,20251201,20261231
BGS_07601011532,0,0,0,0,0,0,1,20251201,20261231
BGS_07601011600,1,1,1,1,1,0,0,20251201,20261231
BGS_07601011630,1,1,1,1,1,0,0,20251201,20261231
BGS_07601011631,0,0,0,0,0,1,0,20251201,20261231
BGS_07601011632,0,0,0,0,0,0,1,20251201,20261231
BGS_07601011700,1,1,1,1,1,0,0,20251201,20261231
BGS_07601011730,1,1,1,1,1,0,0,20251201,20261231
BGS_07601011731,0,0,0,0,0,1,0,20251201,20261231
BGS_07601011732,0,0,0,0,0,0,1,20251201,20261231
BGS_07601011800,1,1,1,1,1,0,0,20251201,20261231
BGS_07601011830,1,1,1,1,1,0,0,20251201,20261231
BGS_07601011831,0,0,0,0,0,1,0,20251201,20261231
BGS_07601011832,0,0,0,0,0,0,1,20251201,20261231
BGS_07601011900,1,1,1,1,1,0,0,20251201,20261231
BGS_07601011930,1,1,1,1,1,0,0,20251201,20261231
BGS_07601011931,0,0,0,0,0,1,0,20251201,20261231
BGS_07601011932,0,0,0,0,0,0,1,20251201,20261231
BGS_07601012000,1,1,1,1,1,0,0,20251201,20261231
BGS_07601012030,1,1,1,1,1,0,0,20251201,20261231
BGS_07601012031,0,0,0,0,0,1,0,20251201,20261231
BGS_07601012032,0,0,0,0,0,0,1,20251201,20261231
BGS_07601012100,1,1,1,1,1,0,0,20251201,20261231
BGS_07601012130,1,1,1,1,1,0,0,20251201,20261231
BGS_07601012131,0,0,0,0,0,1,0,20251201,20261231
BGS_07601012132,0,0,0,0,0,0,1,20251201,20261231
BGS_07601012200,1,1,1,1,1,0,0,20251201,20261231
BGS_07601012230,0,0,0,0,0,1,0,20251201,20261231
BGS_07601022230,1,1,1,1,1,0,0,20251201,20261231
BGS_07601022300,1,1,1,1,1,0,0,20251201,20261231
BGS_07601030456,1,1,1,1,1,0,0,20251201,20261231
BGS_07601030500,0,0,0,0,0,1,1,20251201,20261231
BGS_07601030526,1,1,1,1,1,0,0,20251201,20261231
BGS_07601030530,0,0,0,0,0,1,1,20251201,20261231
BGS_07601030556,1,1,1,1,1,0,0,20251201,20261231
BGS_07601030600,0,0,0,0,0,1,1,20251201,20261231
BGS_07601030630,0,0,0,0,0,1,1,20251201,20261231
BGS_07601030700,0,0,0,0,0,0,1,20251201,20261231
BGS_07601030730,0,0,0,0,0,1,1,20251201,20261231
BGS_07601030800,0,0,0,0,0,0,1,20251201,20261231
BGS_07601030830,0,0,0,0,0,1,1,20251201,20261231
BGS_07601030930,0,0,0,0,0,1,1,20251201,20261231
BGS_07601031030,0,0,0,0,0,1,1,20251201,20261231
BGS_07601031130,0,0,0,0,0,1,1,20251201,20261231
BGS_07601031230,0,0,0,0,0,1,1,20251201,20261231
BGS_07601031330,0,0,0,0,0,1,1,20251201,20261231
BGS_07601031430,0,0,0,0,0,1,1,20251201,20261231
BGS_07601031630,0,0,0,0,0,1,1,20251201,20261231
BGS_07601031730,0,0,0,0,0,1,1,20251201,20261231
BGS_07601031830,0,0,0,0,0,1,1,20251201,20261231
BGS_07601031930,0,0,0,0,0,1,1,20251201,20261231
BGS_07601032030,0,0,0,0,0,1,1,20251201,20261231
BGS_07601032130,0,0,0,0,0,1,1,20251201,20261231
BGS_07601032230,0,0,0,0,0,1,1,20251201,20261231
BGS_07601032300,0,0,0,0,0,0,1,20251201,20261231
BGS_07601032330,0,0,0,0,0,1,0,20251201,20261231
BGS_07601032400,0,0,0,0,0,1,0,20251201,20261231
BGS_07610010645,1,1,1,1,1,0,0,20251201,20261231
BGS_07610010715,1,1,1,1,1,0,0,20251201,20261231
BGS_07610010815,1,1,1,1,1,0,0,20251201,20261231
BGS_07610010845,1,1,1,1,1,0,0,20251201,20261231
BGS_07610010945,1,1,1,1,1,0,0,20251201,20261231
BGS_07610011015,1,1,1,1,1,0,0,20251201,20261231
BGS_07610011115,1,1,1,1,1,0,0,20251201,20261231
BGS_07610011145,1,1,1,1,1,0,0,20251201,20261231
BGS_07610011245,1,1,1,1,1,0,0,20251201,20261231
BGS_07610011315,1,1,1,1,1,0,0,20251201,20261231
BGS_07610011415,1,1,1,1,1,0,0,20251201,20261231
BGS_07610011445,1,1,1,1,1,0,0,20251201,20261231
BGS_07610011545,1,1,1,1,1,0,0,20251201,20261231
BGS_07610011615,1,1,1,1,1,0,0,20251201,20261231
BGS_07610011715,1,1,1,1,1,0,0,20251201,20261231
BGS_07610011745,1,1,1,1,1,0,0,20251201,20261231
BGS_07610011845,1,1,1,1,1,0,0,20251201,20261231
BGS_07610011915,1,1,1,1,1,0,0,20251201,20261231
BGS_07610012015,1,1,1,1,1,0,0,20251201,20261231
BGS_07610012045,1,1,1,1,1,0,0,20251201,20261231
BGS_07611010740,1,1,1,1,1,0,0,20251201,20261231
BGS_07611010810,1,1,1,1,1,0,0,20251201,20261231
BGS_07611010910,1,1,1,1,1,0,0,20251201,20261231
BGS_07611010940,1,1,1,1,1,0,0,20251201,20261231
BGS_07611011040,1,1,1,1,1,0,0,20251201,20261231
BGS_07611011110,1,1,1,1,1,0,0,20251201,20261231
BGS_07611011210,1,1,1,1,1,0,0,20251201,20261231
BGS_07611011240,1,1,1,1,1,0,0,20251201,20261231
BGS_07611011340,1,1,1,1,1,0,0,20251201,20261231
BGS_07611011410,1,1,1,1,1,0,0,20251201,20261231
BGS_07611011510,1,1,1,1,1,0,0,20251201,20261231
BGS_07611011540,1,1,1,1,1,0,0,20251201,20261231
BGS_07611011640,1,1,1,1,1,0,0,20251201,20261231
BGS_07611011710,1,1,1,1,1,0,0,20251201,20261231
BGS_07611011810,1,1,1,1,1,0,0,20251201,20261231
BGS_07611011840,1,1,1,1,1,0,0,20251201,20261231
BGS_07611011940,1,1,1,1,1,0,0,20251201,20261231
BGS_07611012010,1,1,1,1,1,0,0,20251201,20261231
BGS_07611012110,1,1,1,1,1,0,0,20251201,20261231
BGS_07611020617,1,1,1,1,1,0,0,20251201,20261231
BGS_07611020647,1,1,1,1,1,0,0,20251201,20261231
BIS_1,1,1,1,1,1,0,0,20251029,20261231
BIS_2,1,1,1,1,1,1,1,20251029,20261231
BLB_1,0,0,1,0,0,0,0,20251016,20261231
BUS_1,1,1,1,1,1,1,1,20260319,20260701
BUS_3,1,0,1,0,1,1,1,20260319,20260701
CAL_1,1,1,1,1,1,0,0,20251223,20261231
CAL_2,1,1,1,1,1,1,1,20251223,20261231
CIN_04220011030,0,0,0,1,0,0,0,20201112,20261231
CIN_04221010915,0,0,0,1,0,0,0,20201112,20261231
CIN_05500071910,1,1,1,1,1,0,0,20210315,20261231
CIN_05500080700,1,1,1,1,1,0,0,20210315,20261231
CIN_05500081510,1,1,1,1,1,0,0,20210315,20261231
CIN_05501071830,1,1,1,1,1,0,0,20210315,20261231
CIN_05501080620,1,1,1,1,1,0,0,20210315,20261231
CIN_05501081430,1,1,1,1,1,0,0,20210315,20261231
CIN_05510080520,1,1,1,1,1,0,0,20220613,20261231
CIN_05510081050,1,1,1,1,1,0,0,20220613,20261231
CIN_05510081450,1,1,1,1,1,0,0,20220613,20261231
CIN_05510090750,1,1,1,1,1,0,0,20220613,20261231
CIN_05510090950,1,1,1,1,1,0,0,20220613,20261231
CIN_05510091150,1,1,1,1,1,0,0,20220613,20261231
CIN_05510091350,1,1,1,1,1,0,0,20220613,20261231
CIN_05510091550,1,1,1,1,1,0,0,20220613,20261231
CIN_05510091750,1,1,1,1,1,0,0,20220613,20261231
CIN_05510091950,1,1,1,1,1,0,0,20220613,20261231
CIN_05510100850,1,1,1,1,1,0,0,20220613,20261231
CIN_05510101250,1,1,1,1,1,0,0,20220613,20261231
CIN_05510101650,1,1,1,1,1,0,0,20220613,20261231
CIN_05510101850,1,1,1,1,1,0,0,20220613,20261231
CIN_05510112050,1,1,1,1,1,0,0,20220613,20261231
CIN_05511020950,1,1,1,1,1,0,0,20220613,20261231
CIN_05511021148,1,1,1,1,1,0,0,20220613,20261231
CIN_05511021350,1,1,1,1,1,0,0,20220613,20261231
CIN_05511021548,1,1,1,1,1,0,0,20220613,20261231
CIN_05511021750,1,1,1,1,1,0,0,20220613,20261231
CIN_05511021950,1,1,1,1,1,0,0,20220613,20261231
CIN_05511030834,1,1,1,1,1,0,0,20220613,20261231
CIN_05511031634,1,1,1,1,1,0,0,20220613,20261231
CIN_05511031834,1,1,1,1,1,0,0,20220613,20261231
CIN_05511032034,1,1,1,1,1,0,0,20220613,20261231
CIN_05511041034,1,1,1,1,1,0,0,20220613,20261231
CIN_05511041234,1,1,1,1,1,0,0,20220613,20261231
CIN_05511041434,1,1,1,1,1,0,0,20220613,20261231
CIN_05511052157,1,1,1,1,1,0,0,20220613,20261231
CIN_05530160550,1,1,1,1,1,0,0,20220613,20261231
CIN_05530160620,1,1,1,1,1,0,0,20220613,20261231
CIN_05530160905,0,0,0,0,0,1,1,20220613,20261231
CIN_05530161105,0,0,0,0,0,1,1,20220613,20261231
CIN_05530161705,0,0,0,0,0,1,1,20220613,20261231
CIN_05530161905,0,0,0,0,0,1,1,20220613,20261231
CIN_05530170650,1,1,1,1,1,0,0,20220613,20261231
CIN_05530170705,0,0,0,0,0,1,1,20220613,20261231
CIN_05530171305,0,0,0,0,0,1,1,20220613,20261231
CIN_05530171505,0,0,0,0,0,1,1,20220613,20261231
CIN_05530180820,1,1,1,1,1,0,0,20220613,20261231
CIN_05530180920,1,1,1,1,1,0,0,20220613,20261231
CIN_05530181020,1,1,1,1,1,0,0,20220613,20261231
CIN_05530181120,1,1,1,1,1,0,0,20220613,20261231
CIN_05530181220,1,1,1,1,1,0,0,20220613,20261231
CIN_05530181320,1,1,1,1,1,0,0,20220613,20261231
CIN_05530181620,1,1,1,1,1,0,0,20220613,20261231
CIN_05530181720,1,1,1,1,1,0,0,20220613,20261231
CIN_05530181820,1,1,1,1,1,0,0,20220613,20261231
CIN_05530181920,1,1,1,1,1,0,0,20220613,20261231
CIN_05530182020,1,1,1,1,1,0,0,20220613,20261231
CIN_05530182120,1,1,1,1,1,0,0,20220613,20261231
CIN_05530191420,1,1,1,1,1,0,0,20220613,20261231
CIN_05530192005,0,0,0,0,0,1,1,20220613,20261231
CIN_05530200805,0,0,0,0,0,1,1,20220613,20261231
CIN_05530201005,0,0,0,0,0,1,1,20220613,20261231
CIN_05530201205,0,0,0,0,0,1,1,20220613,20261231
CIN_05530201405,0,0,0,0,0,1,1,20220613,20261231
CIN_05530201605,0,0,0,0,0,1,1,20220613,20261231
CIN_05530201805,0,0,0,0,0,1,1,20220613,20261231
CIN_05531050636,1,1,1,1,1,0,0,20220613,20261231
CIN_05531050706,1,1,1,1,1,0,0,20220613,20261231
CIN_05531050754,0,0,0,0,0,1,1,20220613,20261231
CIN_05531060606,1,1,1,1,1,0,0,20220613,20261231
CIN_05531070838,1,1,1,1,1,0,0,20220613,20261231
CIN_05531070938,1,1,1,1,1,0,0,20220613,20261231
CIN_05531071038,1,1,1,1,1,0,0,20220613,20261231
CIN_05531071138,1,1,1,1,1,0,0,20220613,20261231
CIN_05531071238,1,1,1,1,1,0,0,20220613,20261231
CIN_05531071338,1,1,1,1,1,0,0,20220613,20261231
CIN_05531071638,1,1,1,1,1,0,0,20220613,20261231
CIN_05531071738,1,1,1,1,1,0,0,20220613,20261231
CIN_05531071838,1,1,1,1,1,0,0,20220613,20261231
CIN_05531071938,1,1,1,1,1,0,0,20220613,20261231
CIN_05531072038,1,1,1,1,1,0,0,20220613,20261231
CIN_05531072138,1,1,1,1,1,0,0,20220613,20261231
CIN_05531080849,0,0,0,0,0,1,1,20220613,20261231
CIN_05531081045,0,0,0,0,0,1,1,20220613,20261231
CIN_05531081245,0,0,0,0,0,1,1,20220613,20261231
CIN_05531081448,0,0,0,0,0,1,1,20220613,20261231
CIN_05531081648,0,0,0,0,0,1,1,20220613,20261231
CIN_05531081845,0,0,0,0,0,1,1,20220613,20261231
CIN_05531091006,0,0,0,0,0,1,1,20220613,20261231
CIN_05531091206,0,0,0,0,0,1,1,20220613,20261231
CIN_05531091406,0,0,0,0,0,1,1,20220613,20261231
CIN_05531091521,1,1,1,1,1,0,0,20220613,20261231
CIN_05531091606,0,0,0,0,0,1,1,20220613,20261231
CIN_05531091806,0,0,0,0,0,1,1,20220613,20261231
CIN_05531092006,0,0,0,0,0,1,1,20220613,20261231
CIN_05531102109,0,0,0,0,0,1,1,20220613,20261231
CIN_05531110738,1,1,1,1,1,0,0,20240506,20261231
CIN_05540010605,1,1,1,1,1,0,0,20220613,20261231
CIN_05540010635,1,1,1,1,1,1,0,20220613,20261231
CIN_05540010705,1,1,1,1,1,0,0,20220613,20261231
CIN_05540010735,0,0,0,0,0,1,0,20220613,20261231
CIN_05540010805,1,1,1,1,1,0,0,20220613,20261231
CIN_05540010835,1,1,1,1,1,1,1,20220613,20261231
CIN_05540010905,1,1,1,1,1,0,0,20220613,20261231
CIN_05540010935,1,1,1,1,1,1,1,20220613,20261231
CIN_05540011005,1,1,1,1,1,0,0,20220613,20261231
CIN_05540011035,1,1,1,1,1,1,1,20220613,20261231
CIN_05540011105,1,1,1,1,1,0,0,20220613,20261231
CIN_05540011135,1,1,1,1,1,1,1,20220613,20261231
CIN_05540011205,1,1,1,1,1,0,0,20220613,20261231
CIN_05540011235,1,1,1,1,1,1,1,20220613,20261231
CIN_05540011305,1,1,1,1,1,0,0,20220613,20261231
CIN_05540011335,1,1,1,1,1,1,1,20220613,20261231
CIN_05540011405,1,1,1,1,1,0,0,20220613,20261231
CIN_05540011435,1,1,1,1,1,1,1,20220613,20261231
CIN_05540011505,1,1,1,1,1,0,0,20220613,20261231
CIN_05540011535,1,1,1,1,1,1,1,20220613,20261231
CIN_05540011605,1,1,1,1,1,0,0,20220613,20261231
CIN_05540011635,1,1,1,1,1,1,1,20220613,20261231
CIN_05540011705,1,1,1,1,1,0,0,20220613,20261231
CIN_05540011735,1,1,1,1,1,1,1,20220613,20261231
CIN_05540011805,1,1,1,1,1,0,0,20220613,20261231
CIN_05540011835,1,1,1,1,1,1,1,20220613,20261231
CIN_05540011905,1,1,1,1,1,0,0,20220613,20261231
CIN_05540011935,1,1,1,1,1,1,1,20220613,20261231
CIN_05540012005,1,1,1,1,1,0,0,20220613,20261231
CIN_05540012035,1,1,1,1,1,1,1,20220613,20261231
CIN_05540012105,1,1,1,1,1,0,0,20220613,20261231
CIN_05540012135,1,1,1,1,1,1,1,20220613,20261231
CIN_05540012205,1,1,1,1,1,0,0,20220613,20261231
CIN_05540012235,0,0,0,0,0,1,1,20220613,20261231
CIN_05540020730,1,1,1,1,1,0,0,20220613,20261231
CIN_05541010623,1,1,1,1,1,0,0,20220613,20261231
CIN_05541010653,1,1,1,1,1,1,0,20220613,20261231
CIN_05541010723,1,1,1,1,1,0,0,20220613,20261231
CIN_05541010748,1,1,1,1,1,0,0,20220613,20261231
CIN_05541010753,0,0,0,0,0,1,0,20220613,20261231
CIN_05541010823,1,1,1,1,1,0,0,20220613,20261231
CIN_05541010853,1,1,1,1,1,1,1,20220613,20261231
CIN_05541010923,1,1,1,1,1,0,0,20220613,20261231
CIN_05541010953,1,1,1,1,1,1,1,20220613,20261231
CIN_05541011023,1,1,1,1,1,0,0,20220613,20261231
CIN_05541011053,1,1,1,1,1,1,1,20220613,20261231
CIN_05541011123,1,1,1,1,1,0,0,20220613,20261231
CIN_05541011153,1,1,1,1,1,1,1,20220613,20261231
CIN_05541011223,1,1,1,1,1,0,0,20220613,20261231
CIN_05541011253,1,1,1,1,1,1,1,20220613,20261231
CIN_05541011323,1,1,1,1,1,0,0,20220613,20261231
CIN_05541011353,1,1,1,1,1,1,1,20220613,20261231
CIN_05541011423,1,1,1,1,1,0,0,20220613,20261231
CIN_05541011453,1,1,1,1,1,1,1,20220613,20261231
CIN_05541011523,1,1,1,1,1,0,0,20220613,20261231
CIN_05541011553,1,1,1,1,1,1,1,20220613,20261231
CIN_05541011623,1,1,1,1,1,0,0,20220613,20261231
CIN_05541011653,1,1,1,1,1,1,1,20220613,20261231
CIN_05541011723,1,1,1,1,1,0,0,20220613,20261231
CIN_05541011753,1,1,1,1,1,1,1,20220613,20261231
CIN_05541011823,1,1,1,1,1,0,0,20220613,20261231
CIN_05541011853,1,1,1,1,1,1,1,20220613,20261231
CIN_05541011923,1,1,1,1,1,0,0,20220613,20261231
CIN_05541011953,1,1,1,1,1,1,1,20220613,20261231
CIN_05541012023,1,1,1,1,1,0,0,20220613,20261231
CIN_05541012053,1,1,1,1,1,1,1,20220613,20261231
CIN_05541012123,1,1,1,1,1,0,0,20220613,20261231
CIN_05541012153,1,1,1,1,1,1,1,20220613,20261231
CIN_05541032223,1,1,1,1,1,0,0,20220613,20261231
CIN_05541032253,0,0,0,0,0,1,1,20220613,20261231
CIN_05550010550,1,1,1,1,1,0,0,20250915,20261231
CIN_05550010620,1,1,1,1,1,1,1,20250915,20261231
CIN_05550010644,1,1,1,1,1,0,0,20250915,20261231
CIN_05550010700,1,1,1,1,1,0,0,20200914,20261231
CIN_05550010730,1,1,1,1,1,0,0,20200914,20261231
CIN_05550010735,0,0,0,0,0,1,1,20200914,20261231
CIN_05550010810,1,1,1,1,1,0,0,20250915,20261231
CIN_05550010835,0,0,0,0,0,1,1,20210328,20261231
CIN_05550010845,1,1,1,1,1,0,0,20250915,20261231
CIN_05550010945,1,1,1,1,1,0,0,20200914,20261231
CIN_05550010950,0,0,0,0,0,1,1,20200914,20261231
CIN_05550011015,1,1,1,1,1,0,0,20200914,20261231
CIN_05550011050,0,0,0,0,0,1,1,20210328,20261231
CIN_05550011051,1,1,1,1,1,0,0,20250915,20261231
CIN_05550011130,1,1,1,1,1,0,0,20250915,20261231
CIN_05550011205,0,0,0,0,0,1,1,20200914,20261231
CIN_05550011219,1,1,1,1,1,0,0,20240402,20261231
CIN_05550011245,1,1,1,1,1,0,0,20200928,20261231
CIN_05550011305,0,0,0,0,0,1,1,20210328,20261231
CIN_05550011325,1,1,1,1,1,0,0,20250915,20261231
CIN_05550011405,1,1,1,1,1,0,0,20240402,20261231
CIN_05550011420,0,0,0,0,0,1,1,20200914,20261231
CIN_05550011423,1,1,1,1,1,0,0,20250915,20261231
CIN_05550011445,1,1,1,1,1,0,0,20200914,20261231
CIN_05550011520,0,0,0,0,0,1,1,20240402,20261231
CIN_05550011525,1,1,1,1,1,0,0,20250915,20261231
CIN_05550011600,1,1,1,1,1,0,0,20250915,20261231
CIN_05550011630,1,1,1,1,1,0,0,20240402,20261231
CIN_05550011635,0,0,0,0,0,1,1,20200914,20261231
CIN_05550011654,1,1,1,1,1,0,0,20250915,20261231
CIN_05550011720,1,1,1,1,1,0,0,20200914,20261231
CIN_05550011735,0,0,0,0,0,1,1,20210328,20261231
CIN_05550011750,1,1,1,1,1,0,0,20250915,20261231
CIN_05550011845,1,1,1,1,1,0,0,20250915,20261231
CIN_05550011850,0,0,0,0,0,1,1,20200914,20261231
CIN_05550011920,1,1,1,1,1,0,0,20250915,20261231
CIN_05550011950,0,0,0,0,0,1,1,20210328,20261231
CIN_05550012005,1,1,1,1,1,0,0,20250915,20261231
CIN_05550012035,1,1,1,1,1,0,0,20250915,20261231
CIN_05550012105,0,0,0,0,0,1,1,20240402,20261231
CIN_05550012125,1,1,1,1,1,0,0,20250915,20261231
CIN_05550012205,0,0,0,0,0,1,0,20250915,20261231
CIN_05550030520,1,1,1,1,1,0,0,20250915,20261231
CIN_05550030545,1,1,1,1,1,0,0,20200914,20261231
CIN_05550030555,0,0,0,0,0,1,1,20250915,20261231
CIN_05550070636,1,1,1,1,1,0,0,20250915,20261231
CIN_05550070750,1,1,1,1,1,0,0,20250915,20261231
CIN_05550070906,1,1,1,1,1,0,0,20250915,20261231
CIN_05550070918,1,1,1,1,1,0,0,20250915,20261231
CIN_05550071025,1,1,1,1,1,0,0,20250915,20261231
CIN_05550071038,1,1,1,1,1,0,0,20250915,20261231
CIN_05550071140,1,1,1,1,1,0,0,20250915,20261231
CIN_05550071155,1,1,1,1,1,0,0,20250915,20261231
CIN_05550071259,1,1,1,1,1,0,0,20250915,20261231
CIN_05550071309,1,1,1,1,1,0,0,20250915,20261231
CIN_05550071415,1,1,1,1,1,0,0,20250915,20261231
CIN_05550071535,1,1,1,1,1,0,0,20250915,20261231
CIN_05550071700,1,1,1,1,1,0,0,20250915,20261231
CIN_05550071815,1,1,1,1,1,0,0,20250915,20261231
CIN_05550071931,1,1,1,1,1,0,0,20250915,20261231
CIN_05550071937,1,1,1,1,1,0,0,20250915,20261231
CIN_05550072052,1,1,1,1,1,0,0,20250915,20261231
CIN_05550072155,1,1,1,1,1,0,0,20250915,20261231
CIN_05550072230,1,1,1,1,1,0,0,20250915,20261231
CIN_05551032135,1,1,1,1,1,0,0,20250915,20261231
CIN_05551032215,0,0,0,0,0,1,1,20250915,20261231
CIN_05551040555,1,1,1,1,1,0,0,20250915,20261231
CIN_05551040620,1,1,1,1,1,0,0,20250915,20261231
CIN_05551040630,0,0,0,0,0,1,1,20250915,20261231
CIN_05551040650,1,1,1,1,1,0,0,20250915,20261231
CIN_05551040730,1,1,1,1,1,0,0,20250915,20261231
CIN_05551040731,0,0,0,0,0,1,1,20250915,20261231
CIN_05551040800,1,1,1,1,1,0,0,20250915,20261231
CIN_05551040825,1,1,1,1,1,0,0,20250915,20261231
CIN_05551040845,0,0,0,0,0,1,1,20250915,20261231
CIN_05551040855,1,1,1,1,1,0,0,20250915,20261231
CIN_05551040935,1,1,1,1,1,0,0,20250915,20261231
CIN_05551040945,0,0,0,0,0,1,1,20250915,20261231
CIN_05551041015,1,1,1,1,1,0,0,20250915,20261231
CIN_05551041100,1,1,1,1,1,0,0,20250915,20261231
CIN_05551041101,0,0,0,0,0,1,1,20250915,20261231
CIN_05551041130,1,1,1,1,1,0,0,20250915,20261231
CIN_05551041200,0,0,0,0,0,1,1,20250915,20261231
CIN_05551041210,1,1,1,1,1,0,0,20250915,20261231
CIN_05551041250,1,1,1,1,1,0,0,20250915,20261231
CIN_05551041315,0,0,0,0,0,1,1,20250915,20261231
CIN_05551041330,1,1,1,1,1,0,0,20250915,20261231
CIN_05551041410,1,1,1,1,1,0,0,20250915,20261231
CIN_05551041415,0,0,0,0,0,1,1,20250915,20261231
CIN_05551041445,1,1,1,1,1,0,0,20250915,20261231
CIN_05551041515,1,1,1,1,1,0,0,20250915,20261231
CIN_05551041530,0,0,0,0,0,1,1,20250915,20261231
CIN_05551041538,1,1,1,1,1,0,0,20250915,20261231
CIN_05551041600,1,1,1,1,1,0,0,20250915,20261231
CIN_05551041630,0,0,0,0,0,1,1,20250915,20261231
CIN_05551041635,1,1,1,1,1,0,0,20250915,20261231
CIN_05551041725,1,1,1,1,1,0,0,20250915,20261231
CIN_05551041745,0,0,0,0,0,1,1,20250915,20261231
CIN_05551041800,1,1,1,1,1,0,0,20250915,20261231
CIN_05551041816,1,1,1,1,1,0,0,20250915,20261231
CIN_05551041845,1,1,1,1,1,0,0,20250915,20261231
CIN_05551041846,0,0,0,0,0,1,1,20250915,20261231
CIN_05551041915,1,1,1,1,1,0,0,20250915,20261231
CIN_05551042000,0,0,0,0,0,1,1,20250915,20261231
CIN_05551042010,1,1,1,1,1,0,0,20250915,20261231
CIN_05551042045,1,1,1,1,1,0,0,20250915,20261231
CIN_05551042100,0,0,0,0,0,1,1,20250915,20261231
CIN_05551042120,1,1,1,1,1,0,0,20250915,20261231
CIN_05551042235,1,1,1,1,1,0,0,20250915,20261231
CIN_05551042315,0,0,0,0,0,1,0,20250915,20261231
CIN_05551100600,1,1,1,1,1,0,0,20250915,20261231
CIN_05551100610,1,1,1,1,1,0,0,20250915,20261231
CIN_05551100714,1,1,1,1,1,0,0,20250915,20261231
CIN_05551100826,1,1,1,1,1,0,0,20250915,20261231
CIN_05551100945,1,1,1,1,1,0,0,20250915,20261231
CIN_05551100958,1,1,1,1,1,0,0,20250915,20261231
CIN_05551101100,1,1,1,1,1,0,0,20250915,20261231
CIN_05551101115,1,1,1,1,1,0,0,20250915,20261231
CIN_05551101219,1,1,1,1,1,0,0,20250915,20261231
CIN_05551101228,1,1,1,1,1,0,0,20250915,20261231
CIN_05551101335,1,1,1,1,1,0,0,20250915,20261231
CIN_05551101342,1,1,1,1,1,0,0,20250915,20261231
CIN_05551101455,1,1,1,1,1,0,0,20250915,20261231
CIN_05551101620,1,1,1,1,1,0,0,20250915,20261231
CIN_05551101735,1,1,1,1,1,0,0,20250915,20261231
CIN_05551101855,1,1,1,1,1,0,0,20250915,20261231
CIN_05551102013,1,1,1,1,1,0,0,20250915,20261231
CIN_05551102231,1,1,1,1,1,0,0,20250915,20261231
CIN_05570020851,1,1,1,1,1,0,0,20220613,20261231
CIN_05570020954,1,1,1,1,1,0,0,20220613,20261231
CIN_05570021054,0,0,0,0,0,1,1,20220613,20261231
CIN_05570021254,1,1,1,1,1,1,1,20220613,20261231
CIN_05570021454,1,1,1,1,1,0,0,20220613,20261231
CIN_05570021609,1,1,1,1,1,0,0,20220613,20261231
CIN_05570021716,1,1,1,1,1,0,0,20220613,20261231
CIN_05570021754,0,0,0,0,0,1,1,20220613,20261231
CIN_05570021916,1,1,1,1,1,0,0,20220613,20261231
CIN_05570021954,0,0,0,0,0,1,1,20220613,20261231
CIN_05570022116,1,1,1,1,1,0,0,20220613,20261231
CIN_05570040749,1,1,1,1,1,0,0,20220613,20261231
CIN_05570040959,0,0,0,0,0,1,1,20220613,20261231
CIN_05570041054,1,1,1,1,1,0,0,20220613,20261231
CIN_05570041154,1,1,1,1,1,1,1,20220613,20261231
CIN_05570041354,1,1,1,1,1,0,0,20220613,20261231
CIN_05570041659,0,0,0,0,0,1,1,20220613,20261231
CIN_05570041818,1,1,1,1,1,0,0,20220613,20261231
CIN_05570041854,0,0,0,0,0,1,1,20220613,20261231
CIN_05570042016,1,1,1,1,1,0,0,20220613,20261231
CIN_05570090658,1,1,1,1,1,0,0,20220613,20261231
CIN_05570090907,0,0,0,0,0,1,1,20220613,20261231
CIN_05570091604,0,0,0,0,0,1,1,20220613,20261231
CIN_05571040925,1,1,1,1,1,0,0,20220613,20261231
CIN_05571041025,0,0,0,0,0,1,1,20220613,20261231
CIN_05571041125,1,1,1,1,1,1,1,20220613,20261231
CIN_05571041325,1,1,1,1,1,0,0,20220613,20261231
CIN_05571041540,1,1,1,1,1,0,0,20220613,20261231
CIN_05571041725,0,0,0,0,0,1,1,20220613,20261231
CIN_05571041749,1,1,1,1,1,0,0,20220613,20261231
CIN_05571041825,0,0,0,0,0,1,1,20220613,20261231
CIN_05571041947,1,1,1,1,1,0,0,20220613,20261231
CIN_05571060715,1,1,1,1,1,0,0,20220613,20261231
CIN_05571060817,1,1,1,1,1,0,0,20220613,20261231
CIN_05571060925,0,0,0,0,0,1,1,20220613,20261231
CIN_05571061025,1,1,1,1,1,0,0,20220613,20261231
CIN_05571061225,1,1,1,1,1,0,0,20220613,20261231
CIN_05571061226,0,0,0,0,0,1,1,20220613,20261231
CIN_05571061420,1,1,1,1,1,0,0,20220613,20261231
CIN_05571061625,0,0,0,0,0,1,1,20220613,20261231
CIN_05571061642,1,1,1,1,1,0,0,20220613,20261231
CIN_05571061847,1,1,1,1,1,0,0,20220613,20261231
CIN_05571061925,0,0,0,0,0,1,1,20220613,20261231
CIN_05571062047,1,1,1,1,1,0,0,20220613,20261231
CIN_05571131325,0,0,0,0,0,1,1,20220613,20261231
CIN_05571132025,0,0,0,0,0,1,1,20220613,20261231
CIN_05571132140,1,1,1,1,1,0,0,20220613,20261231
CIN_05580030949,1,1,1,1,1,0,0,20250401,20260630
CIN_05580031325,1,1,1,1,1,0,0,20250401,20260630
CIN_05580031759,1,1,1,1,1,0,0,20250401,20260630
CIN_05580031941,1,1,1,1,1,0,0,20251006,20260630
CIN_05580040755,1,1,1,1,1,0,0,20250401,20260630
CIN_05590010656,1,1,1,1,0,0,0,20240902,20261231
CIN_05590010755,1,1,1,1,0,1,0,20240902,20261231
CIN_05590010854,1,1,1,1,0,1,1,20240902,20261231
CIN_05590010954,1,1,1,1,0,1,1,20240902,20261231
CIN_05590011054,1,1,1,1,0,1,1,20240902,20261231
CIN_05590011154,1,1,1,1,0,1,1,20240902,20261231
CIN_05590011254,1,1,1,1,0,1,1,20240902,20261231
CIN_05590011354,1,1,1,1,0,1,1,20240902,20261231
CIN_05590011454,1,1,1,1,0,1,1,20240902,20261231
CIN_05590011554,1,1,1,1,1,1,1,20240902,20261231
CIN_05590011654,1,1,1,1,1,1,1,20240902,20261231
CIN_05590011754,1,1,1,1,1,1,1,20240902,20261231
CIN_05590011854,1,1,1,1,1,1,1,20240902,20261231
CIN_05590011954,1,1,1,1,1,1,1,20240902,20261231
CIN_05590012054,1,1,1,1,1,0,0,20240902,20261231
CIN_05590022154,1,1,1,1,1,0,0,20240902,20261231
CIN_05590030656,0,0,0,0,1,0,0,20240902,20261231
CIN_05590030755,0,0,0,0,1,0,0,20240902,20261231
CIN_05590030854,0,0,0,0,1,0,0,20240902,20261231
CIN_05590030954,0,0,0,0,1,0,0,20240902,20261231
CIN_05590031054,0,0,0,0,1,0,0,20240902,20261231
CIN_05590031154,0,0,0,0,1,0,0,20240902,20261231
CIN_05590031254,0,0,0,0,1,0,0,20240902,20261231
CIN_05590031354,0,0,0,0,1,0,0,20240902,20261231
CIN_05590031454,0,0,0,0,1,0,0,20240902,20261231
CIN_05591020640,1,1,1,1,0,0,0,20240902,20261231
CIN_05591020702,0,0,0,0,0,1,1,20180101,20261231
CIN_05591020742,0,0,0,0,0,1,0,20240902,20261231
CIN_05591040640,0,0,0,0,1,0,0,20240902,20261231
CIN_05591050725,1,1,1,1,0,0,0,20240902,20261231
CIN_05591050824,1,1,1,1,0,1,0,20240902,20261231
CIN_05591050923,1,1,1,1,0,1,1,20240902,20261231
CIN_05591051023,1,1,1,1,0,1,1,20240902,20261231
CIN_05591051123,1,1,1,1,0,1,1,20240902,20261231
CIN_05591051223,1,1,1,1,0,1,1,20240902,20261231
CIN_05591051323,1,1,1,1,0,1,1,20240902,20261231
CIN_05591051423,1,1,1,1,0,1,1,20240902,20261231
CIN_05591051523,1,1,1,1,1,1,1,20240902,20261231
CIN_05591051623,1,1,1,1,1,1,1,20240902,20261231
CIN_05591051723,1,1,1,1,1,1,1,20240902,20261231
CIN_05591051823,1,1,1,1,1,1,1,20240902,20261231
CIN_05591051923,1,1,1,1,1,1,1,20240902,20261231
CIN_05591052023,1,1,1,1,1,1,1,20240902,20261231
CIN_05591052123,1,1,1,1,1,0,0,20240902,20261231
CIN_05591060725,0,0,0,0,1,0,0,20240902,20261231
CIN_05591060824,0,0,0,0,1,0,0,20240902,20261231
CIN_05591060923,0,0,0,0,1,0,0,20240902,20261231
CIN_05591061023,0,0,0,0,1,0,0,20240902,20261231
CIN_05591061123,0,0,0,0,1,0,0,20240902,20261231
CIN_05591061223,0,0,0,0,1,0,0,20240902,20261231
CIN_05591061323,0,0,0,0,1,0,0,20240902,20261231
CIN_05591061423,0,0,0,0,1,0,0,20240902,20261231
CIN_05600040800,1,1,1,1,1,0,0,20200622,20261231
CIN_05600040900,1,1,1,1,1,0,0,20210913,20261231
CIN_05600041015,0,0,0,0,0,1,0,20210913,20261231
CIN_05600041100,1,1,1,1,1,0,0,20210913,20261231
CIN_05600041200,1,1,1,1,1,0,0,20200622,20261231
CIN_05600041300,1,1,1,1,1,0,0,20210913,20261231
CIN_05600041400,1,1,1,1,1,0,0,20200622,20261231
CIN_05600041700,1,1,1,1,1,0,0,20200318,20261231
CIN_05600041800,1,1,1,1,1,0,0,20210913,20261231
CIN_05600041900,1,1,1,1,1,0,0,20200318,20261231
CIN_05600041915,0,0,0,0,0,1,0,20210913,20261231
CIN_05601040700,1,1,1,1,1,0,0,20200318,20261231
CIN_05601040800,1,1,1,1,1,0,0,20210913,20261231
CIN_05601040900,1,1,1,1,1,1,0,20210913,20261231
CIN_05601041000,1,1,1,1,1,0,0,20210913,20261231
CIN_05601041200,1,1,1,1,1,0,0,20210913,20261231
CIN_05601041300,1,1,1,1,1,0,0,20200318,20261231
CIN_05601041530,1,1,1,1,1,0,0,20210913,20261231
CIN_05601041700,1,1,1,1,1,0,0,20210913,20261231
CIN_05601041800,1,1,1,1,1,1,0,20210913,20261231
CIN_05650010630,1,1,1,1,1,0,0,20221002,20261231
CIN_05650010915,1,1,1,1,1,0,0,20221002,20261231
CIN_05650011113,0,0,1,0,0,0,0,20221002,20261231
CIN_05650011232,0,0,1,0,0,0,0,20221002,20261231
CIN_05650011416,1,1,1,1,1,0,0,20221002,20261231
CIN_05650011610,1,1,1,1,1,0,0,20221002,20261231
CIN_05650011832,1,1,1,1,1,0,0,20221002,20261231
CIN_05650011907,1,1,1,1,1,0,0,20251006,20261231
CIN_05651010647,1,1,1,1,1,0,0,20210322,20261231
CIN_05651011130,0,0,1,0,0,0,0,20221002,20261231
CIN_05651011248,0,0,1,0,0,0,0,20221002,20261231
CIN_05651011626,1,1,1,1,1,0,0,20221002,20261231
CIN_05651011848,1,1,1,1,1,0,0,20221002,20261231
CIN_05651011923,1,1,1,1,1,0,0,20251006,20261231
CIN_05651020931,1,1,1,1,1,0,0,20221002,20261231
CIN_05651031432,1,1,1,1,1,0,0,20221002,20261231
CIN_05660010948,0,0,1,0,0,0,0,20221002,20261231
CIN_05660011148,0,0,1,0,0,0,0,20221002,20261231
CIN_05661011012,0,0,1,0,0,0,0,20221002,20261231
CIN_05661011134,1,1,1,1,1,0,0,20221002,20261231
CIN_05661011212,0,0,1,0,0,0,0,20221002,20261231
CIN_05661012018,1,1,1,1,1,0,0,20221002,20261231
CIN_05670010736,1,1,1,1,1,0,0,20200914,20261231
CIN_05670061358,1,1,1,1,1,0,0,20221002,20261231
CIN_05670071053,1,1,1,1,1,0,0,20221002,20261231
CIN_05670071937,1,1,1,1,1,0,0,20221002,20261231
CIN_05670101553,1,1,1,1,1,0,0,20221002,20261231
CIN_05671011447,1,1,1,1,1,0,0,20221002,20261231
CIN_05671020839,1,1,1,1,1,0,0,20220102,20261231
CIN_05671050705,1,1,1,1,1,0,0,20221002,20261231
CIN_05671051022,1,1,1,1,1,0,0,20221002,20261231
CIN_05671051906,1,1,1,1,1,0,0,20221002,20261231
CIN_05680010715,1,1,1,1,1,0,0,20221002,20261231
CIN_05680010834,1,1,1,1,1,0,0,20221002,20261231
CIN_05680011032,0,0,1,0,0,0,0,20221002,20261231
CIN_05680011254,0,0,1,0,0,0,0,20221002,20261231
CIN_05680011335,1,1,1,1,1,0,0,20221002,20261231
CIN_05680011718,1,1,1,1,1,0,0,20221002,20261231
CIN_05680012014,1,1,1,1,1,0,0,20251006,20261231
CIN_05680021500,1,1,1,1,1,0,0,20221002,20261231
CIN_05681051057,0,0,1,0,0,0,0,20251006,20261231
CIN_05681051743,1,1,1,1,1,0,0,20251006,20261231
CIN_05681052039,1,1,1,1,1,0,0,20251006,20261231
CIN_05681060859,1,1,1,1,1,0,0,20251006,20261231
CIN_05681061319,0,0,1,0,0,0,0,20251006,20261231
CIN_05681061400,1,1,1,1,1,0,0,20251006,20261231
CIN_05681061528,1,1,1,1,1,0,0,20251006,20261231
CIN_05681070739,1,1,1,1,1,0,0,20251006,20261231
CIN_05760010805,0,0,0,0,0,1,1,20220409,20261231
CIN_05760010905,0,0,0,0,0,1,1,20220409,20261231
CIN_05760011005,0,0,0,0,0,1,1,20220409,20261231
CIN_05760011105,0,0,0,0,0,1,1,20220409,20261231
CIN_05760011205,0,0,0,0,0,1,1,20220409,20261231
CIN_05760011530,0,0,0,0,0,1,1,20220409,20261231
CIN_05760011630,0,0,0,0,0,1,1,20220409,20261231
CIN_05760011730,0,0,0,0,0,1,1,20220409,20261231
CIN_05761010835,0,0,0,0,0,1,1,20220409,20261231
CIN_05761010935,0,0,0,0,0,1,1,20220409,20261231
CIN_05761011035,0,0,0,0,0,1,1,20220409,20261231
CIN_05761011135,0,0,0,0,0,1,1,20220409,20261231
CIN_05761011235,0,0,0,0,0,1,1,20220409,20261231
CIN_05761011600,0,0,0,0,0,1,1,20220409,20261231
CIN_05761011700,0,0,0,0,0,1,1,20220409,20261231
CIN_05761011800,0,0,0,0,0,1,1,20220409,20261231
CIN_05800060020,1,1,1,1,1,0,0,20250428,20261231
CIN_05800060050,0,0,0,0,0,1,1,20250428,20261231
CIN_05800060250,0,0,0,0,0,1,1,20250428,20261231
CIN_05800060255,1,1,1,1,1,0,0,20250428,20261231
CIN_05800060420,0,0,0,0,0,1,1,20250428,20261231
CIN_05800070045,0,0,0,0,0,1,1,20220601,20261231
CIN_05811042332,1,1,1,1,0,0,0,20250428,20261231
CIN_05811050125,0,0,0,0,0,1,1,20250428,20261231
CIN_05811050133,1,1,1,1,1,0,0,20250428,20261231
CIN_05811050208,0,0,0,0,0,1,1,20250428,20261231
CIN_05811052325,0,0,0,0,1,1,0,20250428,20261231
CIN_05811060408,1,1,1,1,1,0,0,20220601,20261231
CIN_05811060409,0,0,0,0,0,1,1,20220601,20261231
CIN_05880010914,1,1,1,1,1,0,0,20221002,20261231
CIN_05880011333,1,1,1,1,1,0,0,20221002,20261231
CIN_05880011644,1,1,1,1,1,0,0,20221002,20261231
CIN_05881010930,1,1,1,1,1,0,0,20221002,20261231
CIN_05881011349,1,1,1,1,1,0,0,20221002,20261231
CIN_05881011700,1,1,1,1,1,0,0,20221002,20261231
CIN_05970010550,1,1,1,1,1,0,0,20230502,20261231
CIN_05970020632,1,1,1,1,1,0,0,20230502,20261231
CIN_05970020735,1,1,1,1,1,0,0,20180101,20261231
CIN_05970020903,1,1,1,1,1,0,0,20180101,20261231
CIN_05970020956,0,0,0,0,0,1,1,20200701,20261231
CIN_05970021003,1,1,1,1,1,0,0,20180101,20261231
CIN_05970021103,1,1,1,1,1,0,0,20180101,20261231
CIN_05970021156,0,0,0,0,0,1,1,20200701,20261231
CIN_05970021203,1,1,1,1,1,0,0,20180101,20261231
CIN_05970021303,1,1,1,1,1,0,0,20180101,20261231
CIN_05970021356,1,1,1,1,1,0,0,20230502,20261231
CIN_05970021556,1,1,1,1,1,0,0,20230502,20261231
CIN_05970021656,1,1,1,1,1,0,0,20230502,20261231
CIN_05970021756,1,1,1,1,1,0,0,20230502,20261231
CIN_05970021856,1,1,1,1,1,0,0,20230502,20261231
CIN_05970021857,0,0,0,0,0,1,1,20230502,20261231
CIN_05970021956,1,1,1,1,1,0,0,20230502,20261231
CIN_05970030819,1,1,1,1,1,0,0,20230502,20261231
CIN_05970030838,1,1,1,1,1,0,0,20180101,20261231
CIN_05970030856,0,0,0,0,0,1,1,20200701,20261231
CIN_05970030933,1,1,1,1,1,0,0,20230502,20261231
CIN_05970031033,1,1,1,1,1,0,0,20230502,20261231
CIN_05970031056,0,0,0,0,0,1,1,20200701,20261231
CIN_05970031133,1,1,1,1,1,0,0,20230502,20261231
CIN_05970031233,1,1,1,1,1,0,0,20230502,20261231
CIN_05970031333,1,1,1,1,1,0,0,20230502,20261231
CIN_05970031426,1,1,1,1,1,0,0,20230502,20261231
CIN_05970031456,1,1,1,1,1,0,0,20230502,20261231
CIN_05970031526,1,1,1,1,1,0,0,20230502,20261231
CIN_05970031626,1,1,1,1,1,0,0,20230502,20261231
CIN_05970031726,1,1,1,1,1,0,0,20230502,20261231
CIN_05970031756,0,0,0,0,0,1,1,20200701,20261231
CIN_05970031826,1,1,1,1,1,0,0,20230502,20261231
CIN_05970031926,1,1,1,1,1,0,0,20230502,20261231
CIN_05970032026,1,1,1,1,1,0,0,20230502,20261231
CIN_05970032056,1,1,1,1,1,0,0,20230502,20261231
CIN_05970032128,1,1,1,1,1,0,0,20180101,20261231
CIN_05970032200,1,1,1,1,1,0,0,20180101,20261231
CIN_05970050819,0,0,0,0,0,1,1,20200701,20261231
CIN_05970051719,0,0,0,0,0,1,1,20200701,20261231
CIN_05970071956,0,0,0,0,0,1,1,20230502,20261231
CIN_05970072230,1,1,1,1,1,0,0,20230502,20261231
CIN_05970150602,1,1,1,1,1,0,0,20230502,20261231
CIN_05970150617,1,1,1,1,1,0,0,20230502,20261231
CIN_05970150647,1,1,1,1,1,0,0,20230502,20261231
CIN_05970150702,1,1,1,1,1,0,0,20230502,20261231
CIN_05970150716,1,1,1,1,1,0,0,20230502,20261231
CIN_05970150802,1,1,1,1,1,0,0,20230502,20261231
CIN_05980050735,1,1,1,1,1,0,0,20200511,20261231
CIN_05980060800,1,1,1,1,1,0,0,20200511,20261231
CIN_05980070833,1,1,1,1,1,0,0,20200511,20261231
CIN_05980070950,1,1,1,1,1,0,0,20200511,20261231
CIN_05980071030,1,1,1,1,1,0,0,20200511,20261231
CIN_05980071110,1,1,1,1,1,0,0,20200511,20261231
CIN_05980071150,1,1,1,1,1,0,0,20200511,20261231
CIN_05980071225,1,1,1,1,1,0,0,20200511,20261231
CIN_05980071300,1,1,1,1,1,0,0,20200511,20261231
CIN_05980071430,1,1,1,1,1,0,0,20200914,20261231
CIN_05980071550,1,1,1,1,1,0,0,20200511,20261231
CIN_05980071710,1,1,1,1,1,0,0,20200511,20261231
CIN_05980071750,1,1,1,1,1,0,0,20200511,20261231
CIN_05980080910,1,1,1,1,1,0,0,20200511,20261231
CIN_05980081510,1,1,1,1,1,0,0,20200511,20261231
CIN_05980081630,1,1,1,1,1,0,0,20200511,20261231
CIN_05980081830,1,1,1,1,1,0,0,20200511,20261231
COS_06010060540,1,1,1,1,1,0,0,20250505,20261231
COS_06010060635,1,1,1,1,1,0,0,20250505,20261231
COS_06010060636,0,0,0,0,0,1,1,20250505,20261231
COS_06010060650,1,1,1,1,1,0,0,20250505,20261231
COS_06010060720,1,1,1,1,1,0,0,20250505,20261231
COS_06010061310,1,1,1,1,1,0,0,20250505,20261231
COS_06010061340,0,0,0,0,0,1,1,20250505,20261231
COS_06010061410,1,1,1,1,1,0,0,20250505,20261231
COS_06010070800,1,1,1,1,1,0,0,20250505,20261231
COS_06010070855,0,0,0,0,0,1,1,20250505,20261231
COS_06010070905,1,1,1,1,1,0,0,20250505,20261231
COS_06010071015,1,1,1,1,1,0,0,20250505,20261231
COS_06010071110,0,0,0,0,0,1,1,20250505,20261231
COS_06010071125,1,1,1,1,1,0,0,20250505,20261231
COS_06010071240,1,1,1,1,1,0,0,20250505,20261231
COS_06010071350,1,1,1,1,1,0,0,20250505,20261231
COS_06010071455,1,1,1,1,1,0,0,20250505,20261231
COS_06010071540,1,1,1,1,1,0,0,20250505,20261231
COS_06010071600,0,0,0,0,0,1,1,20250505,20261231
COS_06010071610,1,1,1,1,1,0,0,20250505,20261231
COS_06010071640,1,1,1,1,1,0,0,20250505,20261231
COS_06010071710,1,1,1,1,1,0,0,20250505,20261231
COS_06010071755,1,1,1,1,1,0,0,20250505,20261231
COS_06010071810,0,0,0,0,0,1,1,20250505,20261231
COS_06010071825,1,1,1,1,1,0,0,20250505,20261231
COS_06010071930,1,1,1,1,1,0,0,20250505,20261231
COS_06010072030,0,0,0,0,0,1,1,20250505,20261231
COS_06010072040,1,1,1,1,1,0,0,20250505,20261231
COS_06011010650,1,1,1,1,1,0,0,20250505,20261231
COS_06011010745,0,0,0,0,0,1,1,20250505,20261231
COS_06011010755,1,1,1,1,1,0,0,20250505,20261231
COS_06011010810,1,1,1,1,1,0,0,20250505,20261231
COS_06011010835,1,1,1,1,1,0,0,20250505,20261231
COS_06011010905,1,1,1,1,1,0,0,20250505,20261231
COS_06011011000,0,0,0,0,0,1,1,20250505,20261231
COS_06011011015,1,1,1,1,1,0,0,20250505,20261231
COS_06011011130,1,1,1,1,1,0,0,20250505,20261231
COS_06011011210,0,0,0,0,0,1,1,20250505,20261231
COS_06011011240,1,1,1,1,1,0,0,20250505,20261231
COS_06011011345,1,1,1,1,1,0,0,20250505,20261231
COS_06011011430,1,1,1,1,1,0,0,20250505,20261231
COS_06011011450,0,0,0,0,0,1,1,20250505,20261231
COS_06011011500,1,1,1,1,1,0,0,20250505,20261231
COS_06011011530,1,1,1,1,1,0,0,20250505,20261231
COS_06011011600,1,1,1,1,1,0,0,20250505,20261231
COS_06011011645,1,1,1,1,1,0,0,20250505,20261231
COS_06011011700,0,0,0,0,0,1,1,20250505,20261231
COS_06011011715,1,1,1,1,1,0,0,20250505,20261231
COS_06011011750,1,1,1,1,1,0,0,20250505,20261231
COS_06011011820,1,1,1,1,1,0,0,20250505,20261231
COS_06011011900,1,1,1,1,1,0,0,20250505,20261231
COS_06011011920,0,0,0,0,0,1,1,20250505,20261231
COS_06011011930,1,1,1,1,1,0,0,20250505,20261231
COS_06011012040,1,1,1,1,1,0,0,20250505,20261231
COS_06011012130,0,0,0,0,0,1,1,20250505,20261231
COS_06011012140,1,1,1,1,1,0,0,20250505,20261231
COS_06020030935,1,1,1,1,1,0,0,20230401,20261231
COS_06020051345,1,1,1,1,1,1,1,20230904,20261231
COS_06020051645,1,1,1,1,1,0,0,20230904,20261231
COS_06020101000,1,1,1,1,1,1,1,20230401,20261231
COS_06021031535,1,1,1,1,1,0,0,20230904,20261231
COS_06021051435,1,1,1,1,1,1,1,20250428,20261231
COS_06021210745,1,1,1,1,1,1,1,20250428,20261231
COS_06021211135,1,1,1,1,1,0,0,20250428,20261231
COS_06030101015,1,1,1,1,0,1,0,20250621,20261231
COS_06030271820,1,1,1,1,1,1,1,20250621,20261231
COS_06030321315,1,1,1,1,0,1,1,20231101,20261231
COS_06030322045,1,1,1,1,1,1,1,20231101,20261231
COS_06030381015,0,0,0,0,1,0,0,20250621,20261231
COS_06030401315,0,0,0,0,1,0,0,20231101,20261231
COS_06031090623,1,1,1,1,0,1,1,20231101,20261231
COS_06031091648,1,1,1,1,1,1,0,20231101,20261231
COS_06031101423,1,1,1,1,0,1,1,20231101,20261231
COS_06031250918,1,1,1,1,0,1,1,20231101,20261231
COS_06031281648,0,0,0,0,0,0,1,20250428,20261231
COS_06031320623,0,0,0,0,1,0,0,20231101,20261231
COS_06031330918,0,0,0,0,1,0,0,20231101,20261231
COS_06031341423,0,0,0,0,1,0,0,20231101,20261231
COS_06040010300,0,0,0,0,1,0,0,20260101,20260328
COS_06040010345,1,0,0,0,0,1,1,20260101,20260328
COS_06040010501,1,0,0,0,0,0,0,20260201,20260328
COS_06040010600,0,0,0,0,0,1,0,20260101,20260328
COS_06040010800,0,0,0,0,0,0,1,20260201,20260328
COS_06040010815,1,0,0,0,0,0,0,20260101,20260328
COS_06040010830,0,0,0,0,1,0,0,20260101,20260328
COS_06040010930,0,0,0,0,1,0,1,20260101,20260328
COS_06040010931,0,0,0,1,0,0,0,20260319,20260328
COS_06040010945,0,0,0,0,0,1,0,20260101,20260328
COS_06040011145,0,1,0,0,0,1,0,20260101,20260328
COS_06040011245,0,0,0,0,0,1,1,20260201,20260328
COS_06040011300,1,0,0,0,1,0,0,20260101,20260328
COS_06040011315,0,0,1,0,0,0,0,20260201,20260328
COS_06040011345,0,1,0,0,0,0,0,20260201,20260328
COS_06040011515,0,0,0,0,0,1,0,20260101,20260328
COS_06040011615,0,0,0,0,0,1,0,20260201,20260328
COS_06040011630,0,0,0,0,1,0,0,20260201,20260328
COS_06040011631,0,1,0,0,0,0,0,20260317,20260328
COS_06040011645,0,0,1,0,0,0,0,20260304,20260328
COS_06040011715,0,0,0,0,1,0,0,20260201,20260328
COS_06040011716,0,0,0,0,0,0,1,20260101,20260328
COS_06040011746,1,0,1,0,0,0,0,20260101,20260328
COS_06040011815,1,0,0,0,0,0,0,20260101,20260328
COS_06041010130,1,0,0,0,0,1,0,20260201,20260328
COS_06041010830,1,0,0,0,0,0,0,20260201,20260328
COS_06041011100,1,0,0,0,0,0,0,20260101,20260328
COS_06041011145,0,0,0,0,1,0,1,20260101,20260328
COS_06041011200,0,0,0,0,0,1,0,20260101,20260328
COS_06041011230,1,0,0,0,0,0,0,20260101,20260328
COS_06041011345,0,0,0,0,0,1,0,20260101,20260328
COS_06041011445,0,1,0,0,0,0,0,20260101,20260328
COS_06041011530,0,0,0,0,0,1,1,20260201,20260328
COS_06041011531,0,0,0,0,1,0,0,20260101,20260328
COS_06041011600,0,0,1,0,0,0,0,20260201,20260328
COS_06041011630,1,0,0,0,0,0,0,20260101,20260328
COS_06041011700,0,1,0,0,0,0,0,20260201,20260328
COS_06041011745,0,0,0,1,0,0,0,20260319,20260328
COS_06041011830,0,0,0,0,0,1,0,20260101,20260328
COS_06041011930,0,0,0,0,1,1,1,20260101,20260328
COS_06041011931,0,1,0,0,0,0,0,20260317,20260328
COS_06041012000,0,0,1,0,0,0,0,20260304,20260328
COS_06041012015,0,0,0,0,0,0,1,20260201,20260328
COS_06041012030,0,0,0,0,1,0,0,20260101,20260328
COS_06041012100,1,0,1,0,0,0,0,20260101,20260328
COS_06041012130,1,0,0,0,0,0,0,20260101,20260328
COS_06041012200,1,0,0,0,0,1,0,20260101,20260328
COS_06041012300,0,0,0,0,0,0,1,20260201,20260328
COS_06041012315,0,0,0,0,1,1,0,20260201,20260328
COS_06041012330,1,0,0,0,0,0,0,20260101,20260328
COS_06120010820,0,1,0,0,1,0,0,20180101,20261231
COS_06121011100,0,1,0,0,1,0,0,20180101,20261231
COS_06130010625,0,0,0,0,0,1,0,20251027,20260330
COS_06130011000,0,0,0,0,1,0,0,20251027,20260330
COS_06130011030,0,0,0,0,0,0,1,20251027,20260330
COS_06130011315,0,0,0,0,0,1,0,20251027,20260330
COS_06130012125,1,0,0,0,0,0,0,20251027,20260330
COS_06131010700,0,0,0,0,0,1,0,20251027,20260330
COS_06131011145,0,0,0,0,1,0,1,20251027,20260330
COS_06131011315,0,0,0,0,0,0,1,20251027,20260330
COS_06131011400,0,0,0,0,0,1,0,20251027,20260330
COS_06131012200,1,0,0,0,0,0,0,20251027,20260330
COS_06170010700,1,1,1,1,1,0,0,20200318,20261231
COS_06170010730,1,1,1,1,1,1,1,20200928,20261231
COS_06170010830,1,1,1,1,1,0,0,20200928,20261231
COS_06170010915,1,1,1,1,1,0,0,20200928,20261231
COS_06170010930,0,0,0,0,0,1,1,20200928,20261231
COS_06170010945,1,1,1,1,1,0,0,20200928,20261231
COS_06170011045,1,1,1,1,1,0,0,20200928,20261231
COS_06170011130,1,1,1,1,1,1,1,20200928,20261231
COS_06170011230,0,0,0,0,0,1,1,20200928,20261231
COS_06170011245,1,1,1,1,1,0,0,20200928,20261231
COS_06170011315,1,1,1,1,1,0,0,20200318,20261231
COS_06170011330,0,0,0,0,0,1,1,20200318,20261231
COS_06170011445,1,1,1,1,1,0,0,20200928,20261231
COS_06170011530,1,1,1,1,1,1,1,20200928,20261231
COS_06170011645,1,1,1,1,1,0,0,20200928,20261231
COS_06170011730,1,1,1,1,1,1,1,20200928,20261231
COS_06170011830,0,0,0,0,0,1,1,20200928,20261231
COS_06170011900,1,1,1,1,1,0,0,20200928,20261231
COS_06170011945,1,1,1,1,1,0,0,20200928,20261231
COS_06170012030,0,0,0,0,0,1,1,20200701,20261231
COS_06170012115,1,1,1,1,1,0,0,20200914,20261231
COS_06170012130,0,0,0,0,0,1,1,20200701,20261231
COS_06170012245,1,1,1,1,1,0,0,20200928,20261231
COS_06171010645,1,1,1,1,1,0,0,20200928,20261231
COS_06171010745,1,1,1,1,1,0,0,20200914,20261231
COS_06171010815,1,1,1,1,1,0,0,20200928,20261231
COS_06171010830,0,0,0,0,0,1,1,20200928,20261231
COS_06171010930,1,1,1,1,1,0,0,20200928,20261231
COS_06171011015,1,1,1,1,1,0,0,20200928,20261231
COS_06171011030,0,0,0,0,0,1,1,20200928,20261231
COS_06171011045,1,1,1,1,1,0,0,20200928,20261231
COS_06171011145,1,1,1,1,1,0,0,20200928,20261231
COS_06171011230,1,1,1,1,1,1,1,20200928,20261231
COS_06171011330,0,0,0,0,0,1,1,20200928,20261231
COS_06171011345,1,1,1,1,1,0,0,20200928,20261231
COS_06171011415,1,1,1,1,1,0,0,20200928,20261231
COS_06171011430,0,0,0,0,0,1,1,20200928,20261231
COS_06171011600,1,1,1,1,1,0,0,20200928,20261231
COS_06171011630,0,0,0,0,0,1,1,20200928,20261231
COS_06171011645,1,1,1,1,1,0,0,20200928,20261231
COS_06171011745,1,1,1,1,1,0,0,20200928,20261231
COS_06171011830,1,1,1,1,1,1,1,20200928,20261231
COS_06171011930,0,0,0,0,0,1,1,20200928,20261231
COS_06171012000,1,1,1,1,1,0,0,20200928,20261231
COS_06171012030,1,1,1,1,1,0,0,20200928,20261231
COS_06171012130,0,0,0,0,0,1,1,20200928,20261231
COS_06171012200,1,1,1,1,1,0,0,20200914,20261231
COS_06171012230,0,0,0,0,0,1,1,20200318,20261231
COS_06180010955,1,1,1,1,1,1,0,20250310,20261231
COS_06180011055,1,1,1,1,1,0,0,20231106,20261231
COS_06180011155,1,1,1,1,1,0,0,20231106,20261231
COS_06180011255,1,1,1,1,1,0,0,20231106,20261231
COS_06180011425,1,1,1,1,1,0,0,20250310,20261231
COS_06180011525,1,1,1,1,1,1,1,20231127,20261231
COS_06180011720,1,1,1,1,1,0,0,20250310,20261231
COS_06180011740,1,1,1,1,1,0,0,20250310,20261231
COS_06180011855,0,0,0,0,0,0,1,20250310,20260501
COS_06180011905,1,1,1,1,1,0,0,20250310,20260501
COS_06180020630,1,1,1,1,1,0,0,20250310,20261231
COS_06180020715,1,1,1,1,1,0,0,20231106,20261231
COS_06180020815,1,1,1,1,1,0,0,20231106,20261231
COS_06180020845,1,1,1,1,1,0,0,20250310,20261231
COS_06180042105,1,1,1,1,1,0,0,20250310,20261231
COS_06181010600,1,1,1,1,1,0,0,20231106,20261231
COS_06181010700,1,1,1,1,1,0,0,20231106,20261231
COS_06181010715,1,1,1,1,1,0,0,20250310,20261231
COS_06181020745,1,1,1,1,1,0,0,20250310,20261231
COS_06181020845,1,1,1,1,1,0,0,20250310,20261231
COS_06181020945,1,1,1,1,1,0,0,20231106,20261231
COS_06181021115,1,1,1,1,1,0,0,20250310,20261231
COS_06181040845,0,0,0,0,0,1,0,20250310,20261231
COS_06181041315,1,1,1,1,1,0,0,20250310,20261231
COS_06181041415,1,1,1,1,1,1,1,20231127,20261231
COS_06181041600,1,1,1,1,1,0,0,20250310,20261231
COS_06181041630,1,1,1,1,1,0,0,20250310,20261231
COS_06181041745,1,1,1,1,1,0,0,20250310,20261231
COS_06181041746,0,0,0,0,0,0,1,20250310,20261231
COS_06181041945,1,1,1,1,1,0,0,20250310,20261231
COS_06181050505,1,1,1,1,1,0,0,20250310,20261231
COS_06210011300,1,1,1,1,1,0,0,20250519,20261231
COS_06210020815,1,1,1,1,1,0,0,20250519,20261231
COS_06210022130,1,1,1,1,1,0,0,20250519,20261231
COS_06210030550,1,1,1,1,1,0,0,20250519,20261231
COS_06210030650,1,1,1,1,1,0,0,20250519,20261231
COS_06210031240,1,1,1,1,1,0,0,20250519,20261231
COS_06210070715,1,1,1,1,1,0,0,20250519,20261231
COS_06210071405,1,1,1,1,1,0,0,20250519,20261231
COS_06210071515,1,1,1,1,1,0,0,20250519,20261231
COS_06210081030,1,1,1,1,1,0,0,20250519,20261231
COS_06210081900,1,1,1,1,1,0,0,20250519,20261231
COS_06210090630,1,1,1,1,1,0,0,20250519,20261231
COS_06210091730,1,1,1,1,1,0,0,20250519,20261231
COS_06210100450,1,1,1,1,1,0,0,20250519,20261231
COS_06220040900,1,1,1,1,1,0,0,20200420,20261231
COS_06220041100,1,1,1,1,1,0,0,20200420,20261231
COS_06220041300,1,1,1,1,1,0,0,20200914,20261231
COS_06220041500,1,1,1,1,1,0,0,20200928,20261231
COS_06220041700,1,1,1,1,1,0,0,20200420,20261231
COS_06220041900,1,1,1,1,1,0,0,20200928,20261231
COS_06221040800,1,1,1,1,1,0,0,20200420,20261231
COS_06221041000,1,1,1,1,1,0,0,20200420,20261231
COS_06221041200,1,1,1,1,1,0,0,20200914,20261231
COS_06221041400,1,1,1,1,1,0,0,20200928,20261231
COS_06221041600,1,1,1,1,1,0,0,20200622,20261231
COS_06221041800,1,1,1,1,1,0,0,20200928,20261231
COS_06250021800,1,1,1,1,1,0,0,20200318,20261231
COS_06250030800,1,1,1,1,1,0,0,20200318,20261231
COS_06250031000,1,1,1,1,1,0,0,20200318,20261231
COS_06250031200,1,1,1,1,1,0,0,20200318,20261231
COS_06250031400,1,1,1,1,1,0,0,20200318,20261231
COS_06250031600,1,1,1,1,1,0,0,20200318,20261231
COS_06251020650,1,1,1,1,1,0,0,20200318,20261231
COS_06251030900,1,1,1,1,1,0,0,20200318,20261231
COS_06251031100,1,1,1,1,1,0,0,20200318,20261231
COS_06251031300,1,1,1,1,1,0,0,20200318,20261231
COS_06251031500,1,1,1,1,1,0,0,20200318,20261231
COS_06251031700,1,1,1,1,1,0,0,20200318,20261231
COS_06270051635,1,1,1,1,1,0,0,20190304,20261231
COS_06270060855,1,1,1,1,1,0,0,20230906,20261231
COS_06270060955,1,1,1,1,1,0,0,20230906,20261231
COS_06270061050,1,1,1,1,1,0,0,20230906,20261231
COS_06270061145,1,1,1,1,1,0,0,20230906,20261231
COS_06270061250,1,1,1,1,1,0,0,20230906,20261231
COS_06270061355,1,1,1,1,1,0,0,20230906,20261231
COS_06270061505,1,1,1,1,1,0,0,20230906,20261231
COS_06270061740,1,1,1,1,1,0,0,20200914,20261231
COS_06270061835,1,1,1,1,1,0,0,20230906,20261231
COS_06270061930,1,1,1,1,1,0,0,20230906,20261231
COS_06270070730,1,1,1,1,1,0,0,20230906,20261231
COS_06271031430,1,1,1,1,1,0,0,20230906,20261231
COS_06271060925,1,1,1,1,1,0,0,20230906,20261231
COS_06271061025,1,1,1,1,1,0,0,20230906,20261231
COS_06271061120,1,1,1,1,1,0,0,20230906,20261231
COS_06271061325,1,1,1,1,1,0,0,20230906,20261231
COS_06271061535,1,1,1,1,1,0,0,20230906,20261231
COS_06271061715,1,1,1,1,1,0,0,20230906,20261231
COS_06271061810,1,1,1,1,1,0,0,20230906,20261231
COS_06271061905,1,1,1,1,1,0,0,20230906,20261231
COS_06271062000,1,1,1,1,1,0,0,20230906,20261231
COS_06271070810,1,1,1,1,1,0,0,20230906,20261231
COS_06271071215,1,1,1,1,1,0,0,20230906,20261231
COS_06280010635,1,1,1,1,1,0,0,20200914,20261231
COS_06280011357,1,1,1,1,1,0,0,20240402,20261231
COS_06280061503,1,1,1,1,1,0,0,20240402,20261231
COS_06280070748,1,1,1,1,1,0,0,20231002,20261231
COS_06280071922,1,1,1,1,1,0,0,20240402,20261231
COS_06280080910,1,1,1,1,1,0,0,20231002,20261231
COS_06280091202,1,1,1,1,1,0,0,20231002,20261231
COS_06280101609,1,1,1,1,1,0,0,20240402,20261231
COS_06280111742,1,1,1,1,1,0,0,20250101,20261231
COS_06280121344,1,1,1,1,1,0,0,20240402,20261231
COS_06281011937,1,1,1,1,1,0,0,20240402,20261231
COS_06281070945,1,1,1,1,1,0,0,20231002,20261231
COS_06281080640,1,1,1,1,1,0,0,20231002,20261231
COS_06281090809,1,1,1,1,1,0,0,20231002,20261231
COS_06281101402,1,1,1,1,1,0,0,20240402,20261231
COS_06281111513,1,1,1,1,1,0,0,20240402,20261231
COS_06281121648,1,1,1,1,1,0,0,20240402,20261231
COS_06281130630,1,1,1,1,1,0,0,20231002,20261231
COS_06281141245,1,1,1,1,1,0,0,20240402,20261231
COS_06290051425,1,1,1,1,1,0,0,20250101,20261231
COS_06290071458,1,1,1,1,1,0,0,20250101,20261231
COS_06290080641,1,1,1,1,1,0,0,20231002,20261231
COS_06290091042,1,1,1,1,1,0,0,20231002,20261231
COS_06290111820,1,1,1,1,1,0,0,20240402,20261231
COS_06290121647,1,1,1,1,1,0,0,20250101,20261231
COS_06290141603,1,1,1,1,1,0,0,20250101,20261231
COS_06290151440,1,1,1,1,1,0,0,20241104,20261231
COS_06290160756,1,1,1,1,1,0,0,20250201,20261231
COS_06291020714,1,1,1,1,1,0,0,20241104,20261231
COS_06291031620,1,1,1,1,1,0,0,20240402,20261231
COS_06291070838,1,1,1,1,1,0,0,20231002,20261231
COS_06291101114,1,1,1,1,1,0,0,20231002,20261231
COS_06291101515,1,1,1,1,1,0,0,20250101,20261231
COS_06291101834,1,1,1,1,1,0,0,20240402,20261231
COS_06291111652,1,1,1,1,1,0,0,20250101,20261231
COS_06291121507,1,1,1,1,1,0,0,20250101,20261231
COS_06510011358,1,1,1,1,1,0,0,20260316,20261231
COS_06510031258,1,1,1,1,1,0,0,20250101,20261231
COS_06510040748,1,1,1,1,1,0,0,20250101,20261231
COS_06510040958,1,1,1,1,1,0,0,20250101,20261231
COS_06510041158,1,1,1,1,1,0,0,20250101,20261231
COS_06510041558,1,1,1,1,1,0,0,20250101,20261231
COS_06510041658,1,1,1,1,1,0,0,20250101,20261231
COS_06510042003,1,1,1,1,1,0,0,20250101,20261231
COS_06510050848,1,1,1,1,1,0,0,20250101,20261231
COS_06510051058,1,1,1,1,1,0,0,20250101,20261231
COS_06510051503,1,1,1,1,1,0,0,20250101,20261231
COS_06510051758,1,1,1,1,1,0,0,20250101,20261231
COS_06510051903,1,1,1,1,1,0,0,20250101,20261231
COS_06510052103,1,1,1,1,1,0,0,20250101,20261231
COS_06510052158,1,1,1,1,1,0,0,20250101,20261231
COS_06510060650,0,0,0,0,0,1,0,20250101,20261231
COS_06510060700,1,1,1,1,1,0,0,20250101,20261231
COS_06510060720,1,1,1,1,1,0,0,20250101,20261231
COS_06510060820,1,1,1,1,1,0,0,20250101,20261231
COS_06510060850,0,0,0,0,0,1,1,20250101,20261231
COS_06510060910,1,1,1,1,1,0,0,20250101,20261231
COS_06510060925,1,1,1,1,1,0,0,20250101,20261231
COS_06510060950,0,0,0,0,0,1,1,20250101,20261231
COS_06510061025,1,1,1,1,1,0,0,20250101,20261231
COS_06510061125,1,1,1,1,1,0,0,20250101,20261231
COS_06510061150,0,0,0,0,0,1,1,20250101,20261231
COS_06510061220,1,1,1,1,1,0,0,20250101,20261231
COS_06510061320,1,1,1,1,1,0,0,20250101,20261231
COS_06510061335,1,1,1,1,1,0,0,20250101,20261231
COS_06510061350,0,0,0,0,0,1,1,20250101,20261231
COS_06510061425,1,1,1,1,1,0,0,20250101,20261231
COS_06510061445,1,1,1,1,1,0,0,20250101,20261231
COS_06510061450,0,0,0,0,0,1,1,20250101,20261231
COS_06510061500,1,1,1,1,1,0,0,20250101,20261231
COS_06510061530,1,1,1,1,1,0,0,20250101,20261231
COS_06510061640,1,1,1,1,1,0,0,20250101,20261231
COS_06510061650,0,0,0,0,0,1,1,20250101,20261231
COS_06510061740,1,1,1,1,1,0,0,20250101,20261231
COS_06510061750,0,0,0,0,0,1,1,20250101,20261231
COS_06510061825,1,1,1,1,1,0,0,20250101,20261231
COS_06510061840,1,1,1,1,1,0,0,20250101,20261231
COS_06510061950,0,0,0,0,0,1,1,20250101,20261231
COS_06510061955,1,1,1,1,1,0,0,20250630,20261231
COS_06510062140,1,1,1,1,1,0,0,20250101,20261231
COS_06510062150,0,0,0,0,0,1,1,20250101,20261231
COS_06510070630,1,1,1,1,1,0,0,20250101,20261231
COS_06510070735,1,1,1,1,1,0,0,20250101,20261231
COS_06510070750,0,0,0,0,0,1,1,20250101,20261231
COS_06510070840,1,1,1,1,1,0,0,20250101,20261231
COS_06510070940,1,1,1,1,1,0,0,20250101,20261231
COS_06510071040,1,1,1,1,1,0,0,20250101,20261231
COS_06510071050,0,0,0,0,0,1,1,20250101,20261231
COS_06510071140,1,1,1,1,1,0,0,20250101,20261231
COS_06510071250,1,1,1,1,1,1,1,20250101,20261231
COS_06510071350,1,1,1,1,1,0,0,20250101,20261231
COS_06510071540,1,1,1,1,1,0,0,20250101,20261231
COS_06510071550,0,0,0,0,0,1,1,20250101,20261231
COS_06510071725,1,1,1,1,1,0,0,20250101,20261231
COS_06510071850,0,0,0,0,0,1,1,20250101,20261231
COS_06510071930,1,1,1,1,1,0,0,20250101,20261231
COS_06510072040,1,1,1,1,1,0,0,20250101,20261231
COS_06510072050,0,0,0,0,0,1,1,20250101,20261231
COS_06510080810,1,1,1,1,1,0,0,20250101,20261231
COS_06510081630,1,1,1,1,1,0,0,20250101,20261231
COS_06510081855,1,1,1,1,1,0,0,20250101,20261231
COS_06511030845,1,1,1,1,1,0,0,20250101,20261231
COS_06511031350,1,1,1,1,1,0,0,20250101,20261231
COS_06511031705,1,1,1,1,1,0,0,20250101,20261231
COS_06511041930,1,1,1,1,1,0,0,20250101,20261231
COS_06511050705,1,1,1,1,1,0,0,20250101,20261231
COS_06511050745,1,1,1,1,1,0,0,20260316,20261231
COS_06511050805,1,1,1,1,1,0,0,20250101,20261231
COS_06511050820,0,0,0,0,0,1,1,20250101,20261231
COS_06511050910,1,1,1,1,1,0,0,20250101,20261231
COS_06511051010,1,1,1,1,1,0,0,20250101,20261231
COS_06511051110,1,1,1,1,1,0,0,20250101,20261231
COS_06511051120,0,0,0,0,0,1,1,20250101,20261231
COS_06511051210,1,1,1,1,1,0,0,20250101,20261231
COS_06511051320,1,1,1,1,1,1,1,20250101,20261231
COS_06511051420,1,1,1,1,1,0,0,20250101,20261231
COS_06511051610,1,1,1,1,1,0,0,20250101,20261231
COS_06511051620,0,0,0,0,0,1,1,20250101,20261231
COS_06511051805,1,1,1,1,1,0,0,20250101,20261231
COS_06511051920,0,0,0,0,0,1,1,20250101,20261231
COS_06511052010,1,1,1,1,1,0,0,20250101,20261231
COS_06511052110,1,1,1,1,1,0,0,20250101,20261231
COS_06511052120,0,0,0,0,0,1,1,20250101,20261231
COS_06511060730,1,1,1,1,1,0,0,20250101,20261231
COS_06511060940,1,1,1,1,1,0,0,20250101,20261231
COS_06511061140,1,1,1,1,1,0,0,20250101,20261231
COS_06511061340,1,1,1,1,1,0,0,20250101,20261231
COS_06511061445,1,1,1,1,1,0,0,20250101,20261231
COS_06511061540,1,1,1,1,1,0,0,20250101,20261231
COS_06511061845,1,1,1,1,1,0,0,20250101,20261231
COS_06511062140,1,1,1,1,1,0,0,20250101,20261231
COS_06511070610,1,1,1,1,1,0,0,20250101,20261231
COS_06511070630,0,0,0,0,0,1,0,20250101,20261231
COS_06511070640,1,1,1,1,1,0,0,20250101,20261231
COS_06511070700,1,1,1,1,1,0,0,20250101,20261231
COS_06511070730,0,0,0,0,0,1,1,20250101,20261231
COS_06511070745,1,1,1,1,1,0,0,20250101,20261231
COS_06511070845,1,1,1,1,1,0,0,20250101,20261231
COS_06511070930,0,0,0,0,0,1,1,20250101,20261231
COS_06511071000,1,1,1,1,1,0,0,20250101,20261231
COS_06511071030,0,0,0,0,0,1,1,20250101,20261231
COS_06511071100,1,1,1,1,1,0,0,20250101,20261231
COS_06511071200,1,1,1,1,1,0,0,20250101,20261231
COS_06511071230,0,0,0,0,0,1,1,20250101,20261231
COS_06511071300,1,1,1,1,1,0,0,20250101,20261231
COS_06511071315,1,1,1,1,1,0,0,20250101,20261231
COS_06511071415,1,1,1,1,1,0,0,20250101,20261231
COS_06511071430,0,0,0,0,0,1,1,20250101,20261231
COS_06511071505,1,1,1,1,1,0,0,20250101,20261231
COS_06511071520,1,1,1,1,1,0,0,20250101,20261231
COS_06511071530,0,0,0,0,0,1,1,20250101,20261231
COS_06511071600,1,1,1,1,1,0,0,20250101,20261231
COS_06511071700,1,1,1,1,1,0,0,20250101,20261231
COS_06511071730,0,0,0,0,0,1,1,20250101,20261231
COS_06511071800,1,1,1,1,1,0,0,20250101,20261231
COS_06511071830,1,1,1,1,1,0,0,20250101,20261231
COS_06511071831,0,0,0,0,0,1,1,20250101,20261231
COS_06511071900,1,1,1,1,1,0,0,20250101,20261231
COS_06511071935,1,1,1,1,1,0,0,20250630,20261231
COS_06511072030,0,0,0,0,0,1,1,20250101,20261231
COS_06511080821,1,1,1,1,1,0,0,20250101,20261231
COS_06511081031,1,1,1,1,1,0,0,20250101,20261231
COS_06511081231,1,1,1,1,1,0,0,20250101,20261231
COS_06511081631,1,1,1,1,1,0,0,20250101,20261231
COS_06511081731,1,1,1,1,1,0,0,20250101,20261231
COS_06511082036,1,1,1,1,1,0,0,20250101,20261231
COS_06560010800,1,1,1,1,1,0,0,20220307,20261231
COS_06560010900,1,1,1,1,1,0,0,20220307,20261231
COS_06560011000,1,1,1,1,1,0,0,20220307,20261231
COS_06560011100,1,1,1,1,1,0,0,20221102,20261231
COS_06560011230,1,1,1,1,1,0,0,20221102,20261231
COS_06560011330,1,1,1,1,1,0,0,20221102,20261231
COS_06560011430,1,1,1,1,1,0,0,20221102,20261231
COS_06561010730,1,1,1,1,1,0,0,20220307,20261231
COS_06561010830,1,1,1,1,1,0,0,20220307,20261231
COS_06561010930,1,1,1,1,1,0,0,20220307,20261231
COS_06561011030,1,1,1,1,1,0,0,20221102,20261231
COS_06561011200,1,1,1,1,1,0,0,20221102,20261231
COS_06561011300,1,1,1,1,1,0,0,20221102,20261231
COS_06561011400,1,1,1,1,1,0,0,20221102,20261231
COS_06630011345,1,1,1,1,1,0,0,20200622,20261231
COS_06630011430,0,0,0,0,0,1,1,20200622,20261231
COS_06630011615,1,1,1,1,1,0,0,20200622,20261231
COS_06630011630,0,0,0,0,0,1,1,20200622,20261231
COS_06630011815,1,1,1,1,1,0,0,20200622,20261231
COS_06630020615,1,1,1,1,1,0,0,20200622,20261231
COS_06630021415,1,1,1,1,1,0,0,20200622,20261231
COS_06630022015,1,1,1,1,1,0,0,20200622,20261231
COS_06630030800,1,1,1,1,1,0,0,20180611,20261231
COS_06630030830,0,0,0,0,0,1,1,20180611,20261231
COS_06630031015,1,1,1,1,1,0,0,20180611,20261231
COS_06630031030,0,0,0,0,0,1,1,20180611,20261231
COS_06630031215,1,1,1,1,1,0,0,20180611,20261231
COS_06630031930,0,0,0,0,0,1,1,20180611,20261231
COS_06631011515,1,1,1,1,1,0,0,20200622,20261231
COS_06631012115,1,1,1,1,1,0,0,20200622,20261231
COS_06631020715,1,1,1,1,1,0,0,20180611,20261231
COS_06631030900,1,1,1,1,1,0,0,20200622,20261231
COS_06631030930,0,0,0,0,0,1,1,20200622,20261231
COS_06631031115,1,1,1,1,1,0,0,20200622,20261231
COS_06631031130,0,0,0,0,0,1,1,20200622,20261231
COS_06631031315,1,1,1,1,1,0,0,20200622,20261231
COS_06631031445,1,1,1,1,1,0,0,20200622,20261231
COS_06631031530,0,0,0,0,0,1,1,20200622,20261231
COS_06631031715,1,1,1,1,1,0,0,20200622,20261231
COS_06631031730,0,0,0,0,0,1,1,20200622,20261231
COS_06631031915,1,1,1,1,1,0,0,20200622,20261231
COS_06631032030,0,0,0,0,0,1,1,20200622,20261231
COS_06710020700,1,1,1,1,1,0,0,20241125,20261231
COS_06710020730,1,1,1,1,1,0,0,20241125,20261231
COS_06710020800,1,1,1,1,1,0,0,20241125,20261231
COS_06710020830,1,1,1,1,1,1,1,20241125,20261231
COS_06710020900,1,1,1,1,1,0,0,20241125,20261231
COS_06710020930,1,1,1,1,1,1,1,20241125,20261231
COS_06710021000,1,1,1,1,1,0,0,20241125,20261231
COS_06710021030,1,1,1,1,1,1,1,20241125,20261231
COS_06710021100,1,1,1,1,1,0,0,20241125,20261231
COS_06710021130,1,1,1,1,1,1,1,20241125,20261231
COS_06710021200,1,1,1,1,1,0,0,20241125,20261231
COS_06710021230,1,1,1,1,1,1,1,20241125,20261231
COS_06710021300,1,1,1,1,1,0,0,20241125,20261231
COS_06710021330,1,1,1,1,1,1,1,20241125,20261231
COS_06710021400,1,1,1,1,1,0,0,20241125,20261231
COS_06710021430,1,1,1,1,1,1,1,20241125,20261231
COS_06710021500,1,1,1,1,1,0,0,20241125,20261231
COS_06710021530,1,1,1,1,1,1,1,20241125,20261231
COS_06710021600,1,1,1,1,1,0,0,20241125,20261231
COS_06710021630,1,1,1,1,1,1,1,20241125,20261231
COS_06710021700,1,1,1,1,1,0,0,20241125,20261231
COS_06710021730,1,1,1,1,1,1,1,20241125,20261231
COS_06710021800,1,1,1,1,1,0,0,20241125,20261231
COS_06710021830,1,1,1,1,1,1,1,20241125,20261231
COS_06710021930,1,1,1,1,1,1,1,20241125,20261231
COS_06710022000,0,1,0,0,0,0,0,20241125,20261231
COS_06710022030,1,1,1,1,1,1,1,20241125,20261231
COS_06720030830,1,1,1,1,1,0,0,20240501,20261231
COS_06720030900,1,1,1,1,1,0,0,20240501,20261231
COS_06720030930,1,1,1,1,1,0,0,20240501,20261231
COS_06720031000,1,1,1,1,1,0,0,20240501,20261231
COS_06720031030,1,1,1,1,1,0,0,20240501,20261231
COS_06720031145,1,1,1,1,1,0,0,20240501,20261231
COS_06720031215,1,1,1,1,1,0,0,20240501,20261231
COS_06720031245,1,1,1,1,1,0,0,20240501,20261231
COS_06720031315,1,1,1,1,1,0,0,20240501,20261231
COS_06720031345,1,1,1,1,1,0,0,20240501,20261231
COS_06720031500,1,1,1,1,1,0,0,20240501,20261231
COS_06720031530,1,1,1,1,1,0,0,20240501,20261231
COS_06720031600,1,1,1,1,1,0,0,20240501,20261231
COS_06720031630,1,1,1,1,1,0,0,20240501,20261231
COS_06720031700,1,1,1,1,1,0,0,20240501,20261231
COS_06720031815,1,1,1,1,1,0,0,20240501,20261231
COS_06720031845,1,1,1,1,1,0,0,20240501,20261231
COS_06720031915,1,1,1,1,1,0,0,20240501,20261231
COS_06720031945,1,1,1,1,1,0,0,20240501,20261231
COS_06720032015,1,1,1,1,1,0,0,20240501,20261231
COS_06730020700,1,1,1,1,1,0,0,20200914,20261231
COS_06730020730,1,1,1,1,1,0,0,20230501,20261231
COS_06730020800,1,1,1,1,1,0,0,20230501,20261231
COS_06730020830,1,1,1,1,1,0,0,20230501,20261231
COS_06730020900,1,1,1,1,1,1,1,20200626,20261231
COS_06730020930,1,1,1,1,1,0,0,20230501,20261231
COS_06730021000,1,1,1,1,1,1,1,20200626,20261231
COS_06730021030,1,1,1,1,1,0,0,20230501,20261231
COS_06730021100,1,1,1,1,1,1,1,20200626,20261231
COS_06730021130,1,1,1,1,1,0,0,20230501,20261231
COS_06730021200,1,1,1,1,1,1,1,20200626,20261231
COS_06730021230,1,1,1,1,1,0,0,20230501,20261231
COS_06730021300,1,1,1,1,1,1,1,20200626,20261231
COS_06730021330,1,1,1,1,1,0,0,20230501,20261231
COS_06730021400,1,1,1,1,1,1,1,20200626,20261231
COS_06730021430,1,1,1,1,1,0,0,20230501,20261231
COS_06730021500,1,1,1,1,1,1,1,20200626,20261231
COS_06730021530,1,1,1,1,1,0,0,20230501,20261231
COS_06730021600,1,1,1,1,1,1,1,20200626,20261231
COS_06730021630,1,1,1,1,1,0,0,20230501,20261231
COS_06730021700,1,1,1,1,1,1,1,20200626,20261231
COS_06730021730,1,1,1,1,1,0,0,20240501,20261231
COS_06730021800,1,1,1,1,1,1,1,20200626,20261231
COS_06730021900,1,1,1,1,1,1,1,20200626,20261231
COS_06730022000,1,1,1,1,1,1,1,20200626,20261231
COS_06740030700,1,1,1,1,1,0,0,20220711,20261231
COS_06740030815,1,1,1,1,1,1,1,20220711,20261231
COS_06740031005,1,1,1,1,1,1,1,20220711,20261231
COS_06740031100,1,1,1,1,1,0,0,20240501,20261231
COS_06740031225,1,1,1,1,1,1,1,20220711,20261231
COS_06740031415,1,1,1,1,1,0,0,20240501,20261231
COS_06740031510,1,1,1,1,1,1,1,20220711,20261231
COS_06740031700,1,1,1,1,1,1,1,20220711,20261231
COS_06740031730,1,1,1,1,1,0,0,20240501,20261231
COS_06740031915,1,1,1,1,1,1,1,20220711,20261231
COS_06740032000,1,1,1,1,1,1,1,20240501,20261231
COS_06740040700,1,1,1,1,1,0,0,20230501,20261231
COS_06740040815,1,1,1,1,1,1,1,20230501,20261231
COS_06740041005,1,1,1,1,1,1,1,20230501,20261231
COS_06740041100,1,1,1,1,1,0,0,20240501,20261231
COS_06740041225,1,1,1,1,1,1,1,20230501,20261231
COS_06740041415,1,1,1,1,1,0,0,20240501,20261231
COS_06740041510,1,1,1,1,1,1,1,20230501,20261231
COS_06740041700,1,1,1,1,1,1,1,20230501,20261231
COS_06740041730,1,1,1,1,1,0,0,20240501,20261231
COS_06740041915,1,1,1,1,1,1,1,20230501,20261231
COS_06740042000,1,1,1,1,1,1,1,20240501,20261231
COS_06750021310,1,1,1,1,1,1,1,20241202,20261231
COS_06750021815,1,1,1,1,1,1,1,20241202,20261231
COS_06750030900,1,1,1,1,1,1,1,20241202,20261231
COS_06750031120,1,1,1,1,1,1,1,20241202,20261231
COS_06750031555,1,1,1,1,1,1,1,20241202,20261231
COS_06751020921,1,1,1,1,1,1,1,20240501,20261231
COS_06751021141,1,1,1,1,1,1,1,20240501,20261231
COS_06751021616,1,1,1,1,1,1,1,20240501,20261231
COS_06751031343,1,1,1,1,1,1,1,20240501,20261231
COS_06751031848,1,1,1,1,1,1,1,20240501,20261231
COS_06770010745,1,1,1,1,1,0,0,20230501,20261231
COS_06770011050,1,1,1,1,1,1,1,20230501,20261231
COS_06770011440,1,1,1,1,1,1,1,20230501,20261231
COS_06770011745,1,1,1,1,1,1,1,20230501,20261231
COS_06910010740,1,1,1,1,1,0,0,20200101,20261231
COS_06910010800,1,1,1,1,1,0,0,20200101,20261231
COS_06910010820,1,1,1,1,1,0,0,20200101,20261231
COS_06910010840,1,1,1,1,1,0,0,20200101,20261231
COS_06910010900,1,1,1,1,1,0,0,20200101,20261231
COS_06910010920,1,1,1,1,1,1,0,20200101,20261231
COS_06910010940,1,1,1,1,1,0,0,20200101,20261231
COS_06910010950,0,0,0,0,0,1,0,20211030,20261231
COS_06910011000,1,1,1,1,1,0,0,20200101,20261231
COS_06910011020,1,1,1,1,1,1,1,20200101,20261231
COS_06910011040,1,1,1,1,1,0,0,20200101,20261231
COS_06910011050,0,0,0,0,0,1,1,20230806,20261231
COS_06910011100,1,1,1,1,1,0,0,20200101,20261231
COS_06910011120,1,1,1,1,1,1,1,20200101,20261231
COS_06910011140,1,1,1,1,1,0,0,20200101,20261231
COS_06910011150,0,0,0,0,0,1,1,20230806,20261231
COS_06910011200,1,1,1,1,1,0,0,20200101,20261231
COS_06910011220,1,1,1,1,1,1,1,20200101,20261231
COS_06910011240,1,1,1,1,1,0,0,20200101,20261231
COS_06910011250,0,0,0,0,0,1,1,20230806,20261231
COS_06910011300,1,1,1,1,1,0,0,20200101,20261231
COS_06910011320,1,1,1,1,1,1,1,20200101,20261231
COS_06910011340,1,1,1,1,1,0,0,20200101,20261231
COS_06910011400,1,1,1,1,1,0,0,20200101,20261231
COS_06910011420,1,1,1,1,1,0,0,20200101,20261231
COS_06910011440,1,1,1,1,1,0,0,20200101,20261231
COS_06910011500,1,1,1,1,1,0,0,20200101,20261231
COS_06910011520,1,1,1,1,1,0,0,20200101,20261231
COS_06910011540,1,1,1,1,1,0,0,20200101,20261231
COS_06910011600,1,1,1,1,1,0,0,20200101,20261231
COS_06910011620,1,1,1,1,1,0,0,20200101,20261231
COS_06910011640,1,1,1,1,1,0,0,20200101,20261231
COS_06910011700,1,1,1,1,1,0,0,20200101,20261231
COS_06910011720,1,1,1,1,1,1,1,20200101,20261231
COS_06910011740,1,1,1,1,1,0,0,20200101,20261231
COS_06910011750,0,0,0,0,0,1,1,20230806,20261231
COS_06910011800,1,1,1,1,1,0,0,20200101,20261231
COS_06910011820,1,1,1,1,1,1,1,20200101,20261231
COS_06910011840,1,1,1,1,1,0,0,20200101,20261231
COS_06910011850,0,0,0,0,0,1,1,20230806,20261231
COS_06910011900,1,1,1,1,1,0,0,20200101,20261231
COS_06910011920,1,1,1,1,1,0,0,20200101,20261231
COS_06910011940,1,1,1,1,1,0,0,20200101,20261231
COS_06910012000,1,1,1,1,1,0,0,20200101,20261231
COS_06910012020,1,1,1,1,1,0,0,20200101,20261231
COS_06910012040,1,1,1,1,1,0,0,20200101,20261231
COS_06910012100,1,1,1,1,1,0,0,20200101,20261231
COS_06910012120,1,1,1,1,1,0,0,20200101,20261231
COS_06910030636,1,1,1,1,1,0,0,20200101,20261231
COS_06910030656,1,1,1,1,1,0,0,20200101,20261231
COS_06910030716,1,1,1,1,1,0,0,20200101,20261231
COS_06910030816,0,0,0,0,0,1,0,20200101,20261231
COS_06910030846,0,0,0,0,0,1,0,20211030,20261231
COS_06910030916,0,0,0,0,0,0,1,20200101,20261231
COS_06910030946,0,0,0,0,0,0,1,20230806,20261231
COS_06910031616,0,0,0,0,0,1,1,20200101,20261231
COS_06910031646,0,0,0,0,0,1,1,20230806,20261231
CUB_1,1,1,1,1,1,1,1,20250801,20261231
CUN_1,1,1,1,1,1,0,0,20241023,20261231
EMP_196115d3-92e9-4077-bedb-fdcb27cfccb5,1,1,1,1,1,1,0,20250916,20260402
EMP_6d9ada30-0453-48f8-bebf-f68db8ded495,0,0,0,0,0,0,1,20250916,20260402
EMP_8779c6f2-15f1-41ee-9eac-84bd32ef1fbf,1,1,1,1,1,0,0,20251002,20260402
EMP_b1f6f6d1-4c1e-451c-9bce-85a6b9fcbf0e,0,0,0,0,0,0,0,20251202,20260402
FOG_1,1,1,1,1,1,0,0,20251217,20261231
FOG_2,1,1,1,1,1,1,1,20251217,20261231
FYT_02010020500,1,1,1,1,1,0,0,20250428,20261231
FYT_02010020530,1,1,1,1,1,0,0,20250428,20261231
FYT_02010020600,1,1,1,1,1,0,0,20250428,20261231
FYT_02010020630,1,1,1,1,1,0,0,20250428,20261231
FYT_02010020700,1,1,1,1,1,0,0,20250428,20261231
FYT_02010020730,1,1,1,1,1,0,0,20250428,20261231
FYT_02010020800,1,1,1,1,1,0,0,20250428,20261231
FYT_02010020801,0,0,0,0,0,1,0,20250428,20261231
FYT_02010020830,1,1,1,1,1,0,0,20250428,20261231
FYT_02010020831,0,0,0,0,0,1,0,20250428,20261231
FYT_02010020900,1,1,1,1,1,0,0,20250428,20261231
FYT_02010020901,0,0,0,0,0,1,1,20250428,20261231
FYT_02010020930,1,1,1,1,1,0,0,20250428,20261231
FYT_02010020931,0,0,0,0,0,1,1,20250428,20261231
FYT_02010021000,1,1,1,1,1,0,0,20250428,20261231
FYT_02010021001,0,0,0,0,0,1,0,20250428,20261231
FYT_02010021030,1,1,1,1,1,0,0,20250428,20261231
FYT_02010021031,0,0,0,0,0,1,1,20250428,20261231
FYT_02010021100,0,0,0,0,0,1,1,20250428,20261231
FYT_02010021130,1,1,1,1,1,0,0,20250428,20261231
FYT_02010021131,0,0,0,0,0,1,0,20250428,20261231
FYT_02010021200,1,1,1,1,1,0,0,20250428,20261231
FYT_02010021201,0,0,0,0,0,1,1,20250428,20261231
FYT_02010021230,1,1,1,1,1,0,0,20250428,20261231
FYT_02010021231,0,0,0,0,0,0,1,20250428,20261231
FYT_02010021300,1,1,1,1,1,0,0,20250428,20261231
FYT_02010021301,0,0,0,0,0,1,1,20250428,20261231
FYT_02010021330,1,1,1,1,1,0,0,20250428,20261231
FYT_02010021331,0,0,0,0,0,1,0,20250428,20261231
FYT_02010021400,1,1,1,1,1,0,0,20250428,20261231
FYT_02010021401,0,0,0,0,0,1,1,20250428,20261231
FYT_02010021430,1,1,1,1,1,0,0,20250428,20261231
FYT_02010021431,0,0,0,0,0,1,1,20250428,20261231
FYT_02010021500,1,1,1,1,1,0,0,20250428,20261231
FYT_02010021501,0,0,0,0,0,1,1,20250428,20261231
FYT_02010021530,1,1,1,1,1,0,0,20250428,20261231
FYT_02010021531,0,0,0,0,0,1,1,20250428,20261231
FYT_02010021600,1,1,1,1,1,0,0,20250428,20261231
FYT_02010021601,0,0,0,0,0,1,1,20250428,20261231
FYT_02010021630,1,1,1,1,1,0,0,20250428,20261231
FYT_02010021631,0,0,0,0,0,1,1,20250428,20261231
FYT_02010021700,1,1,1,1,1,0,0,20250428,20261231
FYT_02010021701,0,0,0,0,0,1,1,20250428,20261231
FYT_02010021730,1,1,1,1,1,0,0,20250428,20261231
FYT_02010021731,0,0,0,0,0,1,0,20250428,20261231
FYT_02010021800,1,1,1,1,1,0,0,20250428,20261231
FYT_02010021801,0,0,0,0,0,1,1,20250428,20261231
FYT_02010021830,1,1,1,1,1,0,0,20250428,20261231
FYT_02010021831,0,0,0,0,0,1,1,20250428,20261231
FYT_02010021900,1,1,1,1,1,0,0,20250428,20261231
FYT_02010021930,1,1,1,1,1,0,0,20250428,20261231
FYT_02010021931,0,0,0,0,0,1,1,20250428,20261231
FYT_02010022000,1,1,1,1,1,0,0,20250428,20261231
FYT_02010022001,0,0,0,0,0,1,0,20250428,20261231
FYT_02010022030,1,1,1,1,1,0,0,20250428,20261231
FYT_02010022100,1,1,1,1,1,0,0,20250428,20261231
FYT_02010022101,0,0,0,0,0,1,1,20250428,20261231
FYT_02010022130,0,0,0,0,0,1,1,20250428,20261231
FYT_02010022200,1,1,1,1,1,0,0,20250428,20261231
FYT_02010022201,0,0,0,0,0,1,1,20250428,20261231
FYT_02010022230,0,0,0,0,0,0,1,20250428,20261231
FYT_02010022300,1,1,1,1,1,0,0,20250428,20261231
FYT_02010022301,0,0,0,0,0,1,1,20250428,20261231
FYT_02011020430,1,1,1,1,1,0,0,20250428,20261231
FYT_02011020500,1,1,1,1,1,0,0,20250428,20261231
FYT_02011020530,1,1,1,1,1,0,0,20250428,20261231
FYT_02011020600,1,1,1,1,1,0,0,20250428,20261231
FYT_02011020601,0,0,0,0,0,1,1,20250428,20261231
FYT_02011020630,1,1,1,1,1,0,0,20250428,20261231
FYT_02011020700,1,1,1,1,1,0,0,20250428,20261231
FYT_02011020701,0,0,0,0,0,1,1,20250428,20261231
FYT_02011020730,1,1,1,1,1,0,0,20250428,20261231
FYT_02011020731,0,0,0,0,0,1,0,20250428,20261231
FYT_02011020800,1,1,1,1,1,0,0,20250428,20261231
FYT_02011020801,0,0,0,0,0,1,1,20250428,20261231
FYT_02011020830,1,1,1,1,1,0,0,20250428,20261231
FYT_02011020831,0,0,0,0,0,1,0,20250428,20261231
FYT_02011020900,1,1,1,1,1,0,0,20250428,20261231
FYT_02011020930,1,1,1,1,1,0,0,20250428,20261231
FYT_02011020931,0,0,0,0,0,1,1,20250428,20261231
FYT_02011021000,1,1,1,1,1,0,0,20250428,20261231
FYT_02011021001,0,0,0,0,0,1,0,20250428,20261231
FYT_02011021030,1,1,1,1,1,0,0,20250428,20261231
FYT_02011021031,0,0,0,0,0,1,1,20250428,20261231
FYT_02011021100,0,0,0,0,0,1,1,20250428,20261231
FYT_02011021130,1,1,1,1,1,0,0,20250428,20261231
FYT_02011021200,1,1,1,1,1,0,0,20250428,20261231
FYT_02011021201,0,0,0,0,0,1,1,20250428,20261231
FYT_02011021230,0,0,0,0,0,1,1,20250428,20261231
FYT_02011021300,1,1,1,1,1,0,0,20250428,20261231
FYT_02011021301,0,0,0,0,0,1,1,20250428,20261231
FYT_02011021330,1,1,1,1,1,0,0,20250428,20261231
FYT_02011021331,0,0,0,0,0,1,1,20250428,20261231
FYT_02011021400,1,1,1,1,1,0,0,20250428,20261231
FYT_02011021401,0,0,0,0,0,1,1,20250428,20261231
FYT_02011021430,1,1,1,1,1,0,0,20250428,20261231
FYT_02011021431,0,0,0,0,0,1,1,20250428,20261231
FYT_02011021500,1,1,1,1,1,0,0,20250428,20261231
FYT_02011021501,0,0,0,0,0,1,1,20250428,20261231
FYT_02011021530,1,1,1,1,1,0,0,20250428,20261231
FYT_02011021531,0,0,0,0,0,1,1,20250428,20261231
FYT_02011021600,1,1,1,1,1,0,0,20250428,20261231
FYT_02011021601,0,0,0,0,0,1,1,20250428,20261231
FYT_02011021630,1,1,1,1,1,0,0,20250428,20261231
FYT_02011021631,0,0,0,0,0,1,0,20250428,20261231
FYT_02011021700,1,1,1,1,1,0,0,20250428,20261231
FYT_02011021701,0,0,0,0,0,1,1,20250428,20261231
FYT_02011021730,0,0,0,0,1,0,0,20250428,20261231
FYT_02011021800,1,1,1,1,1,0,0,20250428,20261231
FYT_02011021801,0,0,0,0,0,1,1,20250428,20261231
FYT_02011021830,1,1,1,1,1,0,0,20250428,20261231
FYT_02011021831,0,0,0,0,0,1,1,20250428,20261231
FYT_02011021900,1,1,1,1,1,0,0,20250428,20261231
FYT_02011021901,0,0,0,0,0,1,1,20250428,20261231
FYT_02011021930,1,1,1,1,1,0,0,20250428,20261231
FYT_02011021931,0,0,0,0,0,1,1,20250428,20261231
FYT_02011022000,1,1,1,1,1,0,0,20250428,20261231
FYT_02011022030,0,0,0,0,0,0,1,20250428,20261231
FYT_02011022100,0,0,0,0,0,1,0,20250428,20261231
FYT_02011022130,0,0,0,0,0,0,1,20250428,20261231
FYT_02011022200,0,0,0,0,0,1,0,20250428,20261231
FYT_02011061720,1,1,1,1,0,0,0,20250428,20261231
FYT_02020010730,0,0,0,0,0,1,0,20250428,20261231
FYT_02020010800,0,0,0,0,0,0,1,20250428,20261231
FYT_02020011000,0,0,0,0,0,0,1,20250428,20261231
FYT_02020011100,1,1,1,1,1,0,0,20250428,20261231
FYT_02020011230,0,0,0,0,0,0,1,20250428,20261231
FYT_02020011730,0,0,0,0,0,0,1,20250428,20261231
FYT_02020011900,0,0,0,0,0,1,1,20250428,20261231
FYT_02020012030,0,0,0,0,0,0,1,20250428,20261231
FYT_02021010614,0,0,0,0,0,1,0,20250428,20261231
FYT_02021010844,0,0,0,0,0,0,1,20250428,20261231
FYT_02021011044,1,1,1,1,1,0,0,20250428,20261231
FYT_02021011114,0,0,0,0,0,0,1,20250428,20261231
FYT_02021011115,0,0,0,0,0,0,1,20250428,20261231
FYT_02021011214,1,1,1,1,1,0,0,20250428,20261231
FYT_02021011444,0,0,0,0,0,0,1,20250428,20261231
FYT_02021011614,0,0,0,0,0,0,1,20250428,20261231
FYT_02021011714,0,0,0,0,0,0,1,20250428,20261231
FYT_02021011844,0,0,0,0,0,0,1,20250428,20261231
FYT_02021012044,0,0,0,0,0,0,1,20250428,20261231
FYT_02021012144,1,1,1,1,1,0,0,20250428,20261231
FYT_02021012146,0,0,0,0,0,0,1,20250428,20261231
FYT_02030021330,0,0,0,0,0,0,1,20250428,20261231
FYT_02030022000,0,0,0,0,0,0,1,20250428,20261231
FYT_02030030700,0,0,0,0,0,1,1,20250428,20261231
FYT_02030051030,1,1,1,1,1,0,0,20180101,20261231
FYT_02030102130,1,1,1,1,1,0,0,20250428,20261231
FYT_02031030900,0,0,0,0,0,0,1,20250428,20261231
FYT_02031031900,0,0,0,0,0,1,0,20250428,20261231
FYT_02031052300,1,1,1,1,1,0,0,20180101,20261231
FYT_02031112140,0,0,0,0,0,0,1,20200302,20261231
FYT_02031121905,1,1,1,1,1,0,0,20200916,20261231
FYT_02110020845,1,1,1,1,1,0,0,20250428,20261231
FYT_02110020900,1,1,1,1,1,0,0,20250428,20261231
FYT_02110020910,1,1,1,1,1,0,0,20250428,20261231
FYT_02110020920,1,1,1,1,1,0,0,20250428,20261231
FYT_02110020945,1,1,1,1,1,0,0,20250428,20261231
FYT_02110021015,1,1,1,1,1,0,0,20250428,20261231
FYT_02110021030,1,1,1,1,1,0,0,20250428,20261231
FYT_02110021045,1,1,1,1,1,0,0,20250428,20261231
FYT_02110021130,1,1,1,1,1,0,0,20250428,20261231
FYT_02110021300,1,1,1,1,1,0,0,20250428,20261231
FYT_02110021325,1,1,1,1,1,0,0,20250428,20261231
FYT_02110021345,1,1,1,1,1,0,0,20250428,20261231
FYT_02110021400,1,1,1,1,1,0,0,20250428,20261231
FYT_02110021415,1,1,1,1,1,0,0,20250428,20261231
FYT_02110021425,1,1,1,1,1,0,0,20250428,20261231
FYT_02110021445,1,1,1,1,1,0,0,20250428,20261231
FYT_02110021500,1,1,1,1,1,0,0,20250428,20261231
FYT_02110021515,1,1,1,1,1,0,0,20250428,20261231
FYT_02110021525,1,1,1,1,1,0,0,20250428,20261231
FYT_02110021610,1,1,1,1,1,0,0,20250428,20261231
FYT_02110021645,1,1,1,1,1,0,0,20250428,20261231
FYT_02110021715,1,1,1,1,1,0,0,20250428,20261231
FYT_02110021745,1,1,1,1,1,0,0,20250428,20261231
FYT_02110021800,1,1,1,1,1,0,0,20250428,20261231
FYT_02110021810,1,1,1,1,1,0,0,20250428,20261231
FYT_02110021820,1,1,1,1,1,0,0,20250428,20261231
FYT_02110021825,1,1,1,1,1,0,0,20250428,20261231
FYT_02110021845,1,1,1,1,1,0,0,20250428,20261231
FYT_02110021915,1,1,1,1,1,0,0,20250428,20261231
FYT_02110021945,1,1,1,1,1,0,0,20250428,20261231
FYT_02110022000,1,1,1,1,1,0,0,20250428,20261231
FYT_02110022045,1,1,1,1,1,0,0,20250428,20261231
FYT_02110022100,1,1,1,1,1,0,0,20250428,20261231
FYT_02110022130,1,1,1,1,1,0,0,20250428,20261231
FYT_02110022200,1,1,1,1,1,0,0,20250428,20261231
FYT_02110022300,1,1,1,1,1,0,0,20250428,20261231
FYT_02110040655,1,1,1,1,1,0,0,20250428,20261231
FYT_02110040815,1,1,1,1,1,0,0,20250428,20261231
FYT_02110040830,1,1,1,1,1,0,0,20250428,20261231
FYT_02110050650,1,1,1,1,1,0,0,20250428,20261231
FYT_02110050800,1,1,1,1,1,0,0,20250428,20261231
FYT_02110050845,1,1,1,1,1,0,0,20250428,20261231
FYT_02110050855,1,1,1,1,1,0,0,20250428,20261231
FYT_02110050900,0,0,0,0,0,1,0,20250428,20261231
FYT_02110050945,0,0,0,0,0,1,0,20250428,20261231
FYT_02110051030,0,0,0,0,0,1,0,20250428,20261231
FYT_02110051110,1,1,1,1,1,0,0,20250428,20261231
FYT_02110051115,0,0,0,0,0,1,0,20250428,20261231
FYT_02110051200,0,0,0,0,0,1,0,20250428,20261231
FYT_02110051210,1,1,1,1,1,0,0,20250428,20261231
FYT_02110051245,0,0,0,0,0,1,0,20250428,20261231
FYT_02110051325,1,1,1,1,1,1,0,20250428,20261231
FYT_02110051415,0,0,0,0,0,1,0,20250428,20261231
FYT_02110051545,0,0,0,0,0,1,0,20250428,20261231
FYT_02110051600,1,1,1,1,1,0,0,20250428,20261231
FYT_02110051630,0,0,0,0,0,1,0,20250428,20261231
FYT_02110051715,0,0,0,0,0,1,0,20250428,20261231
FYT_02110051800,0,0,0,0,0,1,0,20250428,20261231
FYT_02110051845,0,0,0,0,0,1,0,20250428,20261231
FYT_02110051930,0,0,0,0,0,1,0,20250428,20261231
FYT_02110052015,0,0,0,0,0,1,0,20250428,20261231
FYT_02110052100,0,0,0,0,0,1,0,20250428,20261231
FYT_02110052145,0,0,0,0,0,1,0,20250428,20261231
FYT_02110052310,0,0,0,0,0,1,0,20250428,20261231
FYT_02110060715,1,1,1,1,1,0,0,20250428,20261231
FYT_02110070745,1,1,1,1,1,0,0,20250428,20261231
FYT_02111011740,1,1,1,1,1,0,0,20250428,20261231
FYT_02111020600,1,1,1,1,1,0,0,20250428,20261231
FYT_02111020655,1,1,1,1,1,0,0,20250428,20261231
FYT_02111020825,1,1,1,1,1,0,0,20250428,20261231
FYT_02111020945,1,1,1,1,1,0,0,20250428,20261231
FYT_02111020955,1,1,1,1,1,0,0,20250428,20261231
FYT_02111021255,1,1,1,1,1,0,0,20250428,20261231
FYT_02111021315,1,1,1,1,1,0,0,20250428,20261231
FYT_02111021345,1,1,1,1,1,0,0,20250428,20261231
FYT_02111021400,1,1,1,1,1,0,0,20250428,20261231
FYT_02111021415,1,1,1,1,1,0,0,20250428,20261231
FYT_02111021500,1,1,1,1,1,0,0,20250428,20261231
FYT_02111021515,1,1,1,1,1,0,0,20250428,20261231
FYT_02111021545,1,1,1,1,1,0,0,20250428,20261231
FYT_02111021630,1,1,1,1,1,0,0,20250428,20261231
FYT_02111021655,1,1,1,1,1,0,0,20250428,20261231
FYT_02111021715,1,1,1,1,1,0,0,20250428,20261231
FYT_02111021750,1,1,1,1,1,0,0,20250428,20261231
FYT_02111021800,1,1,1,1,1,0,0,20250428,20261231
FYT_02111021815,0,0,0,0,1,0,0,20250428,20261231
FYT_02111021845,1,1,1,1,1,0,0,20250428,20261231
FYT_02111021900,1,1,1,1,1,0,0,20250428,20261231
FYT_02111021930,1,1,1,1,1,0,0,20250428,20261231
FYT_02111022030,1,1,1,1,1,0,0,20250428,20261231
FYT_02111022155,1,1,1,1,1,0,0,20250428,20261231
FYT_02111050815,0,0,0,0,0,1,0,20250428,20261231
FYT_02111050900,0,0,0,0,0,1,0,20250428,20261231
FYT_02111050945,0,0,0,0,0,1,0,20250428,20261231
FYT_02111051030,1,1,1,1,1,0,0,20250428,20261231
FYT_02111051031,0,0,0,0,0,1,0,20250428,20261231
FYT_02111051100,1,1,1,1,1,0,0,20250428,20261231
FYT_02111051115,0,0,0,0,0,1,0,20250428,20261231
FYT_02111051200,0,0,0,0,0,1,0,20250428,20261231
FYT_02111051230,1,1,1,1,1,0,0,20250428,20261231
FYT_02111051330,0,0,0,0,0,1,0,20250428,20261231
FYT_02111051445,1,1,1,1,1,0,0,20250428,20261231
FYT_02111051545,0,0,0,0,0,1,0,20250428,20261231
FYT_02111051630,0,0,0,0,0,1,0,20250428,20261231
FYT_02111051715,0,0,0,0,0,1,0,20250428,20261231
FYT_02111051800,0,0,0,0,0,1,0,20250428,20261231
FYT_02111051845,0,0,0,0,0,1,0,20250428,20261231
FYT_02111051930,0,0,0,0,0,1,0,20250428,20261231
FYT_02111052015,0,0,0,0,0,1,0,20250428,20261231
FYT_02111052100,0,0,0,0,0,1,0,20250428,20261231
FYT_02111052220,1,1,1,1,1,1,0,20250428,20261231
FYT_02111061335,1,1,1,1,1,0,0,20250428,20261231
FYT_02111061805,1,1,1,1,0,0,0,20250428,20261231
FYT_02111070620,1,1,1,1,1,0,0,20250428,20261231
FYT_02111070740,1,1,1,1,1,0,0,20250428,20261231
FYT_02111070840,1,1,1,1,1,0,0,20250428,20261231
FYT_02111070850,1,1,1,1,1,0,0,20250428,20261231
FYT_02111070920,1,1,1,1,1,0,0,20250428,20261231
FYT_02111070930,1,1,1,1,1,0,0,20250428,20261231
FYT_02111080637,1,1,1,1,1,0,0,20250428,20261231
FYT_02111080700,1,1,1,1,1,0,0,20250428,20261231
FYT_02111080737,1,1,1,1,1,0,0,20250428,20261231
FYT_02111080755,1,1,1,1,1,0,0,20250428,20261231
FYT_02111080817,1,1,1,1,1,0,0,20250428,20261231
FYT_02111090700,1,1,1,1,1,0,0,20250428,20261231
FYT_02111090710,1,1,1,1,1,0,0,20250428,20261231
FYT_02111090800,1,1,1,1,1,0,0,20250428,20261231
FYT_02111100747,1,1,1,1,1,0,0,20250428,20261231
FYT_02111100907,1,1,1,1,1,0,0,20250428,20261231
FYT_02120010730,1,1,1,1,1,0,0,20250428,20261231
FYT_02120011000,1,1,1,1,1,1,0,20250428,20261231
FYT_02120011230,1,1,1,1,1,1,0,20250428,20261231
FYT_02120011730,1,1,1,1,1,0,0,20250428,20261231
FYT_02120011930,1,1,1,1,1,0,0,20250428,20261231
FYT_02120012015,1,1,1,1,1,0,0,20250428,20261231
FYT_02120012030,0,0,0,0,0,1,0,20250428,20261231
FYT_02121010844,0,0,0,0,0,1,0,20250428,20261231
FYT_02121011114,1,1,1,1,1,1,0,20250428,20261231
FYT_02121011314,1,1,1,1,1,0,0,20250428,20261231
FYT_02121011715,0,0,0,0,0,1,0,20250428,20261231
FYT_02121012144,0,0,0,0,0,1,0,20250428,20261231
FYT_02121030614,1,1,1,1,1,0,0,20250428,20261231
FYT_02121030844,1,1,1,1,1,0,0,20250428,20261231
FYT_02121060644,1,1,1,1,1,0,0,20250428,20261231
FYT_02130011130,0,0,0,0,0,1,0,20250428,20261231
FYT_02130011330,1,1,1,1,1,0,0,20250428,20261231
FYT_02130011331,0,0,0,0,0,1,0,20250428,20261231
FYT_02130012030,1,1,1,1,1,0,0,20250428,20261231
FYT_02130020700,1,1,1,1,1,0,0,20250428,20261231
FYT_02130020930,1,0,1,1,1,0,0,20250428,20261231
FYT_02130021700,0,0,0,0,0,1,0,20250428,20261231
FYT_02130021701,0,0,0,0,0,0,1,20250428,20261231
FYT_02130030930,0,1,0,0,0,0,0,20250428,20261231
FYT_02130030931,0,0,0,0,0,0,1,20250428,20261231
FYT_02130030932,0,0,0,0,0,1,0,20250428,20261231
FYT_02130031130,0,0,0,0,0,0,1,20250428,20261231
FYT_02130031530,0,0,0,0,0,1,0,20250428,20261231
FYT_02130031700,1,1,1,1,1,0,0,20250428,20261231
FYT_02130031830,1,1,1,1,1,1,0,20250428,20261231
FYT_02130031831,0,0,0,0,0,0,1,20250428,20261231
FYT_02130041430,1,1,1,1,1,0,0,20250428,20261231
FYT_02130041530,1,1,1,1,1,0,0,20250428,20261231
FYT_02130041900,1,1,1,1,1,0,0,20250428,20261231
FYT_02131011515,1,1,1,1,1,0,0,20250428,20261231
FYT_02131011516,0,0,0,0,0,1,1,20250428,20261231
FYT_02131011915,1,1,1,1,1,0,0,20250428,20261231
FYT_02131012030,1,1,1,1,1,0,0,20250428,20261231
FYT_02131020900,1,1,1,1,1,0,0,20250428,20261231
FYT_02131020901,0,0,0,0,0,1,0,20250428,20261231
FYT_02131021330,1,0,1,1,1,0,0,20250428,20261231
FYT_02131021900,0,0,0,0,0,0,1,20250428,20261231
FYT_02131030655,0,0,0,0,0,1,0,20250428,20261231
FYT_02131030656,0,0,0,0,0,0,1,20250428,20261231
FYT_02131031310,0,1,0,0,0,0,0,20250428,20261231
FYT_02131031400,0,0,0,0,0,1,0,20250428,20261231
FYT_02131031415,0,0,0,0,0,0,1,20250428,20261231
FYT_02131031535,0,0,0,0,0,0,1,20250428,20261231
FYT_02131031745,0,0,0,0,0,1,0,20250428,20261231
FYT_02131131115,1,1,1,1,1,0,0,20250428,20261231
FYT_02131131650,1,1,1,1,1,0,0,20250428,20261231
FYT_02131131750,1,1,1,1,1,0,0,20250428,20261231
FYT_02131140615,1,1,1,1,1,0,0,20250428,20261231
FYT_02131150612,1,1,1,1,1,0,0,20250428,20261231
FYT_02180010835,1,1,1,1,1,0,0,20250428,20261231
FYT_02180020700,1,1,1,1,1,0,0,20250428,20261231
FYT_02180020835,1,1,1,1,1,0,0,20250428,20261231
FYT_02180030855,1,1,1,1,1,0,0,20250428,20261231
FYT_02180030940,1,1,1,1,1,0,0,20250428,20261231
FYT_02180040740,1,1,1,1,1,0,0,20250428,20261231
FYT_02180040835,1,1,1,1,1,0,0,20250428,20261231
FYT_02181010725,1,1,1,1,1,0,0,20250428,20261231
FYT_02181010735,1,1,1,1,1,0,0,20250428,20261231
FYT_02181010745,1,1,1,1,1,0,0,20250428,20261231
FYT_02181010810,1,1,1,1,1,0,0,20250428,20261231
FYT_02181040650,1,1,1,1,1,0,0,20250428,20261231
FYT_02200010500,1,1,1,1,1,0,0,20250428,20261231
FYT_02200010755,0,0,0,0,0,1,0,20250428,20261231
FYT_02200010855,0,0,0,0,0,1,1,20250428,20261231
FYT_02200010955,0,0,0,0,0,1,1,20250428,20261231
FYT_02200011055,0,0,0,0,0,1,1,20250428,20261231
FYT_02200011325,0,0,0,0,0,1,1,20250428,20261231
FYT_02200011425,0,0,0,0,0,1,1,20250428,20261231
FYT_02200011525,0,0,0,0,0,1,0,20250428,20261231
FYT_02200011655,0,0,0,0,0,1,1,20250428,20261231
FYT_02200011855,0,0,0,0,0,1,1,20250428,20261231
FYT_02200012055,0,0,0,0,0,1,1,20250428,20261231
FYT_02201010545,1,1,1,1,1,0,0,20250428,20261231
FYT_02201010655,0,0,0,0,0,1,0,20250428,20261231
FYT_02201010755,0,0,0,0,0,1,1,20250428,20261231
FYT_02201010855,0,0,0,0,0,1,1,20250428,20261231
FYT_02201010955,0,0,0,0,0,1,1,20250428,20261231
FYT_02201011225,0,0,0,0,0,1,1,20250428,20261231
FYT_02201011325,0,0,0,0,0,1,1,20250428,20261231
FYT_02201011425,0,0,0,0,0,1,0,20250428,20261231
FYT_02201011555,0,0,0,0,0,1,1,20250428,20261231
FYT_02201011755,0,0,0,0,0,1,1,20250428,20261231
FYT_02201011955,0,0,0,0,0,1,1,20250428,20261231
FYT_02210010655,1,1,1,1,1,0,0,20250428,20261231
FYT_02210010715,1,1,1,1,1,0,0,20250428,20261231
FYT_02210010755,1,1,1,1,1,0,0,20250428,20261231
FYT_02210010825,1,1,1,1,1,0,0,20250428,20261231
FYT_02210010840,1,1,1,1,1,0,0,20250428,20261231
FYT_02210010855,1,1,1,1,1,0,0,20250428,20261231
FYT_02210010905,1,1,1,1,1,0,0,20250428,20261231
FYT_02210010925,1,1,1,1,1,0,0,20250428,20261231
FYT_02210010926,0,0,0,0,0,1,0,20250428,20261231
FYT_02210010955,1,1,1,1,1,0,0,20250428,20261231
FYT_02210011025,1,1,1,1,1,0,0,20250428,20261231
FYT_02210011026,0,0,0,0,0,1,0,20250428,20261231
FYT_02210011055,1,1,1,1,1,0,0,20250428,20261231
FYT_02210011125,1,1,1,1,1,0,0,20250428,20261231
FYT_02210011126,0,0,0,0,0,1,0,20250428,20261231
FYT_02210011155,1,1,1,1,1,0,0,20250428,20261231
FYT_02210011225,1,1,1,1,1,0,0,20250428,20261231
FYT_02210011226,0,0,0,0,0,1,0,20250428,20261231
FYT_02210011255,1,1,1,1,1,0,0,20250428,20261231
FYT_02210011325,1,1,1,1,1,0,0,20250428,20261231
FYT_02210011355,1,1,1,1,1,0,0,20250428,20261231
FYT_02210011356,0,0,0,0,0,1,0,20250428,20261231
FYT_02210011415,1,1,1,1,1,0,0,20250428,20261231
FYT_02210011425,1,1,1,1,1,0,0,20250428,20261231
FYT_02210011435,1,1,1,1,1,0,0,20250428,20261231
FYT_02210011455,1,1,1,1,1,0,0,20250428,20261231
FYT_02210011525,1,1,1,1,1,0,0,20250428,20261231
FYT_02210011555,1,1,1,1,1,0,0,20250428,20261231
FYT_02210011556,0,0,0,0,0,1,0,20250428,20261231
FYT_02210011625,1,1,1,1,1,0,0,20250428,20261231
FYT_02210011655,1,1,1,1,1,0,0,20250428,20261231
FYT_02210011725,1,1,1,1,1,0,0,20250428,20261231
FYT_02210011740,1,1,1,1,1,0,0,20250428,20261231
FYT_02210011755,1,1,1,1,1,0,0,20250428,20261231
FYT_02210011756,0,0,0,0,0,1,0,20250428,20261231
FYT_02210011825,1,1,1,1,1,0,0,20250428,20261231
FYT_02210011855,1,1,1,1,1,0,0,20250428,20261231
FYT_02210011925,1,1,1,1,1,0,0,20250428,20261231
FYT_02210011955,1,1,1,1,1,0,0,20250428,20261231
FYT_02210011956,0,0,0,0,0,1,0,20250428,20261231
FYT_02210012025,1,1,1,1,1,0,0,20250428,20261231
FYT_02210012125,1,1,1,1,1,0,0,20250428,20261231
FYT_02210012155,0,0,0,0,0,1,0,20250428,20261231
FYT_02210012210,1,1,1,1,1,0,0,20250428,20261231
FYT_02210012225,0,0,0,0,0,1,0,20250428,20261231
FYT_02210020730,1,1,1,1,1,0,0,20250428,20261231
FYT_02210020740,1,1,1,1,1,0,0,20250428,20261231
FYT_02210020815,1,1,1,1,1,0,0,20250428,20261231
FYT_02210020915,1,1,1,1,1,0,0,20250428,20261231
FYT_02210021310,1,1,1,1,1,0,0,20250428,20261231
FYT_02211010555,1,1,1,1,1,0,0,20250428,20261231
FYT_02211010610,1,1,1,1,1,0,0,20250428,20261231
FYT_02211010625,1,1,1,1,1,0,0,20250428,20261231
FYT_02211010655,1,1,1,1,1,0,0,20250428,20261231
FYT_02211010710,1,1,1,1,1,0,0,20250428,20261231
FYT_02211010715,1,1,1,1,1,0,0,20250428,20261231
FYT_02211010725,1,1,1,1,1,0,0,20250428,20261231
FYT_02211010755,1,1,1,1,1,0,0,20250428,20261231
FYT_02211010825,1,1,1,1,1,1,0,20250428,20261231
FYT_02211010855,1,1,1,1,1,0,0,20250428,20261231
FYT_02211010926,1,1,1,1,1,1,0,20250428,20261231
FYT_02211010955,1,1,1,1,1,0,0,20250428,20261231
FYT_02211011025,1,1,1,1,1,1,0,20250428,20261231
FYT_02211011055,1,1,1,1,1,0,0,20250428,20261231
FYT_02211011125,1,1,1,1,1,1,0,20250428,20261231
FYT_02211011155,1,1,1,1,1,0,0,20250428,20261231
FYT_02211011225,1,1,1,1,1,0,0,20250428,20261231
FYT_02211011255,1,1,1,1,1,1,0,20250428,20261231
FYT_02211011310,1,1,1,1,1,0,0,20250428,20261231
FYT_02211011325,1,1,1,1,1,0,0,20250428,20261231
FYT_02211011340,1,1,1,1,1,0,0,20250428,20261231
FYT_02211011355,1,1,1,1,1,0,0,20250428,20261231
FYT_02211011425,1,1,1,1,1,0,0,20250428,20261231
FYT_02211011455,1,1,1,1,1,1,0,20250428,20261231
FYT_02211011525,1,1,1,1,1,0,0,20250428,20261231
FYT_02211011555,1,1,1,1,1,0,0,20250428,20261231
FYT_02211011625,1,1,1,1,1,0,0,20250428,20261231
FYT_02211011640,1,1,1,1,1,0,0,20250428,20261231
FYT_02211011655,1,1,1,1,1,1,0,20250428,20261231
FYT_02211011725,1,1,1,1,1,0,0,20250428,20261231
FYT_02211011800,1,1,1,1,1,0,0,20250428,20261231
FYT_02211011825,1,1,1,1,1,0,0,20250428,20261231
FYT_02211011850,1,1,1,1,1,0,0,20250428,20261231
FYT_02211011855,0,0,0,0,0,1,0,20250428,20261231
FYT_02211011900,1,1,1,1,1,0,0,20250428,20261231
FYT_02211011955,1,1,1,1,1,0,0,20250428,20261231
FYT_02211012055,0,0,0,0,0,1,0,20250428,20261231
FYT_02211012115,1,1,1,1,1,0,0,20250428,20261231
FYT_02211012125,0,0,0,0,0,1,0,20250428,20261231
FYT_02211020650,1,1,1,1,1,0,0,20250428,20261231
FYT_02211020705,1,1,1,1,1,0,0,20250428,20261231
FYT_02211020735,1,1,1,1,1,0,0,20250428,20261231
FYT_02211020800,1,1,1,1,1,0,0,20250428,20261231
FYT_02211020815,1,1,1,1,1,0,0,20250428,20261231
FYT_02211020825,1,1,1,1,1,0,0,20250428,20261231
FYT_02300010600,1,1,1,1,1,0,0,20200928,20261231
FYT_02300010645,1,1,1,1,1,0,0,20200928,20261231
FYT_02300010745,1,1,1,1,1,0,0,20200101,20261231
FYT_02300010815,0,0,0,0,0,1,1,20200318,20261231
FYT_02300010915,1,1,1,1,1,0,0,20200928,20261231
FYT_02300011005,1,1,1,1,1,1,1,20180101,20261231
FYT_02300011145,1,1,1,1,1,0,0,20200928,20261231
FYT_02300011300,1,1,1,1,1,1,1,20200101,20261231
FYT_02300011435,1,1,1,1,1,0,0,20180101,20261231
FYT_02300011605,1,1,1,1,1,0,0,20200101,20261231
FYT_02300011606,0,0,0,0,0,1,1,20180101,20261231
FYT_02300011745,1,1,1,1,1,0,0,20200101,20261231
FYT_02300011746,0,0,0,0,0,1,1,20200318,20261231
FYT_02300011930,1,1,1,1,1,0,0,20200928,20261231
FYT_02300012000,1,1,1,1,1,1,1,20200101,20261231
FYT_02301010630,1,1,1,1,1,0,0,20200928,20261231
FYT_02301010715,1,1,1,1,1,0,0,20200101,20261231
FYT_02301010825,1,1,1,1,1,0,0,20200101,20261231
FYT_02301010845,0,0,0,0,0,1,1,20200928,20261231
FYT_02301010945,1,1,1,1,1,0,0,20200928,20261231
FYT_02301011040,1,1,1,1,1,0,0,20200101,20261231
FYT_02301011041,0,0,0,0,0,1,1,20180101,20261231
FYT_02301011225,1,1,1,1,1,0,0,20200928,20261231
FYT_02301011335,1,1,1,1,1,0,0,20200101,20261231
FYT_02301011336,0,0,0,0,0,1,1,20180101,20261231
FYT_02301011520,1,1,1,1,1,0,0,20200101,20261231
FYT_02301011645,1,1,1,1,1,0,0,20200101,20261231
FYT_02301011650,0,0,0,0,0,1,1,20180101,20261231
FYT_02301011830,1,1,1,1,1,0,0,20200101,20261231
FYT_02301011845,0,0,0,0,0,1,1,20180101,20261231
FYT_02301012005,1,1,1,1,1,0,0,20200928,20261231
FYT_02301012035,1,1,1,1,1,0,0,20200101,20261231
FYT_02301012036,0,0,0,0,0,1,1,20180101,20261231
FYT_02310040450,1,1,1,1,1,0,0,20200318,20261231
FYT_02310041245,1,1,1,1,1,0,0,20200901,20261231
FYT_02310041830,1,1,1,1,1,0,0,20200928,20261231
FYT_02310051440,1,1,1,1,1,0,0,20200409,20261231
FYT_02310060650,1,1,1,1,1,0,0,20200928,20261231
FYT_02310060740,1,1,1,1,1,0,0,20200318,20261231
FYT_02310070915,0,0,0,0,0,1,1,20200928,20261231
FYT_02310070945,1,1,1,1,1,0,0,20200928,20261231
FYT_02310071015,0,0,0,0,0,1,1,20200928,20261231
FYT_02310071130,1,1,1,1,1,0,0,20200318,20261231
FYT_02310071215,0,0,0,0,0,1,1,20200928,20261231
FYT_02310071615,0,0,0,0,0,1,1,20200928,20261231
FYT_02310071715,0,0,0,0,0,1,1,20200928,20261231
FYT_02310072015,0,0,0,0,0,1,1,20200928,20261231
FYT_02310072045,1,1,1,1,1,0,0,20200318,20261231
FYT_02310081910,1,1,1,1,1,0,0,20200409,20261231
FYT_02311040925,1,1,1,1,1,0,0,20200928,20261231
FYT_02311041215,1,1,1,1,1,0,0,20180101,20261231
FYT_02311041830,1,1,1,1,1,0,0,20200318,20261231
FYT_02311042025,1,1,1,1,1,0,0,20180101,20261231
FYT_02311061300,1,1,1,1,1,0,0,20200318,20261231
FYT_02311100910,1,1,1,1,1,0,0,20200928,20261231
FYT_02311101050,1,1,1,1,1,0,0,20200318,20261231
FYT_02311102000,1,1,1,1,1,0,0,20200318,20261231
FYT_02311110945,0,0,0,0,0,1,1,20200101,20261231
FYT_02311111145,0,0,0,0,0,1,1,20200101,20261231
FYT_02311111245,0,0,0,0,0,1,1,20200101,20261231
FYT_02311111645,0,0,0,0,0,1,1,20200101,20261231
FYT_02311111945,0,0,0,0,0,1,1,20200101,20261231
FYT_02311112045,0,0,0,0,0,1,1,20200101,20261231
FYT_02320010550,1,1,1,1,1,0,0,20241202,20261231
FYT_02320010650,1,1,1,1,1,0,0,20241202,20261231
FYT_02320011700,1,1,1,1,1,0,0,20241202,20261231
FYT_02320040751,1,1,1,1,1,0,0,20241202,20261231
FYT_02320050845,1,1,1,1,1,0,0,20241202,20261231
FYT_02320050930,1,1,1,1,1,0,0,20241202,20261231
FYT_02320051030,1,1,1,1,1,0,0,20241202,20261231
FYT_02320051125,0,0,0,0,0,1,1,20241202,20261231
FYT_02320051200,1,1,1,1,1,0,0,20241202,20261231
FYT_02320051925,0,0,0,0,0,1,1,20241202,20261231
FYT_02320052010,1,1,1,1,1,0,0,20241202,20261231
FYT_02320060525,1,1,1,1,1,0,0,20241202,20261231
FYT_02320060755,1,1,1,1,1,0,0,20241202,20261231
FYT_02320060855,1,1,1,1,1,0,0,20241202,20261231
FYT_02320061020,1,1,1,1,1,0,0,20241202,20261231
FYT_02320061045,0,0,0,0,0,1,1,20241202,20261231
FYT_02320061200,1,1,1,1,1,0,0,20241202,20261231
FYT_02320061330,1,1,1,1,1,0,0,20241202,20261231
FYT_02320061535,1,1,1,1,1,0,0,20241202,20261231
FYT_02320061745,0,0,0,0,0,1,1,20241202,20261231
FYT_02320061920,1,1,1,1,1,0,0,20241202,20261231
FYT_02320062120,1,1,1,1,1,0,0,20241202,20261231
FYT_02320070910,1,1,1,1,1,0,0,20241202,20261231
FYT_02320071100,1,1,1,1,1,0,0,20241202,20261231
FYT_02320071600,1,1,1,1,1,0,0,20241202,20261231
FYT_02320071825,0,0,0,0,0,1,1,20241202,20261231
FYT_02320081230,1,1,1,1,1,0,0,20241202,20261231
FYT_02320091355,1,1,1,1,1,0,0,20241202,20261231
FYT_02320091800,1,1,1,1,1,0,0,20241202,20261231
FYT_02320092150,1,1,1,1,1,0,0,20241202,20261231
FYT_02330011400,1,1,1,1,1,0,0,20200101,20261231
FYT_02330011515,1,1,1,1,1,0,0,20200101,20261231
FYT_02330011600,1,1,1,1,1,0,0,20200101,20261231
FYT_02330012000,1,1,1,1,1,0,0,20200101,20261231
FYT_02330020720,1,1,1,1,1,0,0,20180101,20261231
FYT_02330020845,1,1,1,1,1,0,0,20200101,20261231
FYT_02330021045,1,1,1,1,1,0,0,20200101,20261231
FYT_02330021200,1,1,1,1,1,0,0,20200101,20261231
FYT_02330021330,1,1,1,1,1,0,0,20200101,20261231
FYT_02330021700,1,1,1,1,1,0,0,20200101,20261231
FYT_02330021730,1,1,1,1,1,0,0,20200101,20261231
FYT_02330021815,1,1,1,1,1,0,0,20200101,20261231
FYT_02331010800,1,1,1,1,1,0,0,20200101,20261231
FYT_02331011240,1,1,1,1,1,0,0,20200101,20261231
FYT_02331011410,1,1,1,1,1,0,0,20200101,20261231
FYT_02331011445,1,1,1,1,1,0,0,20200101,20261231
FYT_02331011545,1,1,1,1,1,0,0,20200101,20261231
FYT_02331011805,1,1,1,1,1,0,0,20200101,20261231
FYT_02331011855,1,1,1,1,1,0,0,20200101,20261231
FYT_02331012040,1,1,1,1,1,0,0,20200101,20261231
FYT_02331020950,1,1,1,1,1,0,0,20200101,20261231
FYT_02331021120,1,1,1,1,1,0,0,20200101,20261231
FYT_02331021645,1,1,1,1,1,0,0,20180101,20261231
FYT_02331021735,1,1,1,1,1,0,0,20200101,20261231
FYT_02341012225,1,1,1,1,1,0,0,20200101,20261231
FYT_02341021435,1,1,1,1,1,0,0,20200101,20261231
FYT_02360010730,1,1,1,1,1,0,0,20200101,20261231
FYT_02360010930,1,1,1,1,1,0,0,20200101,20261231
FYT_02360011200,1,1,1,1,1,0,0,20200101,20261231
FYT_02360011730,1,1,1,1,1,0,0,20201013,20261231
FYT_02360021515,1,1,1,1,1,0,0,20201013,20261231
FYT_02361010745,1,1,1,1,1,0,0,20200101,20261231
FYT_02361010945,1,1,1,1,1,0,0,20200101,20261231
FYT_02361011545,1,1,1,1,1,0,0,20201013,20261231
FYT_02361021215,1,1,1,1,1,0,0,20200113,20261231
FYT_02361021815,1,1,1,1,1,0,0,20201013,20261231
FYT_02400020745,1,1,1,1,1,0,0,20200101,20261231
FYT_02400020845,1,1,1,1,1,0,0,20200101,20261231
FYT_02400020945,1,1,1,1,1,1,0,20200101,20261231
FYT_02400021045,1,1,1,1,1,1,0,20200101,20261231
FYT_02400021145,1,1,1,1,1,1,0,20200101,20261231
FYT_02400021245,1,1,1,1,1,0,0,20200101,20261231
FYT_02400021445,1,1,1,1,1,0,0,20200101,20261231
FYT_02400021545,1,1,1,1,1,0,0,20200101,20261231
FYT_02400021645,1,1,1,1,1,1,0,20200101,20261231
FYT_02400021745,1,1,1,1,1,1,0,20200101,20261231
FYT_02400021845,1,1,1,1,1,0,0,20200101,20261231
FYT_02400021945,1,1,1,1,1,0,0,20200101,20261231
FYT_02400022045,1,1,1,1,1,0,0,20200101,20261231
FYT_02400031245,0,0,0,0,0,1,0,20200101,20261231
FYT_02400031845,0,0,0,0,0,1,0,20200101,20261231
FYT_02400040655,1,1,1,1,1,0,0,20200101,20261231
FYT_02400040955,1,1,1,1,1,0,0,20200101,20261231
FYT_02400041030,1,1,1,1,1,0,0,20200914,20261231
FYT_02400051345,1,1,1,1,1,0,0,20230904,20261231
FYT_02401020825,1,1,1,1,1,0,0,20200101,20261231
FYT_02401020925,1,1,1,1,1,0,0,20200101,20261231
FYT_02401021025,1,1,1,1,1,1,0,20200101,20261231
FYT_02401021125,1,1,1,1,1,1,0,20200101,20261231
FYT_02401021225,1,1,1,1,1,1,0,20200101,20261231
FYT_02401021325,1,1,1,1,1,0,0,20200101,20261231
FYT_02401021425,1,1,1,1,1,0,0,20200101,20261231
FYT_02401021525,1,1,1,1,1,0,0,20200101,20261231
FYT_02401021625,1,1,1,1,1,0,0,20200101,20261231
FYT_02401021725,1,1,1,1,1,1,0,20200101,20261231
FYT_02401021825,1,1,1,1,1,1,0,20200101,20261231
FYT_02401021925,1,1,1,1,1,0,0,20200101,20261231
FYT_02401022025,1,1,1,1,1,0,0,20200101,20261231
FYT_02401030710,1,1,1,1,1,0,0,20200101,20261231
FYT_02401030910,0,0,0,0,0,1,0,20200101,20261231
FYT_02401031610,0,0,0,0,0,1,0,20200101,20261231
FYT_02401041010,1,1,1,1,1,0,0,20200914,20261231
FYT_02401051505,1,1,1,1,1,0,0,20230904,20261231
FYT_02500020730,1,1,1,1,1,0,0,20200914,20261231
FYT_02501021500,1,1,1,1,1,0,0,20200914,20261231
FYT_02510020620,1,1,1,1,1,0,0,20200914,20261231
FYT_02510020910,1,1,1,1,1,0,0,20200914,20261231
FYT_02510021140,1,1,1,1,1,0,0,20200914,20261231
FYT_02510021825,1,1,1,1,1,0,0,20200914,20261231
FYT_02600010830,1,1,1,1,1,0,0,20180101,20261231
FYT_02600010831,0,0,0,0,0,1,1,20180101,20261231
FYT_02600011030,0,0,0,0,0,1,1,20180101,20261231
FYT_02600011035,1,1,1,1,1,0,0,20180101,20261231
FYT_02600011235,0,0,0,0,0,1,1,20180101,20261231
FYT_02600011240,1,1,1,1,1,0,0,20180101,20261231
FYT_02600011440,0,0,0,0,0,1,1,20180101,20261231
FYT_02600011445,1,1,1,1,1,0,0,20180101,20261231
FYT_02600011650,0,0,0,0,0,1,1,20180101,20261231
FYT_02600011655,1,1,1,1,1,0,0,20180101,20261231
FYT_02600011850,0,0,0,0,0,1,1,20180101,20261231
FYT_02600011910,1,1,1,1,1,0,0,20180101,20261231
FYT_02600012050,0,0,0,0,0,1,1,20180101,20261231
FYT_02600012110,1,1,1,1,1,0,0,20180101,20261231
FYT_02600020920,1,1,1,1,1,0,0,20180101,20261231
FYT_02600021125,1,1,1,1,1,0,0,20180101,20261231
FYT_02600021330,1,1,1,1,1,0,0,20180101,20261231
FYT_02600021535,1,1,1,1,1,0,0,20180101,20261231
FYT_02600021740,1,1,1,1,1,0,0,20180101,20261231
FYT_02600022000,1,1,1,1,1,0,0,20180101,20261231
FYT_02600030655,1,1,1,1,1,0,0,20230906,20261231
FYT_02600040630,1,1,1,1,1,0,0,20180101,20261231
FYT_02600090815,1,1,1,1,1,0,0,20230906,20261231
FYT_02600120700,1,1,1,1,1,0,0,20180101,20261231
FYT_02601010708,1,1,1,1,1,0,0,20230906,20261231
FYT_02601010728,0,0,0,0,0,1,1,20180101,20261231
FYT_02601010928,0,0,0,0,0,1,1,20180101,20261231
FYT_02601010933,1,1,1,1,1,0,0,20180101,20261231
FYT_02601011128,0,0,0,0,0,1,1,20180101,20261231
FYT_02601011138,1,1,1,1,1,0,0,20180101,20261231
FYT_02601011333,0,0,0,0,0,1,1,20180101,20261231
FYT_02601011338,1,1,1,1,1,0,0,20180101,20261231
FYT_02601011543,1,1,1,1,1,0,0,20180101,20261231
FYT_02601011544,0,0,0,0,0,1,1,20180101,20261231
FYT_02601011743,0,0,0,0,0,1,1,20180101,20261231
FYT_02601011758,1,1,1,1,1,0,0,20180101,20261231
FYT_02601011943,0,0,0,0,0,1,1,20180101,20261231
FYT_02601012013,1,1,1,1,1,0,0,20180101,20261231
FYT_02601021023,1,1,1,1,1,0,0,20180101,20261231
FYT_02601021233,1,1,1,1,1,0,0,20180101,20261231
FYT_02601021433,1,1,1,1,1,0,0,20180101,20261231
FYT_02601021633,1,1,1,1,1,0,0,20180101,20261231
FYT_02601021848,1,1,1,1,1,0,0,20180101,20261231
FYT_02601032205,1,1,1,1,1,0,0,20180101,20261231
FYT_02601042115,1,1,1,1,1,0,0,20180101,20261231
FYT_02601060708,1,1,1,1,1,0,0,20180101,20261231
FYT_02601070755,1,1,1,1,1,0,0,20180101,20261231
FYT_02601121500,1,1,1,1,1,0,0,20180101,20261231
FYT_02800020100,1,1,1,1,1,0,0,20250428,20261231
FYT_02800020101,0,0,0,0,0,1,1,20250428,20261231
FYT_02800020200,0,0,0,0,0,1,1,20250428,20261231
FYT_02800030044,0,0,0,0,0,1,1,20250428,20261231
FYT_02800032344,0,0,0,0,1,1,0,20250428,20261231
FYT_02800032349,1,1,1,1,0,0,1,20250428,20261231
FYT_02800040305,1,1,1,1,1,0,0,20250428,20261231
FYT_02800040315,0,0,0,0,0,1,1,20250428,20261231
FYT_02800040415,0,0,0,0,0,1,1,20250428,20261231
FYT_02820010710,1,1,1,1,1,0,0,20250908,20261231
FYT_02821011435,1,1,1,1,1,0,0,20250908,20261231
FYT_02830010720,1,1,1,1,1,0,0,20250908,20261231
FYT_02831011430,1,1,1,1,1,0,0,20250908,20261231
FYT_02910090640,1,1,1,1,1,0,0,20250908,20261231
FYT_02910090755,1,1,1,1,1,0,0,20250908,20261231
FYT_02910090855,1,1,1,1,1,0,0,20250908,20261231
FYT_02910090955,1,1,1,1,1,0,0,20250908,20261231
FYT_02910091055,1,1,1,1,1,0,0,20250908,20261231
FYT_02910091155,1,1,1,1,1,0,0,20250908,20261231
FYT_02910091255,1,1,1,1,1,0,0,20250908,20261231
FYT_02910091355,1,1,1,1,1,0,0,20250908,20261231
FYT_02910091455,1,1,1,1,1,0,0,20250908,20261231
FYT_02910091555,1,1,1,1,1,0,0,20250908,20261231
FYT_02910091655,1,1,1,1,1,0,0,20250908,20261231
FYT_02910091755,1,1,1,1,1,0,0,20250908,20261231
FYT_02910091855,1,1,1,1,1,0,0,20250908,20261231
FYT_02910091955,1,1,1,1,1,0,0,20250908,20261231
FYT_02910092055,1,1,1,1,1,0,0,20250908,20261231
FYT_02930060825,1,1,1,1,1,0,0,20250908,20261231
FYT_02930060925,1,1,1,1,1,0,0,20250908,20261231
FYT_02930061025,1,1,1,1,1,0,0,20250908,20261231
FYT_02930061125,1,1,1,1,1,0,0,20250908,20261231
FYT_02930061225,1,1,1,1,1,0,0,20250908,20261231
FYT_02930061325,1,1,1,1,1,0,0,20250908,20261231
FYT_02930061525,1,1,1,1,1,0,0,20250908,20261231
FYT_02930061625,1,1,1,1,1,0,0,20250908,20261231
FYT_02930061725,1,1,1,1,1,0,0,20250908,20261231
FYT_02930061825,1,1,1,1,1,0,0,20250908,20261231
FYT_02930061925,1,1,1,1,1,0,0,20250908,20261231
FYT_02930062025,1,1,1,1,1,0,0,20250908,20261231
FYT_02960010902,1,1,1,1,1,0,0,20210101,20261231
FYT_02960011102,1,1,1,1,1,0,0,20210101,20261231
FYT_02960011302,1,1,1,1,1,0,0,20210101,20261231
FYT_02960091432,1,1,1,1,1,0,0,20210101,20261231
FYT_02960120830,0,0,0,0,0,1,0,20210101,20261231
FYT_02960120900,0,0,0,0,0,1,0,20210101,20261231
FYT_02960120930,0,0,0,0,0,1,0,20210101,20261231
FYT_02960121000,0,0,0,0,0,1,0,20210101,20261231
FYT_02960121030,0,0,0,0,0,1,0,20210101,20261231
FYT_02960121100,0,0,0,0,0,1,0,20210101,20261231
FYT_02960121130,0,0,0,0,0,1,0,20210101,20261231
FYT_02960121200,0,0,0,0,0,1,0,20210101,20261231
FYT_02960121230,0,0,0,0,0,1,0,20210101,20261231
FYT_02960121300,0,0,0,0,0,1,0,20210101,20261231
FYT_02960121330,0,0,0,0,0,1,0,20210101,20261231
FYT_02960130715,1,1,1,1,1,0,0,20210101,20261231
FYT_02960150932,1,1,1,1,1,0,0,20210101,20261231
FYT_02960151132,1,1,1,1,1,0,0,20220102,20261231
FYT_02960160802,1,1,1,1,1,0,0,20220102,20261231
FYT_02960161002,1,1,1,1,1,0,0,20220102,20261231
FYT_02960161202,1,1,1,1,1,0,0,20220102,20261231
FYT_02960161332,1,1,1,1,1,0,0,20220102,20261231
FYT_02960170835,1,1,1,1,1,0,0,20220102,20261231
FYT_02960171035,1,1,1,1,1,0,0,20220102,20261231
FYT_02960171235,1,1,1,1,1,0,0,20220102,20261231
FYT_02960171405,1,1,1,1,1,0,0,20220102,20261231
GAM_S1,1,1,1,1,1,0,0,20210923,20281231
GAM_S2,0,0,0,0,0,1,0,20240701,20281231
GAM_S22,1,1,1,1,1,1,1,20240930,20240930
GAM_S4,1,1,1,1,1,0,0,20240909,20241220
GAM_S6,1,1,1,1,1,1,0,20210923,20281231
GEN_184570,0,0,0,0,0,0,0,20260101,20260630
GEN_184572,0,0,0,0,0,0,0,20260101,20260630
GEN_184594,0,0,0,0,0,0,0,20260101,20260630
GEN_184610,0,0,0,0,0,0,0,20260101,20260630
GEN_184613,0,0,0,0,0,0,0,20260101,20260630
GEN_184629,0,0,0,0,0,0,0,20260101,20260630
GEN_184634,0,0,0,0,0,0,0,20260101,20260630
GEN_184636,0,0,0,0,0,0,0,20260101,20260630
GEN_184637,0,0,0,0,0,0,0,20260101,20260630
GEN_184638,0,0,0,0,0,0,0,20260101,20260630
GEN_184639,0,0,0,0,0,0,0,20260101,20260630
GEN_184642,0,0,0,0,0,0,0,20260101,20260630
GEN_184646,0,0,0,0,0,0,0,20260101,20260630
GEN_184649,0,0,0,0,0,0,0,20260101,20260630
GEN_184654,0,0,0,0,0,0,0,20260101,20260630
GEN_184656,0,0,0,0,0,0,0,20260101,20260630
GEN_184658,0,0,0,0,0,0,0,20260101,20260630
GEN_184659,0,0,0,0,0,0,0,20260101,20260630
GEN_184677,0,0,0,0,0,0,0,20260101,20260630
GEN_184678,0,0,0,0,0,0,0,20260101,20260630
GEN_184681,0,0,0,0,0,0,0,20260101,20260630
GEN_184683,0,0,0,0,0,0,0,20260101,20260630
GEN_184700,0,0,0,0,0,0,0,20260101,20260630
GEN_184709,0,0,0,0,0,0,0,20260101,20260630
GEN_184710,0,0,0,0,0,0,0,20260101,20260630
GEN_184717,0,0,0,0,0,0,0,20260101,20260630
GEN_184730,0,0,0,0,0,0,0,20260101,20260630
GEN_184731,0,0,0,0,0,0,0,20260101,20260630
GEN_184732,0,0,0,0,0,0,0,20260101,20260630
GEN_184734,0,0,0,0,0,0,0,20260101,20260630
GEN_184735,0,0,0,0,0,0,0,20260101,20260630
GEN_184749,0,0,0,0,0,0,0,20260101,20260630
GEN_184750,0,0,0,0,0,0,0,20260101,20260630
GEN_184753,0,0,0,0,0,0,0,20260101,20260630
GEN_184757,0,0,0,0,0,0,0,20260101,20260630
GEN_184760,0,0,0,0,0,0,0,20260101,20260630
GEN_184761,0,0,0,0,0,0,0,20260101,20260630
GEN_184765,0,0,0,0,0,0,0,20260101,20260630
GEN_184766,0,0,0,0,0,0,0,20260101,20260630
GEN_184767,0,0,0,0,0,0,0,20260101,20260630
GEN_184769,0,0,0,0,0,0,0,20260101,20260630
GEN_184771,0,0,0,0,0,0,0,20260101,20260630
GEN_184777,0,0,0,0,0,0,0,20260101,20260630
GEN_184785,0,0,0,0,0,0,0,20260101,20260630
GEN_184786,0,0,0,0,0,0,0,20260101,20260630
GEN_184794,0,0,0,0,0,0,0,20260101,20260630
GEN_184806,0,0,0,0,0,0,0,20260101,20260630
GEN_184811,0,0,0,0,0,0,0,20260101,20260630
GEN_184814,0,0,0,0,0,0,0,20260101,20260630
GEN_184815,0,0,0,0,0,0,0,20260101,20260630
GEN_184816,0,0,0,0,0,0,0,20260101,20260630
GEN_184817,0,0,0,0,0,0,0,20260101,20260630
GEN_184821,0,0,0,0,0,0,0,20260101,20260630
GEN_184822,0,0,0,0,0,0,0,20260101,20260630
GEN_184824,0,0,0,0,0,0,0,20260101,20260630
GEN_184834,0,0,0,0,0,0,0,20260101,20260630
GEN_184839,0,0,0,0,0,0,0,20260101,20260630
GEN_184846,0,0,0,0,0,0,0,20260101,20260630
GEN_184847,0,0,0,0,0,0,0,20260101,20260630
GEN_184853,0,0,0,0,0,0,0,20260101,20260630
GEN_184861,0,0,0,0,0,0,0,20260101,20260630
GEN_184862,0,0,0,0,0,0,0,20260101,20260630
GEN_184866,0,0,0,0,0,0,0,20260101,20260630
GEN_184867,0,0,0,0,0,0,0,20260101,20260630
GEN_184868,0,0,0,0,0,0,0,20260101,20260630
GEN_184870,0,0,0,0,0,0,0,20260101,20260630
GEN_184878,0,0,0,0,0,0,0,20260101,20260630
GEN_184882,0,0,0,0,0,0,0,20260101,20260630
GEN_184883,0,0,0,0,0,0,0,20260101,20260630
GEN_184886,0,0,0,0,0,0,0,20260101,20260630
GEN_184887,0,0,0,0,0,0,0,20260101,20260630
GEN_184889,0,0,0,0,0,0,0,20260101,20260630
GEN_184896,0,0,0,0,0,0,0,20260101,20260630
GEN_184899,0,0,0,0,0,0,0,20260101,20260630
GEN_184904,0,0,0,0,0,0,0,20260101,20260630
GEN_184910,0,0,0,0,0,0,0,20260101,20260630
GEN_184911,0,0,0,0,0,0,0,20260101,20260630
GEN_184928,0,0,0,0,0,0,0,20260101,20260630
GEN_184929,0,0,0,0,0,0,0,20260101,20260630
GEN_184938,0,0,0,0,0,0,0,20260101,20260630
GEN_184939,0,0,0,0,0,0,0,20260101,20260630
GEN_184941,0,0,0,0,0,0,0,20260101,20260630
GEN_184944,0,0,0,0,0,0,0,20260101,20260630
GEN_184956,0,0,0,0,0,0,0,20260101,20260630
GEN_184957,0,0,0,0,0,0,0,20260101,20260630
GEN_184960,0,0,0,0,0,0,0,20260101,20260630
GEN_184966,0,0,0,0,0,0,0,20260101,20260630
GEN_184967,0,0,0,0,0,0,0,20260101,20260630
GEN_184989,0,0,0,0,0,0,0,20260101,20260630
GEN_184994,0,0,0,0,0,0,0,20260101,20260630
GEN_185001,0,0,0,0,0,0,0,20260101,20260630
GEN_185016,0,0,0,0,0,0,0,20260101,20260630
GEN_185017,0,0,0,0,0,0,0,20260101,20260630
GEN_185019,0,0,0,0,0,0,0,20260101,20260630
GEN_185022,0,0,0,0,0,0,0,20260101,20260630
GEN_185029,0,0,0,0,0,0,0,20260101,20260630
GEN_185030,0,0,0,0,0,0,0,20260101,20260630
GEN_185032,0,0,0,0,0,0,0,20260101,20260630
GEN_185033,0,0,0,0,0,0,0,20260101,20260630
GEN_185037,0,0,0,0,0,0,0,20260101,20260630
GEN_185038,0,0,0,0,0,0,0,20260101,20260630
GEN_185039,0,0,0,0,0,0,0,20260101,20260630
GEN_185040,0,0,0,0,0,0,0,20260101,20260630
GEN_185048,0,0,0,0,0,0,0,20260101,20260630
GEN_185050,0,0,0,0,0,0,0,20260101,20260630
GEN_185052,0,0,0,0,0,0,0,20260101,20260630
GEN_185053,0,0,0,0,0,0,0,20260101,20260630
GEN_185056,0,0,0,0,0,0,0,20260101,20260630
GEN_185059,0,0,0,0,0,0,0,20260101,20260630
GEN_185069,0,0,0,0,0,0,0,20260101,20260630
GEN_185074,0,0,0,0,0,0,0,20260101,20260630
GEN_185077,0,0,0,0,0,0,0,20260101,20260630
GEN_185080,0,0,0,0,0,0,0,20260101,20260630
GEN_185081,0,0,0,0,0,0,0,20260101,20260630
GEN_185086,0,0,0,0,0,0,0,20260101,20260630
GEN_185092,0,0,0,0,0,0,0,20260101,20260630
GEN_185094,0,0,0,0,0,0,0,20260101,20260630
GEN_185102,0,0,0,0,0,0,0,20260101,20260630
GEN_185106,0,0,0,0,0,0,0,20260101,20260630
GEN_185118,0,0,0,0,0,0,0,20260101,20260630
GEN_185122,0,0,0,0,0,0,0,20260101,20260630
GEN_185134,0,0,0,0,0,0,0,20260101,20260630
GEN_185143,0,0,0,0,0,0,0,20260101,20260630
GEN_185151,0,0,0,0,0,0,0,20260101,20260630
GEN_185156,0,0,0,0,0,0,0,20260101,20260630
GEN_185157,0,0,0,0,0,0,0,20260101,20260630
GEN_185158,0,0,0,0,0,0,0,20260101,20260630
GEN_185162,0,0,0,0,0,0,0,20260101,20260630
GEN_185166,0,0,0,0,0,0,0,20260101,20260630
GEN_185171,0,0,0,0,0,0,0,20260101,20260630
GEN_185174,0,0,0,0,0,0,0,20260101,20260630
GEN_185175,0,0,0,0,0,0,0,20260101,20260630
GEN_185178,0,0,0,0,0,0,0,20260101,20260630
GEN_185182,0,0,0,0,0,0,0,20260101,20260630
GEN_185196,0,0,0,0,0,0,0,20260101,20260630
GEN_185209,0,0,0,0,0,0,0,20260101,20260630
GEN_185220,0,0,0,0,0,0,0,20260101,20260630
GEN_185222,0,0,0,0,0,0,0,20260101,20260630
GEN_185237,0,0,0,0,0,0,0,20260101,20260630
GEN_185244,0,0,0,0,0,0,0,20260101,20260630
GEN_185246,0,0,0,0,0,0,0,20260101,20260630
GEN_185255,0,0,0,0,0,0,0,20260101,20260630
GEN_185257,0,0,0,0,0,0,0,20260101,20260630
GEN_185258,0,0,0,0,0,0,0,20260101,20260630
GEN_185259,0,0,0,0,0,0,0,20260101,20260630
GEN_185260,0,0,0,0,0,0,0,20260101,20260630
GEN_185264,0,0,0,0,0,0,0,20260101,20260630
GEN_185271,0,0,0,0,0,0,0,20260101,20260630
GEN_185285,0,0,0,0,0,0,0,20260101,20260630
GEN_185286,0,0,0,0,0,0,0,20260101,20260630
GEN_185287,0,0,0,0,0,0,0,20260101,20260630
GEN_185288,0,0,0,0,0,0,0,20260101,20260630
GEN_185292,0,0,0,0,0,0,0,20260101,20260630
GEN_185298,0,0,0,0,0,0,0,20260101,20260630
GEN_185302,0,0,0,0,0,0,0,20260101,20260630
GEN_185305,0,0,0,0,0,0,0,20260101,20260630
GEN_185307,0,0,0,0,0,0,0,20260101,20260630
GEN_185310,0,0,0,0,0,0,0,20260101,20260630
GEN_185331,0,0,0,0,0,0,0,20260101,20260630
GEN_185341,0,0,0,0,0,0,0,20260101,20260630
GEN_185343,0,0,0,0,0,0,0,20260101,20260630
GEN_185345,0,0,0,0,0,0,0,20260101,20260630
GEN_185359,0,0,0,0,0,0,0,20260101,20260630
GEN_185363,0,0,0,0,0,0,0,20260101,20260630
GEN_185366,0,0,0,0,0,0,0,20260101,20260630
GEN_185369,0,0,0,0,0,0,0,20260101,20260630
GEN_185377,0,0,0,0,0,0,0,20260101,20260630
GEN_185380,0,0,0,0,0,0,0,20260101,20260630
GEN_185390,0,0,0,0,0,0,0,20260101,20260630
GEN_185391,0,0,0,0,0,0,0,20260101,20260630
GEN_185395,0,0,0,0,0,0,0,20260101,20260630
GEN_185397,0,0,0,0,0,0,0,20260101,20260630
GEN_185402,0,0,0,0,0,0,0,20260101,20260630
GEN_185403,0,0,0,0,0,0,0,20260101,20260630
GEN_185404,0,0,0,0,0,0,0,20260101,20260630
GEN_185411,0,0,0,0,0,0,0,20260101,20260630
GEN_185414,0,0,0,0,0,0,0,20260101,20260630
GEN_185420,0,0,0,0,0,0,0,20260101,20260630
GEN_185422,0,0,0,0,0,0,0,20260101,20260630
GEN_185438,0,0,0,0,0,0,0,20260101,20260630
GEN_185444,0,0,0,0,0,0,0,20260101,20260630
GEN_185446,0,0,0,0,0,0,0,20260101,20260630
GEN_185453,0,0,0,0,0,0,0,20260101,20260630
GEN_185456,0,0,0,0,0,0,0,20260101,20260630
GEN_185459,0,0,0,0,0,0,0,20260101,20260630
GEN_185461,0,0,0,0,0,0,0,20260101,20260630
GEN_185462,0,0,0,0,0,0,0,20260101,20260630
GEN_185463,0,0,0,0,0,0,0,20260101,20260630
GEN_185464,0,0,0,0,0,0,0,20260101,20260630
GEN_185465,0,0,0,0,0,0,0,20260101,20260630
GEN_185467,0,0,0,0,0,0,0,20260101,20260630
GEN_185473,0,0,0,0,0,0,0,20260101,20260630
GEN_185476,0,0,0,0,0,0,0,20260101,20260630
GEN_185480,0,0,0,0,0,0,0,20260101,20260630
GEN_185481,0,0,0,0,0,0,0,20260101,20260630
GEN_185483,0,0,0,0,0,0,0,20260101,20260630
GEN_185487,0,0,0,0,0,0,0,20260101,20260630
GEN_185488,0,0,0,0,0,0,0,20260101,20260630
GEN_185494,0,0,0,0,0,0,0,20260101,20260630
GEN_185498,0,0,0,0,0,0,0,20260101,20260630
GEN_185526,0,0,0,0,0,0,0,20260101,20260630
GEN_185529,0,0,0,0,0,0,0,20260101,20260630
GEN_185532,0,0,0,0,0,0,0,20260101,20260630
GEN_185537,0,0,0,0,0,0,0,20260101,20260630
GEN_185539,0,0,0,0,0,0,0,20260101,20260630
GEN_185542,0,0,0,0,0,0,0,20260101,20260630
GEN_185544,0,0,0,0,0,0,0,20260101,20260630
GEN_185547,0,0,0,0,0,0,0,20260101,20260630
GEN_185551,0,0,0,0,0,0,0,20260101,20260630
GEN_185554,0,0,0,0,0,0,0,20260101,20260630
GEN_185602,0,0,0,0,0,0,0,20260101,20260630
GEN_185605,0,0,0,0,0,0,0,20260101,20260630
GEN_185618,0,0,0,0,0,0,0,20260101,20260630
GEN_185620,0,0,0,0,0,0,0,20260101,20260630
GEN_185625,0,0,0,0,0,0,0,20260101,20260630
GEN_185627,0,0,0,0,0,0,0,20260101,20260630
GEN_185628,0,0,0,0,0,0,0,20260101,20260630
GEN_185632,0,0,0,0,0,0,0,20260101,20260630
GEN_185637,0,0,0,0,0,0,0,20260101,20260630
GEN_185643,0,0,0,0,0,0,0,20260101,20260630
GEN_185646,0,0,0,0,0,0,0,20260101,20260630
GEN_185657,0,0,0,0,0,0,0,20260101,20260630
GEN_185658,0,0,0,0,0,0,0,20260101,20260630
GEN_185659,0,0,0,0,0,0,0,20260101,20260630
GEN_185660,0,0,0,0,0,0,0,20260101,20260630
GEN_185673,0,0,0,0,0,0,0,20260101,20260630
GEN_185674,0,0,0,0,0,0,0,20260101,20260630
GEN_185675,0,0,0,0,0,0,0,20260101,20260630
GEN_185676,0,0,0,0,0,0,0,20260101,20260630
GEN_185677,0,0,0,0,0,0,0,20260101,20260630
GEN_185678,0,0,0,0,0,0,0,20260101,20260630
GEN_185679,0,0,0,0,0,0,0,20260101,20260630
GEN_185680,0,0,0,0,0,0,0,20260101,20260630
GEN_185681,0,0,0,0,0,0,0,20260101,20260630
GEN_185698,0,0,0,0,0,0,0,20260101,20260630
GEN_185703,0,0,0,0,0,0,0,20260101,20260630
GEN_185706,0,0,0,0,0,0,0,20260101,20260630
GEN_185709,0,0,0,0,0,0,0,20260101,20260630
GEN_185712,0,0,0,0,0,0,0,20260101,20260630
GEN_185714,0,0,0,0,0,0,0,20260101,20260630
GEN_185720,0,0,0,0,0,0,0,20260101,20260630
GEN_185755,0,0,0,0,0,0,0,20260101,20260630
GEN_185757,0,0,0,0,0,0,0,20260101,20260630
GEN_185758,0,0,0,0,0,0,0,20260101,20260630
GEN_185761,0,0,0,0,0,0,0,20260101,20260630
GEN_185789,0,0,0,0,0,0,0,20260101,20260630
GEN_185801,0,0,0,0,0,0,0,20260101,20260630
GEN_185808,0,0,0,0,0,0,0,20260101,20260630
GEN_185810,0,0,0,0,0,0,0,20260101,20260630
GEN_185813,0,0,0,0,0,0,0,20260101,20260630
GEN_185814,0,0,0,0,0,0,0,20260101,20260630
GEN_185830,0,0,0,0,0,0,0,20260101,20260630
GEN_185831,0,0,0,0,0,0,0,20260101,20260630
GEN_185842,0,0,0,0,0,0,0,20260101,20260630
GEN_185852,0,0,0,0,0,0,0,20260101,20260630
GEN_185866,0,0,0,0,0,0,0,20260101,20260630
GEN_185867,0,0,0,0,0,0,0,20260101,20260630
GEN_185886,0,0,0,0,0,0,0,20260101,20260630
GEN_185891,0,0,0,0,0,0,0,20260101,20260630
GEN_185893,0,0,0,0,0,0,0,20260101,20260630
GEN_185894,0,0,0,0,0,0,0,20260101,20260630
GEN_185897,0,0,0,0,0,0,0,20260101,20260630
GEN_185898,0,0,0,0,0,0,0,20260101,20260630
GEN_185900,0,0,0,0,0,0,0,20260101,20260630
GEN_185905,0,0,0,0,0,0,0,20260101,20260630
GEN_185913,0,0,0,0,0,0,0,20260101,20260630
GEN_185914,0,0,0,0,0,0,0,20260101,20260630
GEN_185918,0,0,0,0,0,0,0,20260101,20260630
GEN_185921,0,0,0,0,0,0,0,20260101,20260630
GEN_185922,0,0,0,0,0,0,0,20260101,20260630
GEN_185923,0,0,0,0,0,0,0,20260101,20260630
GEN_185927,0,0,0,0,0,0,0,20260101,20260630
GEN_185933,0,0,0,0,0,0,0,20260101,20260630
GEN_185934,0,0,0,0,0,0,0,20260101,20260630
GEN_185941,0,0,0,0,0,0,0,20260101,20260630
GEN_185964,0,0,0,0,0,0,0,20260101,20260630
GEN_185977,0,0,0,0,0,0,0,20260101,20260630
GEN_185979,0,0,0,0,0,0,0,20260101,20260630
GEN_185996,0,0,0,0,0,0,0,20260101,20260630
GEN_185999,0,0,0,0,0,0,0,20260101,20260630
GEN_186003,0,0,0,0,0,0,0,20260101,20260630
GEN_186004,0,0,0,0,0,0,0,20260101,20260630
GEN_186010,0,0,0,0,0,0,0,20260101,20260630
GEN_186023,0,0,0,0,0,0,0,20260101,20260630
GEN_186027,0,0,0,0,0,0,0,20260101,20260630
GEN_186033,0,0,0,0,0,0,0,20260101,20260630
GEN_186036,0,0,0,0,0,0,0,20260101,20260630
GEN_186037,0,0,0,0,0,0,0,20260101,20260630
GEN_186039,0,0,0,0,0,0,0,20260101,20260630
GEN_186042,0,0,0,0,0,0,0,20260101,20260630
GEN_186044,0,0,0,0,0,0,0,20260101,20260630
GEN_186046,0,0,0,0,0,0,0,20260101,20260630
GEN_186050,0,0,0,0,0,0,0,20260101,20260630
GEN_186051,0,0,0,0,0,0,0,20260101,20260630
GEN_186052,0,0,0,0,0,0,0,20260101,20260630
GEN_186053,0,0,0,0,0,0,0,20260101,20260630
GEN_186062,0,0,0,0,0,0,0,20260101,20260630
GEN_186065,0,0,0,0,0,0,0,20260101,20260630
GEN_186068,0,0,0,0,0,0,0,20260101,20260630
GEN_186075,0,0,0,0,0,0,0,20260101,20260630
GEN_186076,0,0,0,0,0,0,0,20260101,20260630
GEN_186084,0,0,0,0,0,0,0,20260101,20260630
GEN_186086,0,0,0,0,0,0,0,20260101,20260630
GEN_186087,0,0,0,0,0,0,0,20260101,20260630
GEN_186090,0,0,0,0,0,0,0,20260101,20260630
GEN_186091,0,0,0,0,0,0,0,20260101,20260630
GEN_186092,0,0,0,0,0,0,0,20260101,20260630
GEN_186093,0,0,0,0,0,0,0,20260101,20260630
GEN_186094,0,0,0,0,0,0,0,20260101,20260630
GEN_186095,0,0,0,0,0,0,0,20260101,20260630
GEN_186096,0,0,0,0,0,0,0,20260101,20260630
GEN_186097,0,0,0,0,0,0,0,20260101,20260630
GEN_186098,0,0,0,0,0,0,0,20260101,20260630
GEN_186099,0,0,0,0,0,0,0,20260101,20260630
GEN_186100,0,0,0,0,0,0,0,20260101,20260630
GEN_186101,0,0,0,0,0,0,0,20260101,20260630
GEN_186102,0,0,0,0,0,0,0,20260101,20260630
GEN_186103,0,0,0,0,0,0,0,20260101,20260630
GEN_186104,0,0,0,0,0,0,0,20260101,20260630
GEN_186105,0,0,0,0,0,0,0,20260101,20260630
GEN_186106,0,0,0,0,0,0,0,20260101,20260630
GEN_186107,0,0,0,0,0,0,0,20260101,20260630
GEN_186108,0,0,0,0,0,0,0,20260101,20260630
GEN_186110,0,0,0,0,0,0,0,20260101,20260630
GEN_186111,0,0,0,0,0,0,0,20260101,20260630
GEN_186113,0,0,0,0,0,0,0,20260101,20260630
GEN_186121,0,0,0,0,0,0,0,20260101,20260630
GEN_186126,0,0,0,0,0,0,0,20260101,20260630
GEN_186131,0,0,0,0,0,0,0,20260101,20260630
GEN_186134,0,0,0,0,0,0,0,20260101,20260630
GEN_186139,0,0,0,0,0,0,0,20260101,20260630
GEN_186142,0,0,0,0,0,0,0,20260101,20260630
GEN_186143,0,0,0,0,0,0,0,20260101,20260630
GEN_186147,0,0,0,0,0,0,0,20260101,20260630
GEN_186175,0,0,0,0,0,0,0,20260101,20260630
GEN_186176,0,0,0,0,0,0,0,20260101,20260630
GEN_186187,0,0,0,0,0,0,0,20260101,20260630
GEN_186188,0,0,0,0,0,0,0,20260101,20260630
GEN_186195,0,0,0,0,0,0,0,20260101,20260630
GEN_186199,0,0,0,0,0,0,0,20260101,20260630
GEN_186200,0,0,0,0,0,0,0,20260101,20260630
GEN_186201,0,0,0,0,0,0,0,20260101,20260630
GEN_186206,0,0,0,0,0,0,0,20260101,20260630
GEN_186249,0,0,0,0,0,0,0,20260101,20260630
GEN_186252,0,0,0,0,0,0,0,20260101,20260630
GEN_186280,0,0,0,0,0,0,0,20260101,20260630
GEN_186288,0,0,0,0,0,0,0,20260101,20260630
GEN_186289,0,0,0,0,0,0,0,20260101,20260630
GEN_186339,0,0,0,0,0,0,0,20260101,20260630
GEN_186360,0,0,0,0,0,0,0,20260101,20260630
GEN_186370,0,0,0,0,0,0,0,20260101,20260630
GEN_186606,0,0,0,0,0,0,0,20260101,20260630
GEN_186725,0,0,0,0,0,0,0,20260101,20260630
GEN_186752,0,0,0,0,0,0,0,20260101,20260630
GEN_186789,0,0,0,0,0,0,0,20260101,20260630
GEN_186798,0,0,0,0,0,0,0,20260101,20260630
GEN_186799,0,0,0,0,0,0,0,20260101,20260630
GEN_186860,0,0,0,0,0,0,0,20260101,20260630
GEN_186861,0,0,0,0,0,0,0,20260101,20260630
GEN_186862,0,0,0,0,0,0,0,20260101,20260630
GEN_186863,0,0,0,0,0,0,0,20260101,20260630
GEN_186864,0,0,0,0,0,0,0,20260101,20260630
GEN_186865,0,0,0,0,0,0,0,20260101,20260630
GEN_186867,0,0,0,0,0,0,0,20260101,20260630
GEN_186868,0,0,0,0,0,0,0,20260101,20260630
GEN_186875,0,0,0,0,0,0,0,20260101,20260630
GEN_186876,0,0,0,0,0,0,0,20260101,20260630
GEN_186877,0,0,0,0,0,0,0,20260101,20260630
GEN_186878,0,0,0,0,0,0,0,20260101,20260630
GEN_186879,0,0,0,0,0,0,0,20260101,20260630
GEN_186881,0,0,0,0,0,0,0,20260101,20260630
GEN_186882,0,0,0,0,0,0,0,20260101,20260630
GEN_186887,0,0,0,0,0,0,0,20260101,20260630
GEN_186889,0,0,0,0,0,0,0,20260101,20260630
GEN_186891,0,0,0,0,0,0,0,20260101,20260630
GEN_186892,0,0,0,0,0,0,0,20260101,20260630
GEN_186893,0,0,0,0,0,0,0,20260101,20260630
GEN_186894,0,0,0,0,0,0,0,20260101,20260630
GEN_186898,0,0,0,0,0,0,0,20260101,20260630
GEN_186899,0,0,0,0,0,0,0,20260101,20260630
GEN_186907,0,0,0,0,0,0,0,20260101,20260630
GEN_186908,0,0,0,0,0,0,0,20260101,20260630
GEN_186909,0,0,0,0,0,0,0,20260101,20260630
GEN_186910,0,0,0,0,0,0,0,20260101,20260630
GEN_186912,0,0,0,0,0,0,0,20260101,20260630
GEN_186913,0,0,0,0,0,0,0,20260101,20260630
GEN_186914,0,0,0,0,0,0,0,20260101,20260630
GEN_186915,0,0,0,0,0,0,0,20260101,20260630
GEN_186917,0,0,0,0,0,0,0,20260101,20260630
GEN_186918,0,0,0,0,0,0,0,20260101,20260630
GEN_186920,0,0,0,0,0,0,0,20260101,20260630
GEN_186921,0,0,0,0,0,0,0,20260101,20260630
GEN_186922,0,0,0,0,0,0,0,20260101,20260630
GEN_186923,0,0,0,0,0,0,0,20260101,20260630
GEN_186924,0,0,0,0,0,0,0,20260101,20260630
GEN_186925,0,0,0,0,0,0,0,20260101,20260630
GEN_186926,0,0,0,0,0,0,0,20260101,20260630
GEN_186927,0,0,0,0,0,0,0,20260101,20260630
GEN_186928,0,0,0,0,0,0,0,20260101,20260630
GEN_186929,0,0,0,0,0,0,0,20260101,20260630
GEN_186930,0,0,0,0,0,0,0,20260101,20260630
GEN_186931,0,0,0,0,0,0,0,20260101,20260630
GEN_186932,0,0,0,0,0,0,0,20260101,20260630
GEN_186934,0,0,0,0,0,0,0,20260101,20260630
GEN_186936,0,0,0,0,0,0,0,20260101,20260630
GEN_186937,0,0,0,0,0,0,0,20260101,20260630
GEN_186938,0,0,0,0,0,0,0,20260101,20260630
GEN_186939,0,0,0,0,0,0,0,20260101,20260630
GEN_186942,0,0,0,0,0,0,0,20260101,20260630
GEN_186943,0,0,0,0,0,0,0,20260101,20260630
GEN_186944,0,0,0,0,0,0,0,20260101,20260630
GEN_186945,0,0,0,0,0,0,0,20260101,20260630
GEN_186946,0,0,0,0,0,0,0,20260101,20260630
GEN_186948,0,0,0,0,0,0,0,20260101,20260630
GEN_186949,0,0,0,0,0,0,0,20260101,20260630
GEN_186950,0,0,0,0,0,0,0,20260101,20260630
GEN_186951,0,0,0,0,0,0,0,20260101,20260630
GEN_186952,0,0,0,0,0,0,0,20260101,20260630
GEN_186953,0,0,0,0,0,0,0,20260101,20260630
GEN_186954,0,0,0,0,0,0,0,20260101,20260630
GEN_186956,0,0,0,0,0,0,0,20260101,20260630
GEN_186957,0,0,0,0,0,0,0,20260101,20260630
GEN_186958,0,0,0,0,0,0,0,20260101,20260630
GEN_186959,0,0,0,0,0,0,0,20260101,20260630
GEN_186960,0,0,0,0,0,0,0,20260101,20260630
GEN_186961,0,0,0,0,0,0,0,20260101,20260630
GEN_186962,0,0,0,0,0,0,0,20260101,20260630
GEN_186963,0,0,0,0,0,0,0,20260101,20260630
GEN_186964,0,0,0,0,0,0,0,20260101,20260630
GEN_186965,0,0,0,0,0,0,0,20260101,20260630
GEN_186966,0,0,0,0,0,0,0,20260101,20260630
GEN_186967,0,0,0,0,0,0,0,20260101,20260630
GEN_186969,0,0,0,0,0,0,0,20260101,20260630
GEN_186970,0,0,0,0,0,0,0,20260101,20260630
GEN_186971,0,0,0,0,0,0,0,20260101,20260630
GEN_186982,0,0,0,0,0,0,0,20260101,20260630
GEN_186983,0,0,0,0,0,0,0,20260101,20260630
GEN_186984,0,0,0,0,0,0,0,20260101,20260630
GEN_186985,0,0,0,0,0,0,0,20260101,20260630
GEN_186989,0,0,0,0,0,0,0,20260101,20260630
GEN_186993,0,0,0,0,0,0,0,20260101,20260630
GEN_186994,0,0,0,0,0,0,0,20260101,20260630
GEN_186995,0,0,0,0,0,0,0,20260101,20260630
GEN_186996,0,0,0,0,0,0,0,20260101,20260630
GEN_186997,0,0,0,0,0,0,0,20260101,20260630
GEN_186998,0,0,0,0,0,0,0,20260101,20260630
GEN_186999,0,0,0,0,0,0,0,20260101,20260630
GEN_187002,0,0,0,0,0,0,0,20260101,20260630
GEN_187004,0,0,0,0,0,0,0,20260101,20260630
GEN_187006,0,0,0,0,0,0,0,20260101,20260630
GEN_187008,0,0,0,0,0,0,0,20260101,20260630
GEN_187013,0,0,0,0,0,0,0,20260101,20260630
GEN_187020,0,0,0,0,0,0,0,20260101,20260630
GEN_187021,0,0,0,0,0,0,0,20260101,20260630
GIR_Agost,1,1,1,1,1,0,0,20250801,20250831
GIR_DG_Flo,0,0,0,0,0,0,0,20230412,20230412
GIR_DS_Flo,0,0,0,0,0,0,0,20230412,20230412
GIR_DisFir,0,0,0,0,0,0,0,20231028,20231107
GIR_Dissabtes-26,0,0,0,0,0,1,0,20260101,20261231
GIR_DiuFir,0,0,0,0,0,0,0,20231028,20231107
GIR_Feiners-26,1,1,1,1,1,0,0,20260101,20260731
GIR_Festius-26,0,0,0,0,0,0,1,20260101,20261231
GRA_04080060625,1,1,1,1,1,0,0,20251201,20261231
GRA_04080060635,1,1,1,1,1,0,0,20251201,20261231
GRA_04080060715,1,1,1,1,1,0,0,20251201,20261231
GRA_04080060716,0,0,0,0,0,1,0,20251201,20261231
GRA_04080060740,1,1,1,1,1,0,0,20251201,20261231
GRA_04080060800,1,1,1,1,1,0,0,20251201,20261231
GRA_04080060820,0,0,0,0,0,1,0,20251201,20261231
GRA_04080060830,1,1,1,1,1,0,0,20251201,20261231
GRA_04080060855,1,1,1,1,1,0,0,20251201,20261231
GRA_04080060920,1,1,1,1,1,0,0,20251201,20261231
GRA_04080060925,0,0,0,0,0,1,0,20251201,20261231
GRA_04080060945,1,1,1,1,1,0,0,20251201,20261231
GRA_04080061010,1,1,1,1,1,0,0,20251201,20261231
GRA_04080061030,0,0,0,0,0,1,0,20251201,20261231
GRA_04080061035,1,1,1,1,1,0,0,20251201,20261231
GRA_04080061100,1,1,1,1,1,0,0,20251201,20261231
GRA_04080061125,1,1,1,1,1,0,0,20251201,20261231
GRA_04080061135,0,0,0,0,0,1,0,20251201,20261231
GRA_04080061150,1,1,1,1,1,0,0,20251201,20261231
GRA_04080061215,1,1,1,1,1,0,0,20251201,20261231
GRA_04080061240,1,1,1,1,1,0,0,20251201,20261231
GRA_04080061241,0,0,0,0,0,1,0,20251201,20261231
GRA_04080061305,1,1,1,1,1,0,0,20251201,20261231
GRA_04080061330,1,1,1,1,1,0,0,20251201,20261231
GRA_04080061345,0,0,0,0,0,1,0,20251201,20261231
GRA_04080061355,1,1,1,1,1,0,0,20251201,20261231
GRA_04080061420,1,1,1,1,1,0,0,20251201,20261231
GRA_04080061445,1,1,1,1,1,0,0,20251201,20261231
GRA_04080061450,0,0,0,0,0,1,0,20251201,20261231
GRA_04080061510,1,1,1,1,1,0,0,20251201,20261231
GRA_04080061535,1,1,1,1,1,0,0,20251201,20261231
GRA_04080061555,0,0,0,0,0,1,0,20251201,20261231
GRA_04080061600,1,1,1,1,1,0,0,20251201,20261231
GRA_04080061625,1,1,1,1,1,0,0,20251201,20261231
GRA_04080061650,1,1,1,1,1,0,0,20251201,20261231
GRA_04080061700,0,0,0,0,0,1,0,20251201,20261231
GRA_04080061715,1,1,1,1,1,0,0,20251201,20261231
GRA_04080061740,1,1,1,1,1,0,0,20251201,20261231
GRA_04080061805,1,1,1,1,1,0,0,20251201,20261231
GRA_04080061806,0,0,0,0,0,1,0,20251201,20261231
GRA_04080061830,1,1,1,1,1,0,0,20251201,20261231
GRA_04080061855,1,1,1,1,1,0,0,20251201,20261231
GRA_04080061910,0,0,0,0,0,1,0,20251201,20261231
GRA_04080061920,1,1,1,1,1,0,0,20251201,20261231
GRA_04080061945,1,1,1,1,1,0,0,20251201,20261231
GRA_04080062010,1,1,1,1,1,0,0,20251201,20261231
GRA_04080062015,0,0,0,0,0,1,0,20251201,20261231
GRA_04080062035,1,1,1,1,1,0,0,20251201,20261231
GRA_04080062100,1,1,1,1,1,0,0,20251201,20261231
GRA_04080062120,0,0,0,0,0,1,0,20251201,20261231
GRA_04080062125,1,1,1,1,1,0,0,20251201,20261231
GRA_04080062150,1,1,1,1,1,0,0,20251201,20261231
GRA_04080070609,1,1,1,1,1,0,0,20251201,20261231
GRA_04080082225,0,0,0,0,0,1,0,20251201,20261231
GRA_04081060634,1,1,1,1,1,0,0,20251201,20261231
GRA_04081060659,1,1,1,1,1,0,0,20251201,20261231
GRA_04081060709,1,1,1,1,1,0,0,20251201,20261231
GRA_04081060748,0,0,0,0,0,1,0,20251201,20261231
GRA_04081060749,1,1,1,1,1,0,0,20251201,20261231
GRA_04081060814,1,1,1,1,1,0,0,20251201,20261231
GRA_04081060834,1,1,1,1,1,0,0,20251201,20261231
GRA_04081060853,0,0,0,0,0,1,0,20251201,20261231
GRA_04081060904,1,1,1,1,1,0,0,20251201,20261231
GRA_04081060929,1,1,1,1,1,0,0,20251201,20261231
GRA_04081060954,1,1,1,1,1,0,0,20251201,20261231
GRA_04081060958,0,0,0,0,0,1,0,20251201,20261231
GRA_04081061019,1,1,1,1,1,0,0,20251201,20261231
GRA_04081061044,1,1,1,1,1,0,0,20251201,20261231
GRA_04081061103,0,0,0,0,0,1,0,20251201,20261231
GRA_04081061109,1,1,1,1,1,0,0,20251201,20261231
GRA_04081061134,1,1,1,1,1,0,0,20251201,20261231
GRA_04081061159,1,1,1,1,1,0,0,20251201,20261231
GRA_04081061208,0,0,0,0,0,1,0,20251201,20261231
GRA_04081061224,1,1,1,1,1,0,0,20251201,20261231
GRA_04081061249,1,1,1,1,1,0,0,20251201,20261231
GRA_04081061313,0,0,0,0,0,1,0,20251201,20261231
GRA_04081061314,1,1,1,1,1,0,0,20251201,20261231
GRA_04081061339,1,1,1,1,1,0,0,20251201,20261231
GRA_04081061404,1,1,1,1,1,0,0,20251201,20261231
GRA_04081061418,0,0,0,0,0,1,0,20251201,20261231
GRA_04081061429,1,1,1,1,1,0,0,20251201,20261231
GRA_04081061454,1,1,1,1,1,0,0,20251201,20261231
GRA_04081061519,1,1,1,1,1,0,0,20251201,20261231
GRA_04081061523,0,0,0,0,0,1,0,20251201,20261231
GRA_04081061544,1,1,1,1,1,0,0,20251201,20261231
GRA_04081061609,1,1,1,1,1,0,0,20251201,20261231
GRA_04081061628,0,0,0,0,0,1,0,20251201,20261231
GRA_04081061634,1,1,1,1,1,0,0,20251201,20261231
GRA_04081061659,1,1,1,1,1,0,0,20251201,20261231
GRA_04081061724,1,1,1,1,1,0,0,20251201,20261231
GRA_04081061733,0,0,0,0,0,1,0,20251201,20261231
GRA_04081061749,1,1,1,1,1,0,0,20251201,20261231
GRA_04081061814,1,1,1,1,1,0,0,20251201,20261231
GRA_04081061838,0,0,0,0,0,1,0,20251201,20261231
GRA_04081061839,1,1,1,1,1,0,0,20251201,20261231
GRA_04081061904,1,1,1,1,1,0,0,20251201,20261231
GRA_04081061929,1,1,1,1,1,0,0,20251201,20261231
GRA_04081061943,0,0,0,0,0,1,0,20251201,20261231
GRA_04081061954,1,1,1,1,1,0,0,20251201,20261231
GRA_04081062019,1,1,1,1,1,0,0,20251201,20261231
GRA_04081062044,1,1,1,1,1,0,0,20251201,20261231
GRA_04081062048,0,0,0,0,0,1,0,20251201,20261231
GRA_04081062109,1,1,1,1,1,0,0,20251201,20261231
GRA_04081062134,1,1,1,1,1,0,0,20251201,20261231
GRA_04081062153,0,0,0,0,0,1,0,20251201,20261231
GRA_04081062159,1,1,1,1,1,0,0,20251201,20261231
GRA_05120040655,1,1,1,1,1,0,0,20250317,20261231
GRA_05120041110,1,1,1,1,1,0,0,20250317,20261231
GRA_05120041450,1,1,1,1,1,0,0,20250317,20261231
GRA_05120041600,1,1,1,1,1,0,0,20250317,20261231
GRA_05120051900,1,1,1,1,1,0,0,20250317,20261231
GRA_05121060727,1,1,1,1,1,0,0,20250317,20261231
GRA_05121061142,1,1,1,1,1,0,0,20250317,20261231
GRA_05121061522,1,1,1,1,1,0,0,20250317,20261231
GRA_05121061632,1,1,1,1,1,0,0,20250317,20261231
GRA_05121071923,1,1,1,1,1,0,0,20250317,20261231
GRA_05900100716,1,1,1,1,0,1,1,20240902,20261231
GRA_05900100734,1,1,1,1,0,0,0,20240902,20261231
GRA_05900100816,1,1,1,1,0,1,1,20240902,20261231
GRA_05900100834,1,1,1,1,0,0,0,20240902,20261231
GRA_05900100916,1,1,1,1,0,1,1,20240902,20261231
GRA_05900100934,1,1,1,1,0,0,0,20240902,20261231
GRA_05900101016,1,1,1,1,0,1,1,20240902,20261231
GRA_05900101034,1,1,1,1,0,0,0,20240902,20261231
GRA_05900101116,1,1,1,1,0,1,1,20240902,20261231
GRA_05900101134,1,1,1,1,0,0,0,20240902,20261231
GRA_05900101216,1,1,1,1,0,1,1,20240902,20261231
GRA_05900101234,1,1,1,1,0,0,0,20240902,20261231
GRA_05900101316,1,1,1,1,0,1,1,20240902,20261231
GRA_05900101334,1,1,1,1,0,0,0,20240902,20261231
GRA_05900101416,1,1,1,1,0,1,1,20240902,20261231
GRA_05900101434,1,1,1,1,0,0,0,20240902,20261231
GRA_05900101516,1,1,1,1,1,1,1,20240902,20261231
GRA_05900101534,1,1,1,1,1,0,0,20240902,20261231
GRA_05900101616,1,1,1,1,1,1,1,20240902,20261231
GRA_05900101634,1,1,1,1,1,0,0,20240902,20261231
GRA_05900101716,1,1,1,1,1,1,1,20240902,20261231
GRA_05900101734,1,1,1,1,1,0,0,20240902,20261231
GRA_05900101816,1,1,1,1,1,1,1,20240902,20261231
GRA_05900101834,1,1,1,1,1,0,0,20240902,20261231
GRA_05900101916,1,1,1,1,1,1,1,20240902,20261231
GRA_05900101934,1,1,1,1,1,0,0,20240902,20261231
GRA_05900102016,1,1,1,1,1,1,1,20240902,20261231
GRA_05900102034,1,1,1,1,1,0,0,20240902,20261231
GRA_05900102132,1,1,1,1,1,0,0,20240902,20261231
GRA_05900110618,1,1,1,1,0,0,0,20240902,20261231
GRA_05900110634,1,1,1,1,0,0,0,20240902,20261231
GRA_05900170716,0,0,0,0,1,0,0,20240902,20261231
GRA_05900170734,0,0,0,0,1,0,0,20240902,20261231
GRA_05900170816,0,0,0,0,1,0,0,20240902,20261231
GRA_05900170834,0,0,0,0,1,0,0,20240902,20261231
GRA_05900170916,0,0,0,0,1,0,0,20240902,20261231
GRA_05900170934,0,0,0,0,1,0,0,20240902,20261231
GRA_05900171016,0,0,0,0,1,0,0,20240902,20261231
GRA_05900171034,0,0,0,0,1,0,0,20240902,20261231
GRA_05900171116,0,0,0,0,1,0,0,20240902,20261231
GRA_05900171134,0,0,0,0,1,0,0,20240902,20261231
GRA_05900171216,0,0,0,0,1,0,0,20240902,20261231
GRA_05900171234,0,0,0,0,1,0,0,20240902,20261231
GRA_05900171316,0,0,0,0,1,0,0,20240902,20261231
GRA_05900171334,0,0,0,0,1,0,0,20240902,20261231
GRA_05900171416,0,0,0,0,1,0,0,20240902,20261231
GRA_05900171434,0,0,0,0,1,0,0,20240902,20261231
GRA_05900190618,0,0,0,0,1,0,0,20240902,20261231
GRA_05900190634,0,0,0,0,1,0,0,20240902,20261231
GRA_05900262116,1,1,1,1,1,0,0,20240902,20261231
GRA_05901010752,1,1,1,1,0,1,1,20240902,20261231
GRA_05901010810,1,1,1,1,0,0,0,20240902,20261231
GRA_05901010852,1,1,1,1,0,1,1,20240902,20261231
GRA_05901010910,1,1,1,1,0,0,0,20240902,20261231
GRA_05901010952,1,1,1,1,0,1,1,20240902,20261231
GRA_05901011010,1,1,1,1,0,0,0,20240902,20261231
GRA_05901011052,1,1,1,1,0,1,1,20240902,20261231
GRA_05901011110,1,1,1,1,0,0,0,20240902,20261231
GRA_05901011152,1,1,1,1,0,1,1,20240902,20261231
GRA_05901011210,1,1,1,1,0,0,0,20240902,20261231
GRA_05901011252,1,1,1,1,0,1,1,20240902,20261231
GRA_05901011310,1,1,1,1,0,0,0,20240902,20261231
GRA_05901011352,1,1,1,1,0,1,1,20240902,20261231
GRA_05901011410,1,1,1,1,0,0,0,20240902,20261231
GRA_05901011452,1,1,1,1,0,1,1,20240902,20261231
GRA_05901011510,1,1,1,1,1,0,0,20240902,20261231
GRA_05901011552,1,1,1,1,1,1,1,20240902,20261231
GRA_05901011610,1,1,1,1,1,0,0,20240902,20261231
GRA_05901011652,1,1,1,1,1,1,1,20240902,20261231
GRA_05901011710,1,1,1,1,1,0,0,20240902,20261231
GRA_05901011752,1,1,1,1,1,1,1,20240902,20261231
GRA_05901011810,1,1,1,1,1,0,0,20240902,20261231
GRA_05901011852,1,1,1,1,1,1,1,20240902,20261231
GRA_05901011910,1,1,1,1,1,0,0,20240902,20261231
GRA_05901011952,1,1,1,1,1,1,1,20240902,20261231
GRA_05901012010,1,1,1,1,1,0,0,20240902,20261231
GRA_05901012052,1,1,1,1,1,0,0,20240902,20261231
GRA_05901020650,1,1,1,1,0,0,0,20240902,20261231
GRA_05901020706,1,1,1,1,0,0,0,20240902,20261231
GRA_05901040606,1,1,1,1,0,0,0,20240902,20261231
GRA_05901040622,1,1,1,1,0,0,0,20240902,20261231
GRA_05901070650,0,0,0,0,1,0,0,20240902,20261231
GRA_05901070706,0,0,0,0,1,0,0,20240902,20261231
GRA_05901152105,1,1,1,1,1,0,0,20240902,20261231
GRA_05901170752,0,0,0,0,1,0,0,20240902,20261231
GRA_05901170810,0,0,0,0,1,0,0,20240902,20261231
GRA_05901170852,0,0,0,0,1,0,0,20240902,20261231
GRA_05901170910,0,0,0,0,1,0,0,20240902,20261231
GRA_05901170952,0,0,0,0,1,0,0,20240902,20261231
GRA_05901171010,0,0,0,0,1,0,0,20240902,20261231
GRA_05901171052,0,0,0,0,1,0,0,20240902,20261231
GRA_05901171110,0,0,0,0,1,0,0,20240902,20261231
GRA_05901171152,0,0,0,0,1,0,0,20240902,20261231
GRA_05901171210,0,0,0,0,1,0,0,20240902,20261231
GRA_05901171252,0,0,0,0,1,0,0,20240902,20261231
GRA_05901171310,0,0,0,0,1,0,0,20240902,20261231
GRA_05901171352,0,0,0,0,1,0,0,20240902,20261231
GRA_05901171410,0,0,0,0,1,0,0,20240902,20261231
GRA_05901171452,0,0,0,0,1,0,0,20240902,20261231
GRA_05901180606,0,0,0,0,1,0,0,20240902,20261231
GRA_05901180622,0,0,0,0,1,0,0,20240902,20261231
GRA_05901252208,1,1,1,1,1,0,0,20240902,20261231
GRA_09010110605,1,1,1,1,1,0,0,20251201,20261231
GRA_09010110625,1,1,1,1,1,0,0,20251201,20261231
GRA_09010110738,0,0,0,0,0,1,1,20251201,20261231
GRA_09010120620,1,1,1,1,1,0,0,20251201,20261231
GRA_09010120640,1,1,1,1,1,0,0,20251201,20261231
GRA_09010120700,1,1,1,1,1,0,0,20251201,20261231
GRA_09010120720,1,1,1,1,1,0,0,20251201,20261231
GRA_09010120740,1,1,1,1,1,0,0,20251201,20261231
GRA_09010120745,0,0,0,0,0,1,1,20251201,20261231
GRA_09010120800,1,1,1,1,1,0,0,20251201,20261231
GRA_09010120820,1,1,1,1,1,0,0,20251201,20261231
GRA_09010120821,0,0,0,0,0,1,1,20251201,20261231
GRA_09010120840,1,1,1,1,1,0,0,20251201,20261231
GRA_09010120850,0,0,0,0,0,1,1,20251201,20261231
GRA_09010120900,1,1,1,1,1,0,0,20251201,20261231
GRA_09010120920,1,1,1,1,1,0,0,20251201,20261231
GRA_09010120925,0,0,0,0,0,1,1,20251201,20261231
GRA_09010120940,1,1,1,1,1,0,0,20251201,20261231
GRA_09010120955,0,0,0,0,0,1,1,20251201,20261231
GRA_09010121000,1,1,1,1,1,0,0,20251201,20261231
GRA_09010121020,1,1,1,1,1,0,0,20251201,20261231
GRA_09010121030,0,0,0,0,0,1,1,20251201,20261231
GRA_09010121040,1,1,1,1,1,0,0,20251201,20261231
GRA_09010121100,1,1,1,1,1,0,0,20251201,20261231
GRA_09010121101,0,0,0,0,0,1,1,20251201,20261231
GRA_09010121120,1,1,1,1,1,0,0,20251201,20261231
GRA_09010121135,0,0,0,0,0,1,1,20251201,20261231
GRA_09010121140,1,1,1,1,1,0,0,20251201,20261231
GRA_09010121200,1,1,1,1,1,0,0,20251201,20261231
GRA_09010121205,0,0,0,0,0,1,1,20251201,20261231
GRA_09010121220,1,1,1,1,1,0,0,20251201,20261231
GRA_09010121240,1,1,1,1,1,0,0,20251201,20261231
GRA_09010121241,0,0,0,0,0,1,1,20251201,20261231
GRA_09010121300,1,1,1,1,1,0,0,20251201,20261231
GRA_09010121310,0,0,0,0,0,1,1,20251201,20261231
GRA_09010121320,1,1,1,1,1,0,0,20251201,20261231
GRA_09010121340,1,1,1,1,1,0,0,20251201,20261231
GRA_09010121345,0,0,0,0,0,1,1,20251201,20261231
GRA_09010121400,1,1,1,1,1,0,0,20251201,20261231
GRA_09010121415,0,0,0,0,0,1,1,20251201,20261231
GRA_09010121420,1,1,1,1,1,0,0,20251201,20261231
GRA_09010121440,1,1,1,1,1,0,0,20251201,20261231
GRA_09010121450,0,0,0,0,0,1,1,20251201,20261231
GRA_09010121500,1,1,1,1,1,0,0,20251201,20261231
GRA_09010121520,1,1,1,1,1,0,0,20251201,20261231
GRA_09010121521,0,0,0,0,0,1,1,20251201,20261231
GRA_09010121540,1,1,1,1,1,0,0,20251201,20261231
GRA_09010121555,0,0,0,0,0,1,1,20251201,20261231
GRA_09010121600,1,1,1,1,1,0,0,20251201,20261231
GRA_09010121620,1,1,1,1,1,0,0,20251201,20261231
GRA_09010121625,0,0,0,0,0,1,1,20251201,20261231
GRA_09010121640,1,1,1,1,1,0,0,20251201,20261231
GRA_09010121700,1,1,1,1,1,0,0,20251201,20261231
GRA_09010121701,0,0,0,0,0,1,1,20251201,20261231
GRA_09010121720,1,1,1,1,1,0,0,20251201,20261231
GRA_09010121730,0,0,0,0,0,1,1,20251201,20261231
GRA_09010121740,1,1,1,1,1,0,0,20251201,20261231
GRA_09010121800,1,1,1,1,1,0,0,20251201,20261231
GRA_09010121805,0,0,0,0,0,1,1,20251201,20261231
GRA_09010121820,1,1,1,1,1,0,0,20251201,20261231
GRA_09010121835,0,0,0,0,0,1,1,20251201,20261231
GRA_09010121840,1,1,1,1,1,0,0,20251201,20261231
GRA_09010121900,1,1,1,1,1,0,0,20251201,20261231
GRA_09010121910,0,0,0,0,0,1,1,20251201,20261231
GRA_09010121920,1,1,1,1,1,0,0,20251201,20261231
GRA_09010121940,1,1,1,1,1,0,0,20251201,20261231
GRA_09010121941,0,0,0,0,0,1,1,20251201,20261231
GRA_09010122000,1,1,1,1,1,0,0,20251201,20261231
GRA_09010122015,0,0,0,0,0,1,1,20251201,20261231
GRA_09010122020,1,1,1,1,1,0,0,20251201,20261231
GRA_09010122040,1,1,1,1,1,0,0,20251201,20261231
GRA_09010122045,0,0,0,0,0,1,1,20251201,20261231
GRA_09010122100,1,1,1,1,1,0,0,20251201,20261231
GRA_09010122120,1,1,1,1,1,0,0,20251201,20261231
GRA_09010122121,0,0,0,0,0,1,1,20251201,20261231
GRA_09010122140,1,1,1,1,1,0,0,20251201,20261231
GRA_09010122150,0,0,0,0,0,1,1,20251201,20261231
GRA_09010122200,1,1,1,1,1,0,0,20251201,20261231
GRA_09010122220,1,1,1,1,1,0,0,20251201,20261231
GRA_09010122225,0,0,0,0,0,1,0,20251201,20261231
GRA_09010132225,0,0,0,0,0,0,1,20251201,20261231
GRA_09010132240,1,1,1,1,1,0,0,20251201,20261231
GRA_09010132255,0,0,0,0,0,1,0,20251201,20261231
GRA_09011030616,1,1,1,1,1,0,0,20251201,20261231
GRA_09011030636,1,1,1,1,1,0,0,20251201,20261231
GRA_09011030656,1,1,1,1,1,0,0,20251201,20261231
GRA_09011030716,1,1,1,1,1,0,0,20251201,20261231
GRA_09011030736,1,1,1,1,1,0,0,20251201,20261231
GRA_09011030747,0,0,0,0,0,1,1,20251201,20261231
GRA_09011030756,1,1,1,1,1,0,0,20251201,20261231
GRA_09011030816,1,1,1,1,1,0,0,20251201,20261231
GRA_09011030817,0,0,0,0,0,1,1,20251201,20261231
GRA_09011030836,1,1,1,1,1,0,0,20251201,20261231
GRA_09011030852,0,0,0,0,0,1,1,20251201,20261231
GRA_09011030856,1,1,1,1,1,0,0,20251201,20261231
GRA_09011030916,1,1,1,1,1,0,0,20251201,20261231
GRA_09011030922,0,0,0,0,0,1,1,20251201,20261231
GRA_09011030936,1,1,1,1,1,0,0,20251201,20261231
GRA_09011030956,1,1,1,1,1,0,0,20251201,20261231
GRA_09011030957,0,0,0,0,0,1,1,20251201,20261231
GRA_09011031016,1,1,1,1,1,0,0,20251201,20261231
GRA_09011031027,0,0,0,0,0,1,1,20251201,20261231
GRA_09011031036,1,1,1,1,1,0,0,20251201,20261231
GRA_09011031056,1,1,1,1,1,0,0,20251201,20261231
GRA_09011031102,0,0,0,0,0,1,1,20251201,20261231
GRA_09011031116,1,1,1,1,1,0,0,20251201,20261231
GRA_09011031132,0,0,0,0,0,1,1,20251201,20261231
GRA_09011031136,1,1,1,1,1,0,0,20251201,20261231
GRA_09011031156,1,1,1,1,1,0,0,20251201,20261231
GRA_09011031207,0,0,0,0,0,1,1,20251201,20261231
GRA_09011031216,1,1,1,1,1,0,0,20251201,20261231
GRA_09011031236,1,1,1,1,1,0,0,20251201,20261231
GRA_09011031237,0,0,0,0,0,1,1,20251201,20261231
GRA_09011031256,1,1,1,1,1,0,0,20251201,20261231
GRA_09011031312,0,0,0,0,0,1,1,20251201,20261231
GRA_09011031316,1,1,1,1,1,0,0,20251201,20261231
GRA_09011031336,1,1,1,1,1,0,0,20251201,20261231
GRA_09011031342,0,0,0,0,0,1,1,20251201,20261231
GRA_09011031356,1,1,1,1,1,0,0,20251201,20261231
GRA_09011031416,1,1,1,1,1,0,0,20251201,20261231
GRA_09011031417,0,0,0,0,0,1,1,20251201,20261231
GRA_09011031436,1,1,1,1,1,0,0,20251201,20261231
GRA_09011031447,0,0,0,0,0,1,1,20251201,20261231
GRA_09011031456,1,1,1,1,1,0,0,20251201,20261231
GRA_09011031516,1,1,1,1,1,0,0,20251201,20261231
GRA_09011031522,0,0,0,0,0,1,1,20251201,20261231
GRA_09011031536,1,1,1,1,1,0,0,20251201,20261231
GRA_09011031552,0,0,0,0,0,1,1,20251201,20261231
GRA_09011031556,1,1,1,1,1,0,0,20251201,20261231
GRA_09011031616,1,1,1,1,1,0,0,20251201,20261231
GRA_09011031627,0,0,0,0,0,1,1,20251201,20261231
GRA_09011031636,1,1,1,1,1,0,0,20251201,20261231
GRA_09011031656,1,1,1,1,1,0,0,20251201,20261231
GRA_09011031657,0,0,0,0,0,1,1,20251201,20261231
GRA_09011031716,1,1,1,1,1,0,0,20251201,20261231
GRA_09011031732,0,0,0,0,0,1,1,20251201,20261231
GRA_09011031736,1,1,1,1,1,0,0,20251201,20261231
GRA_09011031756,1,1,1,1,1,0,0,20251201,20261231
GRA_09011031802,0,0,0,0,0,1,1,20251201,20261231
GRA_09011031816,1,1,1,1,1,0,0,20251201,20261231
GRA_09011031836,1,1,1,1,1,0,0,20251201,20261231
GRA_09011031837,0,0,0,0,0,1,1,20251201,20261231
GRA_09011031856,1,1,1,1,1,0,0,20251201,20261231
GRA_09011031907,0,0,0,0,0,1,1,20251201,20261231
GRA_09011031916,1,1,1,1,1,0,0,20251201,20261231
GRA_09011031936,1,1,1,1,1,0,0,20251201,20261231
GRA_09011031942,0,0,0,0,0,1,1,20251201,20261231
GRA_09011031956,1,1,1,1,1,0,0,20251201,20261231
GRA_09011032012,0,0,0,0,0,1,1,20251201,20261231
GRA_09011032016,1,1,1,1,1,0,0,20251201,20261231
GRA_09011032036,1,1,1,1,1,0,0,20251201,20261231
GRA_09011032047,0,0,0,0,0,1,1,20251201,20261231
GRA_09011032056,1,1,1,1,1,0,0,20251201,20261231
GRA_09011032116,1,1,1,1,1,0,0,20251201,20261231
GRA_09011032117,0,0,0,0,0,1,1,20251201,20261231
GRA_09011032136,1,1,1,1,1,0,0,20251201,20261231
GRA_09011032152,0,0,0,0,0,1,1,20251201,20261231
GRA_09011032156,1,1,1,1,1,0,0,20251201,20261231
GRA_09011032216,1,1,1,1,1,0,0,20251201,20261231
GRA_09011032222,0,0,0,0,0,1,0,20251201,20261231
GRA_09011050731,0,0,0,0,0,1,0,20240902,20261231
GRA_09011112236,1,1,1,1,1,0,0,20251201,20261231
GRA_09011112256,1,1,1,1,1,0,0,20251201,20261231
GRA_09011112257,0,0,0,0,0,1,0,20251201,20261231
GRA_09030030640,1,1,1,1,1,0,0,20251201,20261231
GRA_09030030720,1,1,1,1,1,0,0,20251201,20261231
GRA_09030030800,1,1,1,1,1,0,0,20251201,20261231
GRA_09030030840,1,1,1,1,1,0,0,20251201,20261231
GRA_09030030920,1,1,1,1,1,0,0,20251201,20261231
GRA_09030031000,1,1,1,1,1,0,0,20251201,20261231
GRA_09030031040,1,1,1,1,1,0,0,20251201,20261231
GRA_09030031120,1,1,1,1,1,0,0,20251201,20261231
GRA_09030031200,1,1,1,1,1,0,0,20251201,20261231
GRA_09030031240,1,1,1,1,1,0,0,20251201,20261231
GRA_09030031320,1,1,1,1,1,0,0,20251201,20261231
GRA_09030031400,1,1,1,1,1,0,0,20251201,20261231
GRA_09030031440,1,1,1,1,1,0,0,20251201,20261231
GRA_09030031520,1,1,1,1,1,0,0,20251201,20261231
GRA_09030031600,1,1,1,1,1,0,0,20251201,20261231
GRA_09030031640,1,1,1,1,1,0,0,20251201,20261231
GRA_09030031720,1,1,1,1,1,0,0,20251201,20261231
GRA_09030031800,1,1,1,1,1,0,0,20251201,20261231
GRA_09030031840,1,1,1,1,1,0,0,20251201,20261231
GRA_09030031920,1,1,1,1,1,0,0,20251201,20261231
GRA_09030032000,1,1,1,1,1,0,0,20251201,20261231
GRA_09030032040,1,1,1,1,1,0,0,20251201,20261231
GRA_09030032120,1,1,1,1,1,0,0,20251201,20261231
GRA_09030032200,1,1,1,1,1,0,0,20251201,20261231
GRA_09030042240,1,1,1,1,1,0,0,20251201,20261231
GRA_09031040620,1,1,1,1,1,0,0,20251201,20261231
GRA_09031040700,1,1,1,1,1,0,0,20251201,20261231
GRA_09031040740,1,1,1,1,1,0,0,20251201,20261231
GRA_09031040820,1,1,1,1,1,0,0,20251201,20261231
GRA_09031040900,1,1,1,1,1,0,0,20251201,20261231
GRA_09031040940,1,1,1,1,1,0,0,20251201,20261231
GRA_09031041020,1,1,1,1,1,0,0,20251201,20261231
GRA_09031041100,1,1,1,1,1,0,0,20251201,20261231
GRA_09031041140,1,1,1,1,1,0,0,20251201,20261231
GRA_09031041220,1,1,1,1,1,0,0,20251201,20261231
GRA_09031041300,1,1,1,1,1,0,0,20251201,20261231
GRA_09031041340,1,1,1,1,1,0,0,20251201,20261231
GRA_09031041420,1,1,1,1,1,0,0,20251201,20261231
GRA_09031041500,1,1,1,1,1,0,0,20251201,20261231
GRA_09031041540,1,1,1,1,1,0,0,20251201,20261231
GRA_09031041620,1,1,1,1,1,0,0,20251201,20261231
GRA_09031041700,1,1,1,1,1,0,0,20251201,20261231
GRA_09031041740,1,1,1,1,1,0,0,20251201,20261231
GRA_09031041820,1,1,1,1,1,0,0,20251201,20261231
GRA_09031041900,1,1,1,1,1,0,0,20251201,20261231
GRA_09031041940,1,1,1,1,1,0,0,20251201,20261231
GRA_09031042020,1,1,1,1,1,0,0,20251201,20261231
GRA_09031042100,1,1,1,1,1,0,0,20251201,20261231
GRA_09031042140,1,1,1,1,1,0,0,20251201,20261231
GRA_09031042220,1,1,1,1,1,0,0,20251201,20261231
GRA_09140010642,1,1,1,1,1,0,0,20251201,20261231
GRA_09140020733,1,1,1,1,1,0,0,20251201,20261231
GRA_09140020923,1,1,1,1,1,0,0,20251201,20261231
GRA_09140021817,1,1,1,1,1,0,0,20251201,20261231
GRA_09140022007,1,1,1,1,1,0,0,20251201,20261231
GRA_09140030833,1,1,1,1,1,0,0,20251201,20261231
GRA_09140031023,1,1,1,1,1,0,0,20251201,20261231
GRA_09140031202,1,1,1,1,1,0,0,20251201,20261231
GRA_09140031341,1,1,1,1,1,0,0,20251201,20261231
GRA_09140031532,1,1,1,1,1,0,0,20251201,20261231
GRA_09140031727,1,1,1,1,1,0,0,20251201,20261231
GRA_09140031917,1,1,1,1,1,0,0,20251201,20261231
GRA_09140041106,1,1,1,1,1,0,0,20251201,20261231
GRA_09140041245,1,1,1,1,1,0,0,20251201,20261231
GRA_09140041424,1,1,1,1,1,0,0,20251201,20261231
GRA_09140041622,1,1,1,1,1,0,0,20251201,20261231
GRA_09200020807,0,0,0,0,0,1,0,20240902,20261231
GRA_09200020837,0,0,0,0,0,1,0,20240902,20261231
GRA_09200020912,0,0,0,0,0,1,0,20240902,20261231
GRA_09200020942,0,0,0,0,0,1,0,20240902,20261231
GRA_09200021017,0,0,0,0,0,1,0,20240902,20261231
GRA_09200021047,0,0,0,0,0,1,0,20240902,20261231
GRA_09200021122,0,0,0,0,0,1,0,20240902,20261231
GRA_09200021152,0,0,0,0,0,1,0,20240902,20261231
GRA_09200021227,0,0,0,0,0,1,0,20240902,20261231
GRA_09200021257,0,0,0,0,0,1,0,20240902,20261231
GRA_09200021332,0,0,0,0,0,1,0,20240902,20261231
GRA_09200021402,0,0,0,0,0,1,0,20240902,20261231
GRA_09200021437,0,0,0,0,0,1,0,20240902,20261231
GRA_09200021507,0,0,0,0,0,1,0,20240902,20261231
GRA_09200021542,0,0,0,0,0,1,0,20240902,20261231
GRA_09200021612,0,0,0,0,0,1,0,20240902,20261231
GRA_09200021647,0,0,0,0,0,1,0,20240902,20261231
GRA_09200021704,0,0,0,0,0,0,1,20240902,20261231
GRA_09200021717,0,0,0,0,0,1,0,20240902,20261231
GRA_09200021752,0,0,0,0,0,1,0,20240902,20261231
GRA_09200021809,0,0,0,0,0,0,1,20240902,20261231
GRA_09200021822,0,0,0,0,0,1,0,20240902,20261231
GRA_09200021857,0,0,0,0,0,1,0,20240902,20261231
GRA_09200021914,0,0,0,0,0,0,1,20240902,20261231
GRA_09200021927,0,0,0,0,0,1,0,20240902,20261231
GRA_09200022002,0,0,0,0,0,1,0,20240902,20261231
GRA_09200022019,0,0,0,0,0,0,1,20240902,20261231
GRA_09200022032,0,0,0,0,0,1,0,20240902,20261231
GRA_09200022107,0,0,0,0,0,1,0,20240902,20261231
GRA_09200022124,0,0,0,0,0,0,1,20240902,20261231
GRA_09200022137,0,0,0,0,0,1,0,20240902,20261231
GRA_09200022212,0,0,0,0,0,1,0,20240902,20261231
GRA_09200030800,0,0,0,0,0,1,0,20240902,20261231
GRA_09200030835,0,0,0,0,0,1,0,20240902,20261231
GRA_09200030905,0,0,0,0,0,1,0,20240902,20261231
GRA_09200030940,0,0,0,0,0,1,0,20240902,20261231
GRA_09200031010,0,0,0,0,0,1,0,20240902,20261231
GRA_09200031045,0,0,0,0,0,1,0,20240902,20261231
GRA_09200031115,0,0,0,0,0,1,0,20240902,20261231
GRA_09200031150,0,0,0,0,0,1,0,20240902,20261231
GRA_09200031220,0,0,0,0,0,1,0,20240902,20261231
GRA_09200031255,0,0,0,0,0,1,0,20240902,20261231
GRA_09200031325,0,0,0,0,0,1,0,20240902,20261231
GRA_09200031400,0,0,0,0,0,1,0,20240902,20261231
GRA_09200031430,0,0,0,0,0,1,0,20240902,20261231
GRA_09200031505,0,0,0,0,0,1,0,20240902,20261231
GRA_09200031535,0,0,0,0,0,1,0,20240902,20261231
GRA_09200031610,0,0,0,0,0,1,0,20240902,20261231
GRA_09200031627,0,0,0,0,0,0,1,20240902,20261231
GRA_09200031640,0,0,0,0,0,1,0,20240902,20261231
GRA_09200031715,0,0,0,0,0,1,0,20240902,20261231
GRA_09200031732,0,0,0,0,0,0,1,20240902,20261231
GRA_09200031745,0,0,0,0,0,1,0,20240902,20261231
GRA_09200031820,0,0,0,0,0,1,0,20240902,20261231
GRA_09200031837,0,0,0,0,0,0,1,20240902,20261231
GRA_09200031850,0,0,0,0,0,1,0,20240902,20261231
GRA_09200031925,0,0,0,0,0,1,0,20240902,20261231
GRA_09200031942,0,0,0,0,0,0,1,20240902,20261231
GRA_09200031955,0,0,0,0,0,1,0,20240902,20261231
GRA_09200032030,0,0,0,0,0,1,0,20240902,20261231
GRA_09200032047,0,0,0,0,0,0,1,20240902,20261231
GRA_09200032100,0,0,0,0,0,1,0,20240902,20261231
GRA_09200032135,0,0,0,0,0,1,0,20240902,20261231
GRA_09200032152,0,0,0,0,0,0,1,20240902,20261231
GRA_09200032205,0,0,0,0,0,1,0,20240902,20261231
GRA_09200050900,0,0,0,0,0,0,1,20240902,20261231
GRA_09200051015,0,0,0,0,0,0,1,20240902,20261231
GRA_09200051130,0,0,0,0,0,0,1,20240902,20261231
GRA_09200051245,0,0,0,0,0,0,1,20240902,20261231
GRA_09200051400,0,0,0,0,0,0,1,20240902,20261231
GRA_09200051515,0,0,0,0,0,0,1,20240902,20261231
GRA_09201012229,0,0,0,0,0,0,1,20240902,20261231
GRA_09201012242,0,0,0,0,0,1,0,20240902,20261231
GRA_09201050939,0,0,0,0,0,0,1,20240902,20261231
GRA_09201051054,0,0,0,0,0,0,1,20240902,20261231
GRA_09201051209,0,0,0,0,0,0,1,20240902,20261231
GRA_09201051324,0,0,0,0,0,0,1,20240902,20261231
GRA_09201051439,0,0,0,0,0,0,1,20240902,20261231
GRA_09201051554,0,0,0,0,0,0,1,20240902,20261231
GRA_09210070540,1,1,1,1,1,0,0,20251201,20261231
GRA_09210070600,1,1,1,1,1,0,0,20251201,20261231
GRA_09210070620,1,1,1,1,1,0,0,20251201,20261231
GRA_09210070640,1,1,1,1,1,0,0,20251201,20261231
GRA_09210070700,1,1,1,1,1,0,0,20251201,20261231
GRA_09210070720,1,1,1,1,1,0,0,20251201,20261231
GRA_09210070740,1,1,1,1,1,0,0,20251201,20261231
GRA_09210070800,1,1,1,1,1,0,0,20251201,20261231
GRA_09210070820,1,1,1,1,1,0,0,20251201,20261231
GRA_09210070840,1,1,1,1,1,0,0,20251201,20261231
GRA_09210070900,1,1,1,1,1,0,0,20251201,20261231
GRA_09210070920,1,1,1,1,1,0,0,20251201,20261231
GRA_09210070940,1,1,1,1,1,0,0,20251201,20261231
GRA_09210071000,1,1,1,1,1,0,0,20251201,20261231
GRA_09210071020,1,1,1,1,1,0,0,20251201,20261231
GRA_09210071040,1,1,1,1,1,0,0,20251201,20261231
GRA_09210071100,1,1,1,1,1,0,0,20251201,20261231
GRA_09210071120,1,1,1,1,1,0,0,20251201,20261231
GRA_09210071140,1,1,1,1,1,0,0,20251201,20261231
GRA_09210071200,1,1,1,1,1,0,0,20251201,20261231
GRA_09210071220,1,1,1,1,1,0,0,20251201,20261231
GRA_09210071240,1,1,1,1,1,0,0,20251201,20261231
GRA_09210071300,1,1,1,1,1,0,0,20251201,20261231
GRA_09210071320,1,1,1,1,1,0,0,20251201,20261231
GRA_09210071340,1,1,1,1,1,0,0,20251201,20261231
GRA_09210071400,1,1,1,1,1,0,0,20251201,20261231
GRA_09210071420,1,1,1,1,1,0,0,20251201,20261231
GRA_09210071440,1,1,1,1,1,0,0,20251201,20261231
GRA_09210071500,1,1,1,1,1,0,0,20251201,20261231
GRA_09210071520,1,1,1,1,1,0,0,20251201,20261231
GRA_09210071540,1,1,1,1,1,0,0,20251201,20261231
GRA_09210071600,1,1,1,1,1,0,0,20251201,20261231
GRA_09210071620,1,1,1,1,1,0,0,20251201,20261231
GRA_09210071640,1,1,1,1,1,0,0,20251201,20261231
GRA_09210071700,1,1,1,1,1,0,0,20251201,20261231
GRA_09210071720,1,1,1,1,1,0,0,20251201,20261231
GRA_09210071740,1,1,1,1,1,0,0,20251201,20261231
GRA_09210071800,1,1,1,1,1,0,0,20251201,20261231
GRA_09210071820,1,1,1,1,1,0,0,20251201,20261231
GRA_09210071840,1,1,1,1,1,0,0,20251201,20261231
GRA_09210071900,1,1,1,1,1,0,0,20251201,20261231
GRA_09210071920,1,1,1,1,1,0,0,20251201,20261231
GRA_09210071940,1,1,1,1,1,0,0,20251201,20261231
GRA_09210072000,1,1,1,1,1,0,0,20251201,20261231
GRA_09210072020,1,1,1,1,1,0,0,20251201,20261231
GRA_09210072040,1,1,1,1,1,0,0,20251201,20261231
GRA_09210072100,1,1,1,1,1,0,0,20251201,20261231
GRA_09210072120,1,1,1,1,1,0,0,20251201,20261231
GRA_09210072140,1,1,1,1,1,0,0,20251201,20261231
GRA_09210072200,1,1,1,1,1,0,0,20251201,20261231
GRA_09210072220,1,1,1,1,1,0,0,20251201,20261231
GRA_09211070559,1,1,1,1,1,0,0,20251201,20261231
GRA_09211070619,1,1,1,1,1,0,0,20251201,20261231
GRA_09211070639,1,1,1,1,1,0,0,20251201,20261231
GRA_09211070659,1,1,1,1,1,0,0,20251201,20261231
GRA_09211070719,1,1,1,1,1,0,0,20251201,20261231
GRA_09211070739,1,1,1,1,1,0,0,20251201,20261231
GRA_09211070759,1,1,1,1,1,0,0,20251201,20261231
GRA_09211070819,1,1,1,1,1,0,0,20251201,20261231
GRA_09211070839,1,1,1,1,1,0,0,20251201,20261231
GRA_09211070859,1,1,1,1,1,0,0,20251201,20261231
GRA_09211070919,1,1,1,1,1,0,0,20251201,20261231
GRA_09211070939,1,1,1,1,1,0,0,20251201,20261231
GRA_09211070959,1,1,1,1,1,0,0,20251201,20261231
GRA_09211071019,1,1,1,1,1,0,0,20251201,20261231
GRA_09211071039,1,1,1,1,1,0,0,20251201,20261231
GRA_09211071059,1,1,1,1,1,0,0,20251201,20261231
GRA_09211071119,1,1,1,1,1,0,0,20251201,20261231
GRA_09211071139,1,1,1,1,1,0,0,20251201,20261231
GRA_09211071159,1,1,1,1,1,0,0,20251201,20261231
GRA_09211071219,1,1,1,1,1,0,0,20251201,20261231
GRA_09211071239,1,1,1,1,1,0,0,20251201,20261231
GRA_09211071259,1,1,1,1,1,0,0,20251201,20261231
GRA_09211071319,1,1,1,1,1,0,0,20251201,20261231
GRA_09211071339,1,1,1,1,1,0,0,20251201,20261231
GRA_09211071359,1,1,1,1,1,0,0,20251201,20261231
GRA_09211071419,1,1,1,1,1,0,0,20251201,20261231
GRA_09211071439,1,1,1,1,1,0,0,20251201,20261231
GRA_09211071459,1,1,1,1,1,0,0,20251201,20261231
GRA_09211071519,1,1,1,1,1,0,0,20251201,20261231
GRA_09211071539,1,1,1,1,1,0,0,20251201,20261231
GRA_09211071559,1,1,1,1,1,0,0,20251201,20261231
GRA_09211071619,1,1,1,1,1,0,0,20251201,20261231
GRA_09211071639,1,1,1,1,1,0,0,20251201,20261231
GRA_09211071659,1,1,1,1,1,0,0,20251201,20261231
GRA_09211071719,1,1,1,1,1,0,0,20251201,20261231
GRA_09211071739,1,1,1,1,1,0,0,20251201,20261231
GRA_09211071759,1,1,1,1,1,0,0,20251201,20261231
GRA_09211071819,1,1,1,1,1,0,0,20251201,20261231
GRA_09211071839,1,1,1,1,1,0,0,20251201,20261231
GRA_09211071859,1,1,1,1,1,0,0,20251201,20261231
GRA_09211071919,1,1,1,1,1,0,0,20251201,20261231
GRA_09211071939,1,1,1,1,1,0,0,20251201,20261231
GRA_09211071959,1,1,1,1,1,0,0,20251201,20261231
GRA_09211072019,1,1,1,1,1,0,0,20251201,20261231
GRA_09211072039,1,1,1,1,1,0,0,20251201,20261231
GRA_09211072059,1,1,1,1,1,0,0,20251201,20261231
GRA_09211072119,1,1,1,1,1,0,0,20251201,20261231
GRA_09211072139,1,1,1,1,1,0,0,20251201,20261231
GRA_09211072159,1,1,1,1,1,0,0,20251201,20261231
GRA_09211072219,1,1,1,1,1,0,0,20251201,20261231
GRA_09211082239,1,1,1,1,1,0,0,20251201,20261231
GRA_09220070638,1,1,1,1,1,0,0,20251201,20261231
GRA_09220070718,1,1,1,1,1,0,0,20251201,20261231
GRA_09220070758,1,1,1,1,1,0,0,20251201,20261231
GRA_09220070838,1,1,1,1,1,0,0,20251201,20261231
GRA_09220070918,1,1,1,1,1,0,0,20251201,20261231
GRA_09220070958,1,1,1,1,1,0,0,20251201,20261231
GRA_09220071038,1,1,1,1,1,0,0,20251201,20261231
GRA_09220071118,1,1,1,1,1,0,0,20251201,20261231
GRA_09220071158,1,1,1,1,1,0,0,20251201,20261231
GRA_09220071238,1,1,1,1,1,0,0,20251201,20261231
GRA_09220071318,1,1,1,1,1,0,0,20251201,20261231
GRA_09220071358,1,1,1,1,1,0,0,20251201,20261231
GRA_09220071438,1,1,1,1,1,0,0,20251201,20261231
GRA_09220071518,1,1,1,1,1,0,0,20251201,20261231
GRA_09220071558,1,1,1,1,1,0,0,20251201,20261231
GRA_09220071638,1,1,1,1,1,0,0,20251201,20261231
GRA_09220071718,1,1,1,1,1,0,0,20251201,20261231
GRA_09220071758,1,1,1,1,1,0,0,20251201,20261231
GRA_09220071838,1,1,1,1,1,0,0,20251201,20261231
GRA_09220071918,1,1,1,1,1,0,0,20251201,20261231
GRA_09220071958,1,1,1,1,1,0,0,20251201,20261231
GRA_09220072038,1,1,1,1,1,0,0,20251201,20261231
GRA_09220072118,1,1,1,1,1,0,0,20251201,20261231
GRA_09220072158,1,1,1,1,1,0,0,20251201,20261231
GRA_09220072238,1,1,1,1,1,0,0,20251201,20261231
GRA_09221020623,1,1,1,1,1,0,0,20251201,20261231
GRA_09221020703,1,1,1,1,1,0,0,20251201,20261231
GRA_09221020743,1,1,1,1,1,0,0,20251201,20261231
GRA_09221020823,1,1,1,1,1,0,0,20251201,20261231
GRA_09221020903,1,1,1,1,1,0,0,20251201,20261231
GRA_09221020943,1,1,1,1,1,0,0,20251201,20261231
GRA_09221021023,1,1,1,1,1,0,0,20251201,20261231
GRA_09221021103,1,1,1,1,1,0,0,20251201,20261231
GRA_09221021143,1,1,1,1,1,0,0,20251201,20261231
GRA_09221021223,1,1,1,1,1,0,0,20251201,20261231
GRA_09221021303,1,1,1,1,1,0,0,20251201,20261231
GRA_09221021343,1,1,1,1,1,0,0,20251201,20261231
GRA_09221021423,1,1,1,1,1,0,0,20251201,20261231
GRA_09221021503,1,1,1,1,1,0,0,20251201,20261231
GRA_09221021543,1,1,1,1,1,0,0,20251201,20261231
GRA_09221021623,1,1,1,1,1,0,0,20251201,20261231
GRA_09221021703,1,1,1,1,1,0,0,20251201,20261231
GRA_09221021743,1,1,1,1,1,0,0,20251201,20261231
GRA_09221021823,1,1,1,1,1,0,0,20251201,20261231
GRA_09221021903,1,1,1,1,1,0,0,20251201,20261231
GRA_09221021943,1,1,1,1,1,0,0,20251201,20261231
GRA_09221022023,1,1,1,1,1,0,0,20251201,20261231
GRA_09221022103,1,1,1,1,1,0,0,20251201,20261231
GRA_09221022143,1,1,1,1,1,0,0,20251201,20261231
GRA_09221022223,1,1,1,1,1,0,0,20251201,20261231
GRA_09221032303,1,1,1,1,1,0,0,20251201,20261231
LIO_+5-INT-FS+5-INT-VRS-sans-ETE,0,0,0,0,1,0,1,20240906,20250704
LIO_+5-INT-FS[20240901-],0,0,0,0,1,0,0,20240906,20250704
LIO_+5-INT-RS[20240901-],1,0,0,0,0,0,0,20240902,20250630
LIO_+5-INT-VRS[20240901-],0,0,0,0,0,0,1,20240901,20250629
LIO_+5-INT-VRS[20240902-],0,0,0,0,0,0,1,20240908,20250629
LIO_+ETE_DF[20240902-],0,0,0,0,0,0,1,20250706,20250831
LIO_+ETE_L+ETE_m+ETE_J+ETE_S[20240902-],1,0,1,1,0,1,0,20250705,20250830
LIO_+ETE_L+ETE_m+ETE_J[20240902-],1,0,1,1,0,0,0,20250707,20250828
LIO_+ETE_L+ETE_m+ETE_V,0,0,0,0,0,0,0,20240722,20250829
LIO_+ETE_LàV+ETE_DF[20240902-],1,1,1,1,1,0,1,20250706,20250831
LIO_+ETE_LàV+ETE_S,0,0,0,0,0,0,0,20240720,20250830
LIO_+ETE_LàV+ETE_S+ETE_DF[20240902-],1,1,1,1,1,1,1,20250705,20250831
LIO_+ETE_LàV+ETE_S[20240901-],1,1,1,1,1,1,0,20250705,20250830
LIO_+ETE_LàV+ETE_S[20240902-],1,1,1,1,1,1,0,20250705,20250830
LIO_+ETE_LàV[20240901-],1,1,1,1,1,0,0,20250707,20250829
LIO_+ETE_LàV[20240902-],1,1,1,1,1,0,0,20250707,20250829
LIO_+ETE_LàV~1er_Mai[20240723-],0,0,0,0,0,0,0,20240723,20250829
LIO_+ETE_M+ETE_J+ETE_S,0,0,0,0,0,0,0,20240720,20250830
LIO_+ETE_M+ETE_V,0,0,0,0,0,0,0,20240723,20250829
LIO_+ETE_M+ETE_V[20240902-],0,1,0,0,1,0,0,20250708,20250829
LIO_+ETE_S+ETE_DF[20240902-],0,0,0,0,0,1,1,20250705,20250831
LIO_+ETE_S[20240901-],0,0,0,0,0,1,0,20250705,20250830
LIO_+ETE_S[20240902-],0,0,0,0,0,1,0,20250705,20250830
LIO_+ETE_m+ETE_J+ETE_V+ETE_S,0,0,0,0,0,0,0,20240720,20250830
LIO_+ETE_m+ETE_S,0,0,0,0,0,0,0,20240720,20250830
LIO_+PVS_DF+ETE_DF+SCO_F+5-INT-VRS[20240902-],0,0,0,0,0,0,1,20240908,20250831
LIO_+PVS_DF+ETE_DF[20240902-],0,0,0,0,0,0,0,20241020,20250831
LIO_+PVS_L+ETE_L[20240901-],0,0,0,0,0,0,0,20241021,20250825
LIO_+PVS_L+ETE_L[20240902-],0,0,0,0,0,0,0,20241021,20250825
LIO_+PVS_L+PVS_M+PVS_J+PVS_V+ETE_L+ETE_M+ETE_J+ETE_V[20240901-],0,0,0,0,0,0,0,20241021,20250829
LIO_+PVS_L+PVS_M+PVS_m+PVS_J+ETE_L+ETE_m+ETE_J[20240902-],0,0,0,0,0,0,0,20241021,20250828
LIO_+PVS_L+PVS_M+PVS_m+PVS_J+ETE_LàV[20240902-],0,0,0,0,0,0,0,20241021,20250829
LIO_+PVS_L+PVS_M+PVS_m+PVS_J[20240902-],0,0,0,0,0,0,0,20241021,20250424
LIO_+PVS_LàV+ETE_LàV+1er_Mai[20240902-],0,0,0,0,0,0,0,20241021,20250829
LIO_+PVS_LàV+ETE_LàV+ETE_S+ETE_DF[20240902-],0,0,0,0,0,0,0,20241021,20250831
LIO_+PVS_LàV+ETE_LàV[20240321-],0,0,0,0,0,0,0,20240722,20250829
LIO_+PVS_LàV+ETE_LàV[20240506-20241213],1,1,1,1,1,0,0,20240722,20241031
LIO_+PVS_LàV+ETE_LàV[20240601-],0,0,0,0,0,0,0,20240722,20250829
LIO_+PVS_LàV+ETE_LàV[20240603-20241103],1,1,1,1,1,0,0,20240722,20241031
LIO_+PVS_LàV+ETE_LàV[20240706-20241214],1,1,1,1,1,0,0,20240722,20241031
LIO_+PVS_LàV+ETE_LàV[20240829-],0,0,0,0,0,0,0,20240829,20250829
LIO_+PVS_LàV+ETE_LàV[20240901-],0,0,0,0,0,0,0,20241021,20250829
LIO_+PVS_LàV+ETE_LàV[20240902-],0,0,0,0,0,0,0,20241021,20250829
LIO_+PVS_LàV+ETE_LàV[20240923-],0,0,0,0,0,0,0,20241021,20250829
LIO_+PVS_LàV+ETE_LàV[20241125-],0,0,0,0,0,0,0,20241223,20250829
LIO_+PVS_LàV+ETE_LàV[20241214-20250331],0,0,0,0,0,0,0,20241223,20250228
LIO_+PVS_LàV+ETE_LàV[20241215-20250704],0,0,0,0,0,0,0,20241223,20250530
LIO_+PVS_LàV+ETE_LàV~1er_Mai[20240723-],0,0,0,0,0,0,0,20240723,20250829
LIO_+PVS_LàV+PVS_L+PVS_M+PVS_m+PVS_J+PVS_V+ETE_LàV+ETE_L+ETE_M+ETE_m+ETE_J+ETE_V[20240401-],0,0,0,0,0,0,0,20240722,20250829
LIO_+PVS_LàV+PVS_S+ETE_LàV+ETE_S[20240901-],0,0,0,0,0,0,0,20241019,20250830
LIO_+PVS_LàV+PVS_S+ETE_LàV[20240902-],0,0,0,0,0,0,0,20241019,20250829
LIO_+PVS_LàV+PVS_S+PVS_DF+ETE_LàV+ETE_S+ETE_DF+1er_Mai[20240901-],0,0,0,0,0,0,0,20240901,20250831
LIO_+PVS_LàV+PVS_S+PVS_DF+ETE_LàV+ETE_S+ETE_DF[20240601-],0,0,0,0,0,1,1,20240720,20250831
LIO_+PVS_LàV+PVS_S[20240901-],0,0,0,0,0,0,0,20241019,20250531
LIO_+PVS_LàV+PVS_S[20240902-],0,0,0,0,0,0,0,20241019,20250531
LIO_+PVS_LàV+PVS_S[20240916-],0,0,0,0,0,0,0,20241019,20250531
"LIO_+PVS_LàV[-20240108,20241221-]",0,0,0,0,0,0,0,20241223,20250530
"LIO_+PVS_LàV[-20241221,20241231-]",0,0,0,0,0,0,0,20241021,20250530
LIO_+PVS_LàV[20240901-],0,0,0,0,0,0,0,20241021,20250530
LIO_+PVS_LàV[20240902-],0,0,0,0,0,0,0,20241021,20250530
LIO_+PVS_LàV[20241104-],0,0,0,0,0,0,0,20241223,20250530
"LIO_+PVS_LàV[20241223-20250208,20250310-20250331]",1,1,0,1,1,1,1,20241223,20250103
LIO_+PVS_S+ETE_S[20240901-],0,0,0,0,0,0,0,20241019,20250830
LIO_+PVS_S+ETE_S[20240902-],0,0,0,0,0,0,0,20241019,20250830
LIO_+PVS_S+PVS_DF+ETE_DF+1er_Mai[20240901-],0,0,0,0,0,0,0,20240901,20250831
LIO_+PVS_S+PVS_DF+ETE_S+ETE_DF+1er_Mai[20240901-],0,0,0,0,0,0,0,20240901,20250831
LIO_+PVS_S[20240902-],0,0,0,0,0,0,0,20241019,20250531
LIO_+PVS_V+ETE_M+ETE_V[20240902-],0,0,0,0,0,0,0,20241025,20250829
LIO_+PVS_V+ETE_V,0,0,0,0,0,0,0,20240726,20250829
LIO_+PVS_V+ETE_V[20240901-],0,0,0,0,0,0,0,20241025,20250829
LIO_+PVS_V[20240829-],0,0,0,0,0,0,0,20241025,20250530
LIO_+PVS_V[20240902-],0,0,0,0,0,0,0,20241025,20250530
LIO_+PVS_m+ETE_m[20240901-],0,0,0,0,0,0,0,20241023,20250827
LIO_+PVS_m+ETE_m[20240902-],0,0,0,0,0,0,0,20241023,20250827
LIO_+PVS_m+PVS_V+ETE_LàV+ETE_S+ETE_DF[20240902-],0,0,0,0,0,0,0,20241023,20250831
LIO_+PVS_m+PVS_V[20240902-],0,0,0,0,0,0,0,20241023,20250530
LIO_+SCO_DF+PVS_DF+ETE_DF,0,0,0,0,0,0,1,20240721,20250831
LIO_+SCO_DF+PVS_DF+ETE_DF+1er_Mai[-20241215],0,0,0,0,0,0,1,20240721,20241215
LIO_+SCO_DF+PVS_DF+ETE_DF+1er_Mai[20240901-],0,0,0,0,0,0,1,20240901,20250831
LIO_+SCO_DF+PVS_DF+ETE_DF+1er_Mai[20241215-],0,0,0,0,0,0,1,20241215,20250831
LIO_+SCO_DF+PVS_DF+ETE_DF[20240310-20241129],0,0,0,0,0,0,1,20240721,20241124
LIO_+SCO_DF+PVS_DF+ETE_DF[20240401-20241031],0,0,0,0,0,0,1,20240721,20241027
LIO_+SCO_DF+PVS_DF+ETE_DF[20240401-20241117],0,0,0,0,0,0,1,20240721,20241117
LIO_+SCO_DF+PVS_DF+ETE_DF[20240401-],0,0,0,0,0,0,1,20240721,20250831
LIO_+SCO_DF+PVS_DF+ETE_DF[20240506-20241213],0,0,0,0,0,0,1,20240721,20241208
LIO_+SCO_DF+PVS_DF+ETE_DF[20240829-],0,0,0,0,0,0,1,20240901,20250831
LIO_+SCO_DF+PVS_DF+ETE_DF[20240901-20241214],0,0,0,0,0,0,1,20240901,20241208
LIO_+SCO_DF+PVS_DF+ETE_DF[20240901-],0,0,0,0,0,0,1,20240901,20250831
LIO_+SCO_DF+PVS_DF+ETE_DF[20240902-],0,0,0,0,0,0,1,20240908,20250831
LIO_+SCO_DF+PVS_DF+ETE_DF[20241001-20250531],0,0,0,0,0,0,1,20241006,20250529
LIO_+SCO_DF+PVS_DF+ETE_DF[20241125-],0,0,0,0,0,0,1,20241201,20250831
LIO_+SCO_DF+PVS_DF+ETE_DF[20241130-20250309],0,0,0,0,0,0,1,20241201,20250309
LIO_+SCO_DF+PVS_DF+ETE_DF[20241214-20250331],0,0,0,0,0,0,1,20241215,20250330
LIO_+SCO_DF+PVS_DF+ETE_DF[20241215-20250704],0,0,0,0,0,0,1,20241215,20250629
LIO_+SCO_DF+PVS_DF+ETE_DF[20250120-],0,0,0,0,0,0,1,20250126,20250831
LIO_+SCO_DF+PVS_DF+ETE_DF[20250601-],0,0,0,0,0,0,1,20250601,20250831
LIO_+SCO_DF+PVS_DF+ETE_DF~1er_Mai[20240723-],0,0,0,0,0,0,1,20240728,20250831
LIO_+SCO_DF+PVS_DF+ETE_DF~1er_Mai~SCO_F~PVS_F~ETE_F,0,0,0,0,0,0,1,20240721,20250831
LIO_+SCO_DF+PVS_DF+ETE_DF~SCO_F~PVS_F~ETE_F[20240401-20241117],0,0,0,0,0,0,1,20240721,20241117
LIO_+SCO_DF+PVS_DF+ETE_DF~SCO_F~PVS_F~ETE_F[20240901-],0,0,0,0,0,0,1,20240901,20250831
LIO_+SCO_DF+PVS_DF+ETE_DF~SCO_F~PVS_F~ETE_F[20240902-],0,0,0,0,0,0,1,20240908,20250831
LIO_+SCO_DF+PVS_DF+ETE_DF~SCO_F~PVS_F~ETE_F[20240916-],0,0,0,0,0,0,1,20240922,20250831
LIO_+SCO_DF+PVS_DF+ETE_DF~SCO_F~PVS_F~ETE_F[20241118-20250330],0,0,0,0,0,0,1,20241124,20250330
LIO_+SCO_DF+PVS_DF+ETE_LàV+ETE_DF+1er_Mai+SCO_F+PVS_F+ETE_F,0,0,0,0,0,0,1,20240721,20250831
LIO_+SCO_DF+PVS_DF+ETE_S[20240401-],0,0,0,0,0,0,1,20240720,20250830
LIO_+SCO_DF+PVS_DF[20240902-],0,0,0,0,0,0,1,20240908,20250629
LIO_+SCO_DF+PVS_DF[20241221-20250331],0,0,0,0,0,0,1,20241222,20250330
LIO_+SCO_DF[20240829-],0,0,0,0,0,0,1,20240908,20250629
LIO_+SCO_DF[20240902-],0,0,0,0,0,0,1,20240908,20250629
LIO_+SCO_J+PVS_J+ETE_J[20240706-20241214],0,0,0,1,0,0,0,20240725,20241212
LIO_+SCO_J+PVS_J+ETE_J[20240901-],0,0,0,1,0,0,0,20240905,20250828
LIO_+SCO_J+PVS_J+ETE_J[20240923-],0,0,0,1,0,0,0,20240926,20250828
LIO_+SCO_J+PVS_J+ETE_J[20241215-20250704],0,0,0,1,0,0,0,20241219,20250703
LIO_+SCO_L+5-INT-RS[20240902-],1,0,0,0,0,0,0,20240902,20250630
LIO_+SCO_L+PVS_L+ETE_L,1,0,0,0,0,0,0,20240722,20250825
LIO_+SCO_L+PVS_L+ETE_L[20240901-],1,0,0,0,0,0,0,20240902,20250825
LIO_+SCO_L+PVS_L+ETE_L[20240902-],1,0,0,0,0,0,0,20240902,20250825
LIO_+SCO_L+PVS_L[20240901-],1,0,0,0,0,0,0,20240902,20250630
LIO_+SCO_L+SCO_J[20240902-],1,0,0,1,0,0,0,20240902,20250703
LIO_+SCO_L+SCO_M+SCO_J,1,1,0,1,0,0,0,20240902,20250703
LIO_+SCO_L+SCO_M+SCO_J+SCO_S[20240901-],1,1,0,1,0,1,0,20240902,20250703
LIO_+SCO_L+SCO_M+SCO_J+SCO_V,1,1,0,1,1,0,0,20240902,20250704
LIO_+SCO_L+SCO_M+SCO_J+SCO_V+PVS_L+PVS_M+PVS_J+PVS_V+ETE_L+ETE_M+ETE_J+ETE_V,1,1,0,1,1,0,0,20240722,20250829
LIO_+SCO_L+SCO_M+SCO_J+SCO_V+PVS_L+PVS_M+PVS_J+PVS_V+ETE_L+ETE_M+ETE_J+ETE_V[20240901-],1,1,0,1,1,0,0,20240902,20250829
LIO_+SCO_L+SCO_M+SCO_J+SCO_V+PVS_L+PVS_M+PVS_J+PVS_V+ETE_L+ETE_M+ETE_J+ETE_V[20240902-],1,1,0,1,1,0,0,20240902,20250829
LIO_+SCO_L+SCO_M+SCO_J+SCO_V+PVS_L+PVS_M+PVS_J+PVS_V+ETE_LàV,1,1,0,1,1,0,0,20240722,20250829
LIO_+SCO_L+SCO_M+SCO_J+SCO_V+PVS_L+PVS_M+PVS_m+PVS_J+PVS_V+ETE_L+ETE_M+ETE_m+ETE_J+ETE_V[20240902-],1,1,0,1,1,0,0,20240902,20250829
LIO_+SCO_L+SCO_M+SCO_J+SCO_V+PVS_LàV+ETE_LàV,1,1,0,1,1,0,0,20240722,20250829
LIO_+SCO_L+SCO_M+SCO_J+SCO_V+PVS_LàV+ETE_LàV+ETE_S,1,1,0,1,1,0,0,20240720,20250830
LIO_+SCO_L+SCO_M+SCO_J+SCO_V+PVS_LàV+ETE_LàV[20240506-20241213],1,1,0,1,1,0,0,20240722,20241213
LIO_+SCO_L+SCO_M+SCO_J+SCO_V+PVS_LàV+ETE_LàV[20240603-20241103],1,1,1,1,1,0,0,20240722,20241031
LIO_+SCO_L+SCO_M+SCO_J+SCO_V+PVS_LàV+ETE_LàV[20240902-],1,1,0,1,1,0,0,20240902,20250829
LIO_+SCO_L+SCO_M+SCO_J+SCO_V+PVS_LàV+ETE_LàV[20241214-20250331],1,1,0,1,1,0,0,20241216,20250331
LIO_+SCO_L+SCO_M+SCO_J+SCO_V+PVS_LàV[20240902-],1,1,0,1,1,0,0,20240902,20250704
LIO_+SCO_L+SCO_M+SCO_J+SCO_V+PVS_LàV[20241104-20250531],1,1,0,1,1,0,0,20241104,20250530
LIO_+SCO_L+SCO_M+SCO_J+SCO_V+SCO_S+PVS_L+PVS_M+PVS_J+PVS_V+PVS_S+ETE_L+ETE_M+ETE_J+ETE_V+ETE_S[20240901-],1,1,0,1,1,1,0,20240902,20250830
LIO_+SCO_L+SCO_M+SCO_J+SCO_V+SCO_S+PVS_LàV+PVS_S+ETE_LàV+ETE_S[20240902-],1,1,0,1,1,1,0,20240902,20250830
LIO_+SCO_L+SCO_M+SCO_J+SCO_V+SCO_S+SCO_DF[20240601-],1,1,0,1,1,1,1,20240902,20250704
LIO_+SCO_L+SCO_M+SCO_J+SCO_V+SCO_S[20240902-],1,1,0,1,1,1,0,20240902,20250704
LIO_+SCO_L+SCO_M+SCO_J+SCO_V+SCO_S[20240916-],1,1,0,1,1,1,0,20240916,20250704
LIO_+SCO_L+SCO_M+SCO_J+SCO_V[20240321-],1,1,0,1,1,0,0,20240902,20250704
LIO_+SCO_L+SCO_M+SCO_J+SCO_V[20240401-],1,1,0,1,1,0,0,20240902,20250704
LIO_+SCO_L+SCO_M+SCO_J+SCO_V[20240506-20241213],1,1,0,1,1,0,0,20240902,20241213
LIO_+SCO_L+SCO_M+SCO_J+SCO_V[20240706-20241214],1,1,0,1,1,0,0,20240902,20241213
LIO_+SCO_L+SCO_M+SCO_J+SCO_V[20240901-],1,1,0,1,1,0,0,20240902,20250704
LIO_+SCO_L+SCO_M+SCO_J+SCO_V[20240902-],1,1,0,1,1,0,0,20240902,20250704
LIO_+SCO_L+SCO_M+SCO_J+SCO_V[20240916-],1,1,0,1,1,0,0,20240916,20250704
LIO_+SCO_L+SCO_M+SCO_J+SCO_V[20240923-],1,1,0,1,1,0,0,20240923,20250704
LIO_+SCO_L+SCO_M+SCO_J+SCO_V[20241104-20250531],1,1,0,1,1,0,0,20241104,20250527
LIO_+SCO_L+SCO_M+SCO_J+SCO_V[20241125-],1,1,0,1,1,0,0,20241125,20250704
LIO_+SCO_L+SCO_M+SCO_J+SCO_V[20241214-20250331],1,1,0,1,1,0,0,20241216,20250331
LIO_+SCO_L+SCO_M+SCO_J+SCO_V[20241215-],1,1,0,1,1,0,0,20241216,20250704
LIO_+SCO_L+SCO_M+SCO_J[20240901-],1,1,0,1,0,0,0,20240902,20250703
LIO_+SCO_L+SCO_M+SCO_J[20240902-],1,1,0,1,0,0,0,20240902,20250703
LIO_+SCO_L+SCO_M+SCO_J~1er_Mai[20240723-],1,1,0,1,0,0,0,20240902,20250703
LIO_+SCO_L+SCO_M+SCO_V+PVS_L+PVS_M+PVS_V+ETE_L+ETE_M+ETE_V[20240901-],1,1,0,0,1,0,0,20240902,20250829
LIO_+SCO_L+SCO_M+SCO_m+SCO_J+PVS_L+PVS_M+PVS_m+PVS_J+ETE_L+ETE_M+ETE_m+ETE_J,1,1,1,1,0,0,0,20240722,20250828
LIO_+SCO_L+SCO_M+SCO_m+SCO_J+PVS_L+PVS_M+PVS_m+PVS_J+ETE_L+ETE_M+ETE_m+ETE_J[20240321-],1,1,1,1,0,0,0,20240722,20250828
LIO_+SCO_L+SCO_M+SCO_m+SCO_J+PVS_L+PVS_M+PVS_m+PVS_J+ETE_L+ETE_M+ETE_m+ETE_J[20240901-],1,1,1,1,0,0,0,20240902,20250828
LIO_+SCO_L+SCO_M+SCO_m+SCO_J+PVS_L+PVS_M+PVS_m+PVS_J+ETE_L+ETE_M+ETE_m+ETE_J[20241215-],1,1,1,1,0,0,0,20241216,20250828
LIO_+SCO_L+SCO_M+SCO_m+SCO_J+PVS_L+PVS_M+PVS_m+PVS_J+ETE_L+ETE_m+ETE_J[20240902-],1,1,1,1,0,0,0,20240902,20250828
LIO_+SCO_L+SCO_M+SCO_m+SCO_J+PVS_L+PVS_M+PVS_m+PVS_J+PVS_V+ETE_L+ETE_M+ETE_m+ETE_J+ETE_V,1,1,1,1,0,0,0,20240722,20250829
LIO_+SCO_L+SCO_M+SCO_m+SCO_J+PVS_LàV+ETE_LàV,1,1,1,1,0,0,0,20240722,20250829
LIO_+SCO_L+SCO_M+SCO_m+SCO_J+SCO_S+PVS_L+PVS_M+PVS_m+PVS_J+PVS_S+ETE_L+ETE_m+ETE_J+ETE_S[20240902-],1,1,1,1,0,1,0,20240902,20250830
LIO_+SCO_L+SCO_M+SCO_m+SCO_J+SCO_S+SCO_DF+PVS_L+PVS_M+PVS_m+PVS_J+PVS_S+PVS_DF+ETE_DF[20240902-],1,1,1,1,0,1,1,20240902,20250831
LIO_+SCO_L+SCO_M+SCO_m+SCO_J+SCO_S+SCO_DF+PVS_L+PVS_M+PVS_m+PVS_J+PVS_S+PVS_DF+ETE_L+ETE_m+ETE_J+ETE_S+ETE_DF[20240902-],1,1,1,1,0,1,1,20240902,20250831
LIO_+SCO_L+SCO_M+SCO_m+SCO_J+SCO_V[20240902-],1,1,1,1,1,0,0,20240902,20250704
LIO_+SCO_L+SCO_M+SCO_m+SCO_J[20240901-],1,1,1,1,0,0,0,20240902,20250703
LIO_+SCO_L+SCO_M+SCO_m+SCO_J[20240902-],1,1,1,1,0,0,0,20240902,20250703
LIO_+SCO_L+SCO_M+SCO_m+SCO_J[20241202-],1,1,1,1,0,0,0,20241202,20250703
LIO_+SCO_L+SCO_M+SCO_m+SCO_V+PVS_L+PVS_M+PVS_m+PVS_V+ETE_L+ETE_M+ETE_m+ETE_V[20240901-],1,1,1,0,1,0,0,20240902,20250829
LIO_+SCO_L+SCO_M+SCO_m+SCO_V+PVS_L+PVS_M+PVS_m+PVS_V+ETE_L+ETE_M+ETE_m+ETE_V[20240923-],1,1,1,0,1,0,0,20240923,20250829
LIO_+SCO_L[20240401-],1,0,0,0,0,0,0,20240902,20250630
LIO_+SCO_L[20240901-],1,0,0,0,0,0,0,20240902,20250630
LIO_+SCO_L[20240902-],1,0,0,0,0,0,0,20240902,20250630
LIO_+SCO_L[20241202-],1,0,0,0,0,0,0,20241202,20250630
LIO_+SCO_L~1er_Mai[20240723-],1,0,0,0,0,0,0,20240902,20250630
LIO_+SCO_LàV+ETE_LàV,1,1,1,1,1,0,0,20240722,20250829
LIO_+SCO_LàV+ETE_LàV[20240902-],1,1,1,1,1,0,0,20240902,20250829
LIO_+SCO_LàV+ETE_LàV~1er_Mai[20240723-],1,1,1,1,1,0,0,20240723,20250829
LIO_+SCO_LàV+PVS_L+PVS_M+PVS_J+PVS_V+ETE_L+ETE_M+ETE_J+ETE_V[20240321-],1,1,1,1,1,0,0,20240722,20250829
LIO_+SCO_LàV+PVS_L+PVS_M+PVS_J+PVS_V+ETE_L+ETE_M+ETE_J+ETE_V[20240902-],1,1,1,1,1,0,0,20240902,20250829
LIO_+SCO_LàV+PVS_LàV,1,1,1,1,1,0,0,20240902,20250704
LIO_+SCO_LàV+PVS_LàV+ETE_LàV,1,1,1,1,1,0,0,20240722,20250829
LIO_+SCO_LàV+PVS_LàV+ETE_LàV+ETE_S[20240902-],1,1,1,1,1,0,0,20240902,20250830
LIO_+SCO_LàV+PVS_LàV+ETE_LàV+ETE_S[20240916-],1,1,1,1,1,0,0,20240916,20250830
"LIO_+SCO_LàV+PVS_LàV+ETE_LàV[-20240415,20241031-]",1,1,1,1,1,0,0,20241104,20250829
LIO_+SCO_LàV+PVS_LàV+ETE_LàV[-20241215],1,1,1,1,1,0,0,20240722,20241213
LIO_+SCO_LàV+PVS_LàV+ETE_LàV[-20241231],1,1,1,1,1,0,0,20240722,20241231
LIO_+SCO_LàV+PVS_LàV+ETE_LàV[20240310-20241129],1,1,1,1,1,0,0,20240722,20241129
LIO_+SCO_LàV+PVS_LàV+ETE_LàV[20240321-],1,1,1,1,1,0,0,20240722,20250829
LIO_+SCO_LàV+PVS_LàV+ETE_LàV[20240401-20241031],1,1,1,1,1,0,0,20240722,20241031
LIO_+SCO_LàV+PVS_LàV+ETE_LàV[20240401-20241103],1,1,1,1,1,0,0,20240722,20241031
LIO_+SCO_LàV+PVS_LàV+ETE_LàV[20240401-],1,1,1,1,1,0,0,20240722,20250829
LIO_+SCO_LàV+PVS_LàV+ETE_LàV[20240415-20241031],1,1,1,1,1,0,0,20240722,20241031
LIO_+SCO_LàV+PVS_LàV+ETE_LàV[20240506-20241213],1,1,1,1,1,0,0,20240722,20241213
LIO_+SCO_LàV+PVS_LàV+ETE_LàV[20240601-],1,1,1,1,1,0,0,20240722,20250829
LIO_+SCO_LàV+PVS_LàV+ETE_LàV[20240603-20241103],1,1,1,1,1,0,0,20240722,20241031
LIO_+SCO_LàV+PVS_LàV+ETE_LàV[20240624-],1,1,1,1,1,0,0,20240722,20250829
LIO_+SCO_LàV+PVS_LàV+ETE_LàV[20240706-20241214],1,1,1,1,1,0,0,20240722,20241213
"LIO_+SCO_LàV+PVS_LàV+ETE_LàV[20240706-20250127,20250214-]",1,1,1,1,1,0,0,20240722,20250829
LIO_+SCO_LàV+PVS_LàV+ETE_LàV[20240722-],1,1,1,1,1,0,0,20240722,20250829
LIO_+SCO_LàV+PVS_LàV+ETE_LàV[20240829-],1,1,1,1,1,0,0,20240829,20250829
LIO_+SCO_LàV+PVS_LàV+ETE_LàV[20240901-20241214],1,1,1,1,1,0,0,20240902,20241213
LIO_+SCO_LàV+PVS_LàV+ETE_LàV[20240901-],1,1,1,1,1,0,0,20240902,20250829
LIO_+SCO_LàV+PVS_LàV+ETE_LàV[20240902-20241031],1,1,1,1,1,0,0,20240902,20241031
LIO_+SCO_LàV+PVS_LàV+ETE_LàV[20240902-20241231],1,1,1,1,1,0,0,20240902,20241231
LIO_+SCO_LàV+PVS_LàV+ETE_LàV[20240902-],1,1,1,1,1,0,0,20240902,20250829
LIO_+SCO_LàV+PVS_LàV+ETE_LàV[20240923-20241214],1,1,1,1,1,0,0,20240923,20241213
LIO_+SCO_LàV+PVS_LàV+ETE_LàV[20240923-],1,1,1,1,1,0,0,20240923,20250829
LIO_+SCO_LàV+PVS_LàV+ETE_LàV[20241104-],1,1,1,1,1,0,0,20241104,20250829
LIO_+SCO_LàV+PVS_LàV+ETE_LàV[20241125-20241214],1,1,1,1,1,0,0,20241125,20241213
LIO_+SCO_LàV+PVS_LàV+ETE_LàV[20241125-],1,1,1,1,1,0,0,20241125,20250829
LIO_+SCO_LàV+PVS_LàV+ETE_LàV[20241130-20250309],1,1,1,1,1,0,0,20241202,20250307
LIO_+SCO_LàV+PVS_LàV+ETE_LàV[20241202-],1,1,1,1,1,0,0,20241202,20250829
LIO_+SCO_LàV+PVS_LàV+ETE_LàV[20241214-20250331],1,1,1,1,1,0,0,20241216,20250331
LIO_+SCO_LàV+PVS_LàV+ETE_LàV[20241215-20250704],1,1,1,1,1,0,0,20241216,20250704
LIO_+SCO_LàV+PVS_LàV+ETE_LàV[20241215-],1,1,1,1,1,0,0,20241216,20250829
LIO_+SCO_LàV+PVS_LàV+ETE_LàV[20250101-],1,1,1,1,1,0,0,20250102,20250829
LIO_+SCO_LàV+PVS_LàV+ETE_LàV[20250120-],1,1,1,1,1,0,0,20250120,20250829
LIO_+SCO_LàV+PVS_LàV+ETE_LàV[20250127-20250214],1,1,1,1,1,0,0,20250127,20250214
LIO_+SCO_LàV+PVS_LàV+ETE_LàV[20250401-],1,1,1,1,1,0,0,20250401,20250829
LIO_+SCO_LàV+PVS_LàV+ETE_LàV~1er_Mai[20240723-],1,1,1,1,1,0,0,20240723,20250829
LIO_+SCO_LàV+PVS_LàV+ETE_LàV~SCO_m~1er_Mai[20240723-],1,1,0,1,1,0,0,20240723,20250829
LIO_+SCO_LàV+PVS_LàV+PVS_DF,1,1,1,1,1,0,0,20240902,20250704
LIO_+SCO_LàV+PVS_LàV+PVS_DF[20240901-],1,1,1,1,1,0,0,20240902,20250704
LIO_+SCO_LàV+PVS_LàV+PVS_S+SCO_F[20240902-],1,1,1,1,1,0,0,20240902,20250704
LIO_+SCO_LàV+PVS_LàV[20240901-20241214],1,1,1,1,1,0,0,20240902,20241213
LIO_+SCO_LàV+PVS_LàV[20240901-],1,1,1,1,1,0,0,20240902,20250704
LIO_+SCO_LàV+PVS_LàV[20240902-],1,1,1,1,1,0,0,20240902,20250704
LIO_+SCO_LàV+PVS_LàV[20241104-20250531],1,1,1,1,1,0,0,20241104,20250530
LIO_+SCO_LàV+PVS_LàV[20241125-],1,1,1,1,1,0,0,20241125,20250704
LIO_+SCO_LàV+PVS_LàV[20241215-],1,1,1,1,1,0,0,20241216,20250704
LIO_+SCO_LàV+PVS_LàV[20241221-20250331],1,1,1,1,1,0,0,20241223,20250331
LIO_+SCO_LàV+PVS_LàV[20250208-20250310],1,1,1,1,1,0,0,20250210,20250310
LIO_+SCO_LàV+PVS_LàV~1er_Mai[20240723-],1,1,1,1,1,0,0,20240902,20250704
LIO_+SCO_LàV+PVS_LàV~SCO_m~1er_Mai[20240723-],1,1,0,1,1,0,0,20240902,20250704
LIO_+SCO_LàV+SCO_DF+PVS_DF+ETE_DF[20240902-],1,1,1,1,1,0,1,20240902,20250831
LIO_+SCO_LàV+SCO_DF+PVS_LàV+PVS_DF+ETE_LàV+ETE_DF[20240902-],1,1,1,1,1,0,1,20240902,20250831
LIO_+SCO_LàV+SCO_DF+PVS_LàV+PVS_DF+ETE_LàV+ETE_S+ETE_DF[20240902-],1,1,1,1,1,0,1,20240902,20250831
LIO_+SCO_LàV+SCO_DF+PVS_LàV+PVS_DF[20240902-],1,1,1,1,1,0,1,20240902,20250704
LIO_+SCO_LàV+SCO_L+PVS_LàV+ETE_LàV[20240902-],1,1,1,1,1,0,0,20240902,20250829
LIO_+SCO_LàV+SCO_L+SCO_M+SCO_m[20240902-],1,1,1,1,1,0,0,20240902,20250704
LIO_+SCO_LàV+SCO_L+SCO_m+SCO_J[20240902-],1,1,1,1,1,0,0,20240902,20250704
LIO_+SCO_LàV+SCO_S,1,1,1,1,1,1,0,20240902,20250704
LIO_+SCO_LàV+SCO_S+PVS_LàV+ETE_LàV[20240415-20241031],1,1,1,1,1,0,0,20240722,20241031
LIO_+SCO_LàV+SCO_S+PVS_LàV+PVS_S+ETE_LàV+ETE_S,1,1,1,1,1,1,0,20240720,20250830
"LIO_+SCO_LàV+SCO_S+PVS_LàV+PVS_S+ETE_LàV+ETE_S[-20240415,20241031-]",1,1,1,1,1,1,0,20241102,20250830
"LIO_+SCO_LàV+SCO_S+PVS_LàV+PVS_S+ETE_LàV+ETE_S[-20250127,20250214-]",1,1,1,1,1,1,0,20240720,20250830
LIO_+SCO_LàV+SCO_S+PVS_LàV+PVS_S+ETE_LàV+ETE_S[20240310-20241129],1,1,1,1,1,1,0,20240720,20241129
LIO_+SCO_LàV+SCO_S+PVS_LàV+PVS_S+ETE_LàV+ETE_S[20240401-20241117],1,1,1,1,1,1,0,20240720,20241116
LIO_+SCO_LàV+SCO_S+PVS_LàV+PVS_S+ETE_LàV+ETE_S[20240401-],1,1,1,1,1,1,0,20240720,20250830
LIO_+SCO_LàV+SCO_S+PVS_LàV+PVS_S+ETE_LàV+ETE_S[20240415-20241031],1,1,1,1,1,1,0,20240720,20241031
LIO_+SCO_LàV+SCO_S+PVS_LàV+PVS_S+ETE_LàV+ETE_S[20240601-],1,1,1,1,1,1,0,20240720,20250830
LIO_+SCO_LàV+SCO_S+PVS_LàV+PVS_S+ETE_LàV+ETE_S[20240706-20241214],1,1,1,1,1,1,0,20240720,20241214
"LIO_+SCO_LàV+SCO_S+PVS_LàV+PVS_S+ETE_LàV+ETE_S[20240706-20250127,20250214-]",1,1,1,1,1,1,0,20240720,20250830
LIO_+SCO_LàV+SCO_S+PVS_LàV+PVS_S+ETE_LàV+ETE_S[20240829-],1,1,1,1,1,1,0,20240829,20250830
LIO_+SCO_LàV+SCO_S+PVS_LàV+PVS_S+ETE_LàV+ETE_S[20240901-20241214],1,1,1,1,1,1,0,20240902,20241214
LIO_+SCO_LàV+SCO_S+PVS_LàV+PVS_S+ETE_LàV+ETE_S[20240901-],1,1,1,1,1,1,0,20240902,20250830
LIO_+SCO_LàV+SCO_S+PVS_LàV+PVS_S+ETE_LàV+ETE_S[20240902-],1,1,1,1,1,1,0,20240902,20250830
LIO_+SCO_LàV+SCO_S+PVS_LàV+PVS_S+ETE_LàV+ETE_S[20240916-],1,1,1,1,1,1,0,20240916,20250830
LIO_+SCO_LàV+SCO_S+PVS_LàV+PVS_S+ETE_LàV+ETE_S[20241118-20250330],1,1,1,1,1,1,0,20241118,20250329
LIO_+SCO_LàV+SCO_S+PVS_LàV+PVS_S+ETE_LàV+ETE_S[20241125-],1,1,1,1,1,1,0,20241125,20250830
LIO_+SCO_LàV+SCO_S+PVS_LàV+PVS_S+ETE_LàV+ETE_S[20241130-20250309],1,1,1,1,1,1,0,20241130,20250308
LIO_+SCO_LàV+SCO_S+PVS_LàV+PVS_S+ETE_LàV+ETE_S[20241215-20250704],1,1,1,1,1,1,0,20241216,20250704
LIO_+SCO_LàV+SCO_S+PVS_LàV+PVS_S+ETE_LàV+ETE_S[20250120-],1,1,1,1,1,1,0,20250120,20250830
LIO_+SCO_LàV+SCO_S+PVS_LàV+PVS_S+ETE_LàV+ETE_S[20250127-20250214],1,1,1,1,1,1,0,20250127,20250214
LIO_+SCO_LàV+SCO_S+PVS_LàV+PVS_S+ETE_LàV[20240401-],1,1,1,1,1,1,0,20240722,20250829
LIO_+SCO_LàV+SCO_S+PVS_LàV+PVS_S+PVS_DF+ETE_DF,1,1,1,1,1,1,1,20240721,20250831
LIO_+SCO_LàV+SCO_S+PVS_LàV+PVS_S[20240901-],1,1,1,1,1,1,0,20240902,20250704
LIO_+SCO_LàV+SCO_S+PVS_LàV+PVS_S[20240902-],1,1,1,1,1,1,0,20240902,20250704
LIO_+SCO_LàV+SCO_S+PVS_LàV+PVS_S[20240916-],1,1,1,1,1,1,0,20240916,20250704
LIO_+SCO_LàV+SCO_S+PVS_S+ETE_S[20240902-],1,1,1,1,1,1,0,20240902,20250830
LIO_+SCO_LàV+SCO_S+SCO_DF+PVS_LàV+PVS_S+PVS_DF+ETE_DF+1er_Mai+SCO_F+PVS_F+ETE_F,1,1,1,1,1,1,1,20240721,20250831
LIO_+SCO_LàV+SCO_S+SCO_DF+PVS_LàV+PVS_S+PVS_DF+ETE_L[20250208-20250310],1,1,1,1,1,1,1,20250208,20250310
LIO_+SCO_LàV+SCO_S+SCO_DF+PVS_LàV+PVS_S+PVS_DF+ETE_LàV+ETE_S+ETE_DF+1er_Mai+SCO_F+PVS_F+ETE_F,1,1,1,1,1,1,1,20240720,20250831
LIO_+SCO_LàV+SCO_S+SCO_DF+PVS_LàV+PVS_S+PVS_DF+ETE_LàV+ETE_S+ETE_DF+1er_Mai+SCO_F+PVS_F+ETE_F~5-INT-FS~5-INT-VRS-sans-ETE,1,1,1,1,0,1,0,20240720,20250831
"LIO_+SCO_LàV+SCO_S+SCO_DF+PVS_LàV+PVS_S+PVS_DF+ETE_LàV+ETE_S+ETE_DF+1er_Mai+SCO_F[20240706-20250127,20250214-]",1,1,1,1,1,1,1,20240720,20250831
LIO_+SCO_LàV+SCO_S+SCO_DF+PVS_LàV+PVS_S+PVS_DF+ETE_LàV+ETE_S+ETE_DF+1er_Mai+SCO_F[20250127-20250214],1,1,1,1,1,1,1,20250127,20250214
LIO_+SCO_LàV+SCO_S+SCO_DF+PVS_LàV+PVS_S+PVS_DF+ETE_LàV+ETE_S+ETE_DF+1er_Mai[20241215-],1,1,1,1,1,1,1,20241215,20250831
LIO_+SCO_LàV+SCO_S+SCO_DF+PVS_LàV+PVS_S+PVS_DF+ETE_LàV+ETE_S+ETE_DF[20240401-],1,1,1,1,1,1,1,20240720,20250831
LIO_+SCO_LàV+SCO_S+SCO_DF+PVS_LàV+PVS_S+PVS_DF+ETE_LàV+ETE_S+ETE_DF[20240601-],1,1,1,1,1,1,1,20240720,20250831
LIO_+SCO_LàV+SCO_S+SCO_DF+PVS_LàV+PVS_S+PVS_DF+ETE_LàV+ETE_S+ETE_DF[20240902-20241031],1,1,1,1,1,1,1,20240902,20241031
LIO_+SCO_LàV+SCO_S+SCO_DF+PVS_LàV+PVS_S+PVS_DF+ETE_LàV+ETE_S+ETE_DF[20240902-],1,1,1,1,1,1,1,20240902,20250831
LIO_+SCO_LàV+SCO_S+SCO_DF+PVS_LàV+PVS_S+PVS_DF+ETE_LàV+ETE_S+ETE_DF[20241215-20250704],1,1,1,1,1,1,1,20241215,20250704
LIO_+SCO_LàV+SCO_S+SCO_DF+PVS_LàV+PVS_S+PVS_DF+ETE_LàV+ETE_S+ETE_DF[20250401-],1,1,1,1,1,1,1,20250401,20250831
LIO_+SCO_LàV+SCO_S+SCO_DF+PVS_LàV+PVS_S+PVS_DF+ETE_LàV+ETE_S+ETE_DF~SCO_F~PVS_F~ETE_F[20240901-],1,1,1,1,1,1,1,20240901,20250831
LIO_+SCO_LàV+SCO_S+SCO_DF+PVS_LàV+PVS_S+PVS_DF+ETE_LàV+ETE_S+ETE_DF~SCO_F~PVS_F~ETE_F[20240902-],1,1,1,1,1,1,1,20240902,20250831
LIO_+SCO_LàV+SCO_S+SCO_DF+PVS_LàV+PVS_S+PVS_DF+ETE_LàV+ETE_S+ETE_DF~SCO_F~PVS_F~ETE_F[20240916-],1,1,1,1,1,1,1,20240916,20250831
LIO_+SCO_LàV+SCO_S+SCO_DF+PVS_LàV+PVS_S+PVS_DF+ETE_LàV+ETE_S+ETE_DF~SCO_F~PVS_F~ETE_F[20241118-20250330],1,1,1,1,1,1,1,20241118,20250330
LIO_+SCO_LàV+SCO_S+SCO_DF+PVS_LàV+PVS_S+PVS_DF+ETE_LàV[20240902-],1,1,1,1,1,1,1,20240902,20250829
LIO_+SCO_LàV+SCO_S+SCO_DF+PVS_LàV+PVS_S+PVS_DF[20240902-],1,1,1,1,1,1,1,20240902,20250704
"LIO_+SCO_LàV+SCO_S+SCO_DF+PVS_LàV+PVS_S+PVS_DF[20241223-20250208,20250310-20250331]",1,1,1,1,1,1,1,20241223,20250331
LIO_+SCO_LàV+SCO_S+SCO_DF+PVS_LàV+PVS_S+PVS_DF[20250208-20250310],1,1,1,1,1,1,1,20250208,20250310
LIO_+SCO_LàV+SCO_S+SCO_DF+PVS_S+PVS_DF+ETE_S+ETE_DF,1,1,1,1,1,1,1,20240720,20250831
LIO_+SCO_LàV+SCO_S+SCO_DF+PVS_S+PVS_DF[20241214-20241222],1,1,1,1,1,1,1,20241214,20241222
LIO_+SCO_LàV+SCO_S[20240901-],1,1,1,1,1,1,0,20240902,20250704
LIO_+SCO_LàV+SCO_S[20240902-],1,1,1,1,1,1,0,20240902,20250704
LIO_+SCO_LàV[20240321-],1,1,1,1,1,0,0,20240902,20250704
LIO_+SCO_LàV[20240401-],1,1,1,1,1,0,0,20240902,20250704
LIO_+SCO_LàV[20240506-20241213],1,1,1,1,1,0,0,20240902,20241213
LIO_+SCO_LàV[20240601-],1,1,1,1,1,0,0,20240902,20250704
LIO_+SCO_LàV[20240706-20241214],1,1,1,1,1,0,0,20240902,20241213
LIO_+SCO_LàV[20240722-],1,1,1,1,1,0,0,20240902,20250704
LIO_+SCO_LàV[20240829-],1,1,1,1,1,0,0,20240902,20250704
LIO_+SCO_LàV[20240901-20241214],1,1,1,1,1,0,0,20240902,20241213
LIO_+SCO_LàV[20240901-],1,1,1,1,1,0,0,20240902,20250704
LIO_+SCO_LàV[20240902-],1,1,1,1,1,0,0,20240902,20250704
LIO_+SCO_LàV[20240916-],1,1,1,1,1,0,0,20240916,20250704
LIO_+SCO_LàV[20240923-],1,1,1,1,1,0,0,20240923,20250704
LIO_+SCO_LàV[20241104-20250531],1,1,1,1,1,0,0,20241104,20250528
LIO_+SCO_LàV[20241104-],1,1,1,1,1,0,0,20241104,20250704
LIO_+SCO_LàV[20241125-20241214],1,1,1,1,1,0,0,20241125,20241213
LIO_+SCO_LàV[20241125-],1,1,1,1,1,0,0,20241125,20250704
LIO_+SCO_LàV[20241202-],1,1,1,1,1,0,0,20241202,20250704
LIO_+SCO_LàV[20241214-20241222],1,1,1,1,1,1,1,20241216,20241220
LIO_+SCO_LàV[20241214-20250331],1,1,1,1,1,0,0,20241216,20250331
LIO_+SCO_LàV[20241215-],1,1,1,1,1,0,0,20241216,20250704
LIO_+SCO_LàV[20250120-],1,1,1,1,1,0,0,20250120,20250704
LIO_+SCO_LàV~1er_Mai[20240723-],1,1,1,1,1,0,0,20240902,20250704
LIO_+SCO_LàV~SCO_L[20240829-],0,1,1,1,1,0,0,20240903,20250704
LIO_+SCO_LàV~SCO_L~1er_Mai[20240723-],0,1,1,1,1,0,0,20240903,20250704
LIO_+SCO_LàV~SCO_m[20240829-],1,1,0,1,1,0,0,20240902,20250704
LIO_+SCO_LàV~SCO_m~1er_Mai[20240723-],1,1,0,1,1,0,0,20240902,20250704
LIO_+SCO_M+PVS_M+ETE_M[20240902-],0,1,0,0,0,0,0,20240903,20250826
"LIO_+SCO_M+SCO_J+PVS_M+PVS_J+ETE_M+ETE_J[-20240415,20241031-]",0,1,0,1,0,0,0,20241105,20250828
LIO_+SCO_M+SCO_J+PVS_M+PVS_J+ETE_M+ETE_J[20240415-20241031],0,1,0,1,0,0,0,20240723,20241031
LIO_+SCO_M+SCO_J~1er_Mai[20240723-],0,1,0,1,0,0,0,20240903,20250703
LIO_+SCO_M+SCO_S+PVS_M+PVS_S+ETE_M+ETE_S,0,1,0,0,0,1,0,20240720,20250830
LIO_+SCO_M+SCO_V+PVS_M+PVS_V,0,1,0,0,1,0,0,20240903,20250704
LIO_+SCO_M+SCO_m+SCO_J+PVS_L+PVS_M+PVS_m+PVS_J+ETE_L+ETE_M+ETE_m+ETE_J[20240902-],0,1,1,1,0,0,0,20240903,20250828
LIO_+SCO_M+SCO_m+SCO_J+SCO_V+PVS_LàV+ETE_LàV,0,1,1,1,1,0,0,20240722,20250829
LIO_+SCO_M+SCO_m+SCO_J+SCO_V+PVS_M+PVS_m+PVS_J+PVS_V+ETE_M+ETE_m+ETE_J+ETE_V[20240901-],0,1,1,1,1,0,0,20240903,20250829
LIO_+SCO_M+SCO_m+SCO_J+SCO_V+PVS_M+PVS_m+PVS_J+PVS_V+ETE_M+ETE_m+ETE_J+ETE_V[20240902-],0,1,1,1,1,0,0,20240903,20250829
LIO_+SCO_M+SCO_m+SCO_J+SCO_V+PVS_M+PVS_m+PVS_J+PVS_V[20240901-],0,1,1,1,1,0,0,20240903,20250704
LIO_+SCO_M+SCO_m+SCO_J+SCO_V+SCO_S+PVS_M+PVS_m+PVS_J+PVS_V+PVS_S+ETE_M+ETE_m+ETE_J+ETE_V+ETE_S[20240901-],0,1,1,1,1,1,0,20240903,20250830
LIO_+SCO_M+SCO_m+SCO_J+SCO_V[20240901-],0,1,1,1,1,0,0,20240903,20250704
LIO_+SCO_M+SCO_m+SCO_J+SCO_V[20240902-],0,1,1,1,1,0,0,20240903,20250704
LIO_+SCO_M+SCO_m+SCO_J+SCO_V[20241202-],0,1,1,1,1,0,0,20241203,20250704
LIO_+SCO_M+SCO_m+SCO_J[20240902-],0,1,1,1,0,0,0,20240903,20250703
LIO_+SCO_S+PVS_LàV+PVS_S+ETE_LàV+ETE_S+ETE_DF[20240902-],0,0,0,0,0,1,0,20240907,20250831
LIO_+SCO_S+PVS_LàV+PVS_S+ETE_LàV+ETE_S[20240902-],0,0,0,0,0,1,0,20240907,20250830
LIO_+SCO_S+PVS_LàV+PVS_S+ETE_S[20240916-],0,0,0,0,0,1,0,20240921,20250830
LIO_+SCO_S+PVS_LàV+PVS_S+ETE_S~1er_Mai[20240723-],0,0,0,0,0,1,0,20240727,20250830
LIO_+SCO_S+PVS_LàV+PVS_S[20240902-],0,0,0,0,0,1,0,20240907,20250628
LIO_+SCO_S+PVS_S+ETE_LàV+ETE_S[20240902-],0,0,0,0,0,1,0,20240907,20250830
LIO_+SCO_S+PVS_S+ETE_LàV[20240902-],0,0,0,0,0,1,0,20240907,20250829
LIO_+SCO_S+PVS_S+ETE_S,0,0,0,0,0,1,0,20240720,20250830
LIO_+SCO_S+PVS_S+ETE_S[-20241215],0,0,0,0,0,1,0,20240720,20241214
LIO_+SCO_S+PVS_S+ETE_S[20240310-20241129],0,0,0,0,0,1,0,20240720,20241123
LIO_+SCO_S+PVS_S+ETE_S[20240401-20241031],0,0,0,0,0,1,0,20240720,20241026
LIO_+SCO_S+PVS_S+ETE_S[20240401-],0,0,0,0,0,1,0,20240720,20250830
LIO_+SCO_S+PVS_S+ETE_S[20240415-20241031],0,0,0,0,0,1,0,20240720,20241026
LIO_+SCO_S+PVS_S+ETE_S[20240506-20241213],0,0,0,0,0,1,0,20240720,20241207
LIO_+SCO_S+PVS_S+ETE_S[20240603-20241103],0,0,0,0,0,1,0,20240720,20241102
LIO_+SCO_S+PVS_S+ETE_S[20240706-20241214],0,0,0,0,0,1,0,20240720,20241214
LIO_+SCO_S+PVS_S+ETE_S[20240829-],0,0,0,0,0,1,0,20240831,20250830
LIO_+SCO_S+PVS_S+ETE_S[20240901-20241214],0,0,0,0,0,1,0,20240907,20241214
LIO_+SCO_S+PVS_S+ETE_S[20240901-],0,0,0,0,0,1,0,20240907,20250830
LIO_+SCO_S+PVS_S+ETE_S[20240902-],0,0,0,0,0,1,0,20240907,20250830
LIO_+SCO_S+PVS_S+ETE_S[20241104-20250531],0,0,0,0,0,1,0,20241109,20250531
LIO_+SCO_S+PVS_S+ETE_S[20241125-],0,0,0,0,0,1,0,20241130,20250830
LIO_+SCO_S+PVS_S+ETE_S[20241130-20250309],0,0,0,0,0,1,0,20241130,20250308
LIO_+SCO_S+PVS_S+ETE_S[20241214-20250331],0,0,0,0,0,1,0,20241214,20250329
LIO_+SCO_S+PVS_S+ETE_S[20241215-20250704],0,0,0,0,0,1,0,20241221,20250628
LIO_+SCO_S+PVS_S+ETE_S[20241215-],0,0,0,0,0,1,0,20241221,20250830
LIO_+SCO_S+PVS_S+ETE_S[20250120-],0,0,0,0,0,1,0,20250125,20250830
LIO_+SCO_S+PVS_S+ETE_S~1er_Mai[20240723-],0,0,0,0,0,1,0,20240727,20250830
LIO_+SCO_S+PVS_S[20240901-],0,0,0,0,0,1,0,20240907,20250628
LIO_+SCO_S+PVS_S[20240902-],0,0,0,0,0,1,0,20240907,20250628
LIO_+SCO_S+PVS_S[20241104-20250531],0,0,0,0,0,1,0,20241109,20250531
LIO_+SCO_S+PVS_S[20241221-20250331],0,0,0,0,0,1,0,20241221,20250329
LIO_+SCO_S+PVS_m+PVS_S,0,0,0,0,0,1,0,20240907,20250628
LIO_+SCO_S+PVS_m+PVS_S+ETE_S,0,0,0,0,0,1,0,20240720,20250830
LIO_+SCO_S+PVS_m+PVS_S+ETE_m+ETE_S,0,0,0,0,0,1,0,20240720,20250830
LIO_+SCO_S+SCO_DF+PVS_LàV+PVS_S+PVS_DF+ETE_LàV+ETE_S+ETE_DF[20240601-],0,0,0,0,0,1,1,20240720,20250831
LIO_+SCO_S+SCO_DF+PVS_LàV+PVS_S+PVS_DF+ETE_LàV+ETE_S+ETE_DF[20240902-],0,0,0,0,0,1,1,20240907,20250831
LIO_+SCO_S+SCO_DF+PVS_LàV+PVS_S+PVS_DF[20241221-20250316],0,0,0,0,0,1,1,20241221,20250316
"LIO_+SCO_S+SCO_DF+PVS_LàV+PVS_S+PVS_DF[20241223-20250208,20250310-20250331]",0,0,0,0,0,1,1,20241223,20250330
LIO_+SCO_S+SCO_DF+PVS_S+PVS_DF+ETE_LàV+ETE_S+ETE_DF[20240902-],0,0,0,0,0,1,1,20240907,20250831
LIO_+SCO_S+SCO_DF+PVS_S+PVS_DF+ETE_S+ETE_DF,0,0,0,0,0,1,1,20240720,20250831
LIO_+SCO_S+SCO_DF+PVS_S+PVS_DF+ETE_S+ETE_DF+1er_Mai,0,0,0,0,0,1,1,20240720,20250831
LIO_+SCO_S+SCO_DF+PVS_S+PVS_DF+ETE_S+ETE_DF+1er_Mai+SCO_F+PVS_F+ETE_F,0,0,0,0,0,1,1,20240720,20250831
"LIO_+SCO_S+SCO_DF+PVS_S+PVS_DF+ETE_S+ETE_DF+1er_Mai+SCO_F+PVS_F+ETE_F[20240706-20250127,20250214-]",0,0,0,0,0,1,1,20240720,20250831
LIO_+SCO_S+SCO_DF+PVS_S+PVS_DF+ETE_S+ETE_DF+1er_Mai+SCO_F+PVS_F+ETE_F[20250127-20250214],1,1,1,1,1,1,1,20250201,20250209
LIO_+SCO_S+SCO_DF+PVS_S+PVS_DF+ETE_S+ETE_DF+1er_Mai[-20241215],0,0,0,0,0,1,1,20240720,20241215
LIO_+SCO_S+SCO_DF+PVS_S+PVS_DF+ETE_S+ETE_DF+1er_Mai[20241215-],0,0,0,0,0,1,1,20241215,20250831
LIO_+SCO_S+SCO_DF+PVS_S+PVS_DF+ETE_S+ETE_DF[20240321-],0,0,0,0,0,1,1,20240720,20250831
LIO_+SCO_S+SCO_DF+PVS_S+PVS_DF+ETE_S+ETE_DF[20240401-],0,0,0,0,0,1,1,20240720,20250831
LIO_+SCO_S+SCO_DF+PVS_S+PVS_DF+ETE_S+ETE_DF[20240506-20241213],0,0,0,0,0,1,1,20240720,20241208
LIO_+SCO_S+SCO_DF+PVS_S+PVS_DF+ETE_S+ETE_DF[20240601-],0,0,0,0,0,1,1,20240720,20250831
LIO_+SCO_S+SCO_DF+PVS_S+PVS_DF+ETE_S+ETE_DF[20240603-20241103],0,0,0,0,0,1,1,20240720,20241103
LIO_+SCO_S+SCO_DF+PVS_S+PVS_DF+ETE_S+ETE_DF[20240829-],0,0,0,0,0,1,1,20240831,20250831
LIO_+SCO_S+SCO_DF+PVS_S+PVS_DF+ETE_S+ETE_DF[20240901-20241214],0,0,0,0,0,1,1,20240901,20241214
LIO_+SCO_S+SCO_DF+PVS_S+PVS_DF+ETE_S+ETE_DF[20240901-],0,0,0,0,0,1,1,20240901,20250831
LIO_+SCO_S+SCO_DF+PVS_S+PVS_DF+ETE_S+ETE_DF[20240902-],0,0,0,0,0,1,1,20240907,20250831
LIO_+SCO_S+SCO_DF+PVS_S+PVS_DF+ETE_S+ETE_DF[20241214-20250331],0,0,0,0,0,1,1,20241214,20250330
LIO_+SCO_S+SCO_DF+PVS_S+PVS_DF+ETE_S+ETE_DF[20241215-20250704],0,0,0,0,0,1,1,20241215,20250629
LIO_+SCO_S+SCO_DF+PVS_S+PVS_DF+ETE_S+ETE_DF[20250120-],0,0,0,0,0,1,1,20250125,20250831
LIO_+SCO_S+SCO_DF+PVS_S+PVS_DF+ETE_S+ETE_DF~SCO_F~PVS_F~ETE_F[20240916-],0,0,0,0,0,1,1,20240921,20250831
LIO_+SCO_S+SCO_DF+PVS_S+PVS_DF[20240902-],0,0,0,0,0,1,1,20240907,20250629
LIO_+SCO_S+SCO_DF+PVS_S+PVS_DF[20241214-20241222],1,1,1,1,1,1,1,20241214,20241222
"LIO_+SCO_S+SCO_DF+PVS_S+PVS_DF[20241223-20250208,20250310-20250331]",0,0,0,0,0,1,1,20241225,20250330
LIO_+SCO_S+SCO_DF+PVS_S+PVS_DF[20250208-20250310],0,0,0,0,0,1,1,20250208,20250309
LIO_+SCO_S[20240901-],0,0,0,0,0,1,0,20240907,20250628
LIO_+SCO_S[20240902-],0,0,0,0,0,1,0,20240907,20250628
LIO_+SCO_V+PVS_V+ETE_M+ETE_V[20240902-],0,0,0,0,1,0,0,20240906,20250829
LIO_+SCO_V+PVS_V+ETE_V,0,0,0,0,1,0,0,20240726,20250829
LIO_+SCO_V+PVS_V+ETE_V[20240321-],0,0,0,0,1,0,0,20240726,20250829
LIO_+SCO_V+PVS_V+ETE_V[20240829-],0,0,0,0,1,0,0,20240830,20250829
LIO_+SCO_V+PVS_V+ETE_V[20240901-],0,0,0,0,1,0,0,20240906,20250829
LIO_+SCO_V+PVS_V+ETE_V[20240902-],0,0,0,0,1,0,0,20240906,20250829
LIO_+SCO_V+PVS_V[20240902-],0,0,0,0,1,0,0,20240906,20250704
LIO_+SCO_V+SCO_S+PVS_V+PVS_S+ETE_V+ETE_S[20241215-],0,0,0,0,1,1,0,20241220,20250830
LIO_+SCO_V[20240401-],0,0,0,0,1,0,0,20240906,20250704
LIO_+SCO_V[20240901-],0,0,0,0,1,0,0,20240906,20250704
LIO_+SCO_V[20240902-],0,0,0,0,1,0,0,20240906,20250704
LIO_+SCO_V[20241202-],0,0,0,0,1,0,0,20241206,20250704
LIO_+SCO_V~1er_Mai[20240723-],0,0,0,0,1,0,0,20240906,20250704
LIO_+SCO_m+PVS_LàV+ETE_LàV,0,0,1,0,0,0,0,20240722,20250829
LIO_+SCO_m+PVS_LàV+ETE_LàV+ETE_DF[20240506-20241213],0,0,1,0,0,0,0,20240721,20241211
LIO_+SCO_m+PVS_LàV+ETE_LàV+ETE_DF[20241214-20250331],0,0,1,0,0,0,0,20241218,20250326
LIO_+SCO_m+PVS_LàV+ETE_LàV[20240506-20241213],0,0,1,0,0,0,0,20240722,20241211
LIO_+SCO_m+PVS_LàV+ETE_LàV[20240603-20241103],1,1,1,1,1,0,0,20240722,20241031
LIO_+SCO_m+PVS_LàV+ETE_LàV[20240902-],0,0,1,0,0,0,0,20240904,20250829
LIO_+SCO_m+PVS_LàV+ETE_LàV[20241214-20250331],0,0,1,0,0,0,0,20241218,20250326
LIO_+SCO_m+PVS_LàV[20240902-],0,0,1,0,0,0,0,20240904,20250702
LIO_+SCO_m+PVS_LàV[20241104-20250531],0,0,1,0,0,0,0,20241106,20250530
LIO_+SCO_m+PVS_m+ETE_m[20240401-],0,0,1,0,0,0,0,20240724,20250827
LIO_+SCO_m+PVS_m+ETE_m[20240901-],0,0,1,0,0,0,0,20240904,20250827
LIO_+SCO_m+PVS_m+PVS_V[20240902-],0,0,1,0,0,0,0,20240904,20250702
LIO_+SCO_m+PVS_m[20240902-],0,0,1,0,0,0,0,20240904,20250702
LIO_+SCO_m+SCO_S+PVS_LàV+PVS_S+ETE_LàV+ETE_S[20240902-],0,0,1,0,0,1,0,20240904,20250830
"LIO_+SCO_m+SCO_S+SCO_DF+PVS_LàV+PVS_S+PVS_DF[20241223-20250208,20250310-20250331]",0,0,1,0,0,1,1,20241223,20250330
LIO_+SCO_m+SCO_S+SCO_DF+PVS_S+PVS_DF[20241214-20241222],1,1,1,1,1,1,1,20241214,20241222
LIO_+SCO_m+SCO_S[20240901-],0,0,1,0,0,1,0,20240904,20250702
LIO_+SCO_m+SCO_S[20240916-],0,0,1,0,0,1,0,20240918,20250702
LIO_+SCO_m[20240321-],0,0,1,0,0,0,0,20240904,20250702
LIO_+SCO_m[20240401-],0,0,1,0,0,0,0,20240904,20250702
LIO_+SCO_m[20240506-20241213],0,0,1,0,0,0,0,20240904,20241211
LIO_+SCO_m[20240601-],0,0,1,0,0,0,0,20240904,20250702
LIO_+SCO_m[20240706-20241214],0,0,1,0,0,0,0,20240904,20241211
LIO_+SCO_m[20240722-],0,0,1,0,0,0,0,20240904,20250702
LIO_+SCO_m[20240829-],0,0,1,0,0,0,0,20240904,20250702
LIO_+SCO_m[20240901-],0,0,1,0,0,0,0,20240904,20250702
LIO_+SCO_m[20240902-],0,0,1,0,0,0,0,20240904,20250702
LIO_+SCO_m[20240916-],0,0,1,0,0,0,0,20240918,20250702
LIO_+SCO_m[20240923-],0,0,1,0,0,0,0,20240925,20250702
LIO_+SCO_m[20241104-20250531],0,0,1,0,0,0,0,20241106,20250528
LIO_+SCO_m[20241125-20241214],0,0,1,0,0,0,0,20241127,20241211
LIO_+SCO_m[20241125-],0,0,1,0,0,0,0,20241127,20250702
LIO_+SCO_m[20241214-20241222],1,1,1,1,1,1,1,20241218,20241218
LIO_+SCO_m[20241214-20250331],0,0,1,0,0,0,0,20241218,20250326
LIO_+SCO_m[20241215-],0,0,1,0,0,0,0,20241218,20250702
LIO_+SCO_m[20250120-],0,0,1,0,0,0,0,20250122,20250702
LIO_+SCO_m~1er_Mai[20240723-],0,0,1,0,0,0,0,20240904,20250702
LIO_34-1097,1,1,1,1,1,1,0,20240902,20250705
LIO_34-1098,0,0,0,0,0,0,0,20241019,20250530
LIO_34-1100,1,1,1,1,1,0,0,20240902,20250704
LIO_34-1101,1,1,1,1,1,0,0,20240902,20250704
LIO_34-1102,1,1,1,1,1,1,0,20240902,20250705
LIO_34-1103,1,1,1,1,1,0,0,20240902,20250704
LIO_34-1104,1,1,0,1,1,0,0,20240902,20250704
LIO_34-1105,0,0,1,0,0,0,0,20240904,20250702
LIO_34-1106,0,0,1,0,0,0,0,20240904,20250702
LIO_34-1107,0,0,0,0,1,0,0,20240906,20250704
LIO_34-1108,0,0,0,0,0,1,0,20240907,20250705
LIO_34-1112,1,0,0,0,0,0,0,20240902,20250630
LIO_34-1114,0,1,0,0,0,0,0,20240903,20250701
LIO_34-1115,1,1,0,1,1,1,0,20240902,20250705
LIO_34-1118,1,1,1,1,0,0,0,20240902,20250703
LIO_34-1119,0,0,1,0,0,0,0,20240904,20250709
LIO_34-1120,0,0,1,0,0,1,0,20240904,20250705
LIO_34-1122,1,0,0,0,0,0,0,20240902,20250630
LIO_34-1124,0,0,0,0,1,0,0,20240906,20250704
LIO_34-1126,0,0,0,0,0,0,0,20241025,20250530
LIO_34-1127,0,0,0,0,1,0,0,20240906,20250704
LIO_34-1132,0,0,0,0,0,0,1,20240908,20250629
LIO_34-1133,0,0,0,0,0,1,0,20240907,20250705
LIO_34-1134,1,1,1,1,1,1,1,20240902,20250705
LIO_34-1135,1,1,1,1,1,1,1,20250706,20250714
LIO_34-1137,1,1,1,1,1,1,1,20250707,20250711
LIO_34-1139,1,0,0,0,0,0,0,20240902,20250630
LIO_34-1140,1,1,1,1,1,0,0,20240902,20250711
LIO_34-1142,0,0,0,0,0,0,1,20240908,20250629
LIO_34-1143,1,1,1,1,0,1,0,20240902,20250705
LIO_34-1144,1,1,1,1,1,1,1,20250712,20250712
LIO_34-1146,1,1,1,1,1,1,1,20250707,20250712
LIO_34-1147,1,1,1,1,1,1,1,20250706,20250714
LIO_34-1149,0,0,0,0,0,0,0,20241021,20250530
LIO_34-1150,0,0,0,0,0,0,0,20241019,20250426
LIO_34-1152,0,0,0,0,0,1,0,20240907,20250705
LIO_34-1171,1,1,1,1,1,1,0,20240902,20250705
LIO_34-1172,0,0,0,0,0,0,1,20240908,20250629
LIO_34-1173,0,0,0,0,0,0,1,20240908,20250629
LIO_34-1176,1,1,1,1,1,1,1,20240902,20250705
LIO_34-1178,0,0,0,0,0,0,0,20241021,20250530
LIO_34-1179,1,1,1,1,1,1,0,20240902,20250705
LIO_34-1180,0,0,0,0,0,1,0,20240907,20250705
LIO_34-1182,0,0,0,0,1,0,0,20240906,20250704
LIO_34-1188,1,1,1,1,1,0,0,20240906,20250704
LIO_34-1196,1,1,1,1,1,0,0,20240913,20250704
LIO_34-1290,0,0,0,0,0,0,1,20240908,20250629
LIO_34-1531,1,1,0,1,1,0,0,20241010,20250704
LIO_34-1533,1,1,1,1,1,0,0,20241014,20250704
LIO_34-1777,0,0,1,0,0,0,0,20241120,20250702
LIO_34-1778,1,1,0,1,1,0,0,20241115,20250704
LIO_34-1780,1,1,1,1,1,1,0,20241115,20250705
LIO_34-1781,0,0,0,0,0,0,0,20241221,20250530
LIO_34-1782,1,1,0,1,1,1,0,20241115,20250705
LIO_34-1783,0,0,1,0,0,1,0,20241116,20250705
LIO_34-1784,0,0,0,0,0,1,0,20241116,20250705
LIO_34-1792,1,1,1,1,1,0,0,20241108,20250704
LIO_34-1814,1,1,1,1,1,1,0,20241120,20250705
LIO_34-1815,0,0,0,0,0,0,0,20241221,20250530
LIO_34-1816,1,1,0,1,1,1,0,20241121,20250705
LIO_34-1817,0,0,1,0,0,1,0,20241120,20250705
LIO_34-1819,0,0,1,0,0,0,0,20241120,20250702
LIO_34-1820,1,1,0,1,1,0,0,20241121,20250704
LIO_34-1821,1,1,1,1,1,0,0,20241125,20250704
LIO_34-1997,1,1,1,1,1,0,0,20241202,20250704
LIO_34-2006,0,0,0,0,0,1,0,20241207,20250705
LIO_34-2011,1,0,1,1,1,0,0,20241202,20250704
LIO_34-2012,1,1,0,1,1,0,0,20241202,20250704
LIO_34-2014,0,0,1,0,0,0,0,20241204,20250702
LIO_34-2017,0,0,0,0,1,0,0,20241018,20250704
LIO_34-2152,0,0,1,0,0,0,0,20241211,20250702
LIO_34-2153,1,1,1,1,1,0,0,20241209,20250704
LIO_34-2155,0,0,0,0,0,0,0,20241223,20250530
LIO_34-2187,0,0,0,0,0,0,1,20241222,20250223
LIO_34-2189,0,0,0,0,0,1,0,20241221,20250222
LIO_34-2191,0,0,0,1,0,0,0,20241219,20250102
LIO_34-2193,0,0,1,0,0,0,0,20241218,20250226
LIO_34-2194,0,0,0,1,0,0,0,20241219,20250109
LIO_34-2195,0,0,0,0,1,0,0,20241220,20250228
LIO_34-2196,0,1,0,0,0,0,0,20241224,20250107
LIO_34-2197,1,0,0,0,0,0,0,20241216,20250224
LIO_34-2198,0,1,0,0,0,0,0,20250114,20250225
LIO_34-224,0,0,0,0,0,1,0,20240720,20241026
LIO_34-2265,0,0,0,0,0,0,0,20240715,20250530
LIO_34-2266,0,0,0,0,0,1,0,20240907,20250712
LIO_34-2267,0,0,1,0,0,1,0,20240904,20250712
LIO_34-2268,1,1,0,1,1,1,0,20240715,20250712
LIO_34-2269,0,0,0,0,0,0,0,20240717,20250423
LIO_34-227,0,0,0,0,0,1,0,20240907,20241102
LIO_34-2271,1,1,0,1,1,1,0,20240902,20250712
LIO_34-2273,0,0,0,0,0,0,0,20240715,20250530
LIO_34-2274,1,1,1,1,1,0,0,20240715,20250711
LIO_34-2276,1,1,1,1,0,1,0,20240715,20250712
LIO_34-2279,0,0,0,1,0,0,0,20240718,20250710
LIO_34-2280,0,0,1,0,0,1,0,20240717,20250712
LIO_34-2282,1,1,0,1,1,0,0,20240715,20250711
LIO_34-2284,0,0,0,0,0,0,0,20240715,20250530
LIO_34-2286,1,0,0,0,0,0,0,20240715,20250707
LIO_34-2287,0,1,0,0,0,0,0,20240716,20250708
LIO_34-2288,0,0,0,0,0,1,0,20240720,20250712
LIO_34-2290,0,0,0,0,0,0,0,20240715,20250426
LIO_34-2291,1,1,0,1,0,1,0,20240902,20250712
LIO_34-2293,0,0,0,0,0,0,0,20240715,20250530
LIO_34-2295,1,1,1,1,1,1,1,20240715,20250714
LIO_34-2297,0,0,0,0,1,0,0,20240719,20250711
LIO_34-2299,0,0,0,0,1,0,0,20240906,20250711
LIO_34-2300,0,0,0,0,0,0,1,20240721,20250714
LIO_34-2302,1,1,1,1,1,1,1,20240715,20250714
LIO_34-2304,1,1,1,1,1,1,0,20240715,20250714
LIO_34-2307,1,0,1,1,0,1,0,20240715,20250712
LIO_34-2309,0,0,0,0,0,0,1,20240721,20250713
LIO_34-231,1,1,1,1,1,1,0,20240902,20250712
LIO_34-2311,0,1,0,0,1,0,0,20240716,20250711
LIO_34-2313,0,0,0,0,0,0,0,20240717,20250426
LIO_34-2315,0,0,1,0,1,0,0,20240904,20250711
LIO_34-2317,0,0,0,0,0,0,0,20240716,20250426
LIO_34-2319,0,0,0,0,0,0,0,20240716,20250424
LIO_34-232,1,1,1,1,1,1,0,20240715,20250712
LIO_34-2321,0,1,0,1,0,0,0,20240716,20250710
LIO_34-2322,0,1,0,1,0,1,0,20240716,20250712
LIO_34-233,1,1,0,1,1,0,0,20240902,20250711
LIO_34-2345,0,0,0,0,0,0,0,20241019,20250530
LIO_34-2346,0,0,1,0,1,1,0,20240717,20250712
LIO_34-2347,0,0,0,0,1,0,0,20240927,20250711
LIO_34-2348,1,1,1,1,1,1,0,20240715,20250714
LIO_34-2349,1,1,1,1,1,0,0,20241014,20250711
LIO_34-2350,1,1,1,1,1,1,0,20241115,20250712
LIO_34-2351,1,1,1,1,0,0,0,20240715,20250710
LIO_34-2352,1,1,1,1,1,1,0,20241120,20250712
LIO_34-2353,0,0,0,0,0,1,0,20241130,20250712
LIO_34-2354,0,0,0,0,0,0,0,20240720,20250426
LIO_34-2355,1,1,1,1,1,0,0,20241202,20250711
LIO_34-2356,0,0,0,0,0,0,0,20240715,20250530
LIO_34-2357,0,0,0,0,0,0,0,20241221,20250530
LIO_34-2358,0,0,1,0,0,0,0,20240717,20250709
LIO_34-2359,1,1,0,1,0,1,0,20241202,20250712
LIO_34-2360,0,0,0,0,0,0,0,20240716,20250422
LIO_34-2361,1,1,1,1,1,1,0,20241202,20250712
LIO_34-2362,0,0,0,0,0,0,0,20241223,20250530
LIO_34-2363,1,0,1,1,1,1,0,20241202,20250712
LIO_34-2364,1,1,1,1,1,1,0,20241204,20250712
LIO_34-2365,1,1,1,1,1,1,0,20240902,20250712
LIO_34-2366,0,0,0,1,0,0,0,20241212,20250710
LIO_34-2367,0,0,0,0,0,0,1,20240929,20250714
LIO_34-2368,0,0,0,0,0,0,0,20241226,20250424
LIO_34-2369,0,0,1,0,0,0,0,20241211,20250709
LIO_34-2370,1,1,1,1,1,1,0,20240923,20250712
LIO_34-2371,1,1,1,1,1,0,0,20241209,20250711
LIO_34-2372,0,0,0,0,0,1,0,20240928,20250712
LIO_34-2373,1,1,1,1,1,0,0,20241218,20250711
LIO_34-2374,1,1,1,1,1,1,0,20241218,20250712
LIO_34-2375,1,1,1,1,0,1,0,20240923,20250712
LIO_34-2376,1,1,1,1,1,0,0,20241218,20250711
LIO_34-2378,1,1,0,1,1,1,0,20241219,20250712
LIO_34-365,1,1,0,1,1,0,0,20240902,20250704
LIO_5-INT-FS,0,0,0,0,1,0,0,20240906,20250704
LIO_5-INT-VRS-sans-ETE,0,0,0,0,0,0,1,20240908,20250629
LIO_ETE_LMmJVSDF,0,0,0,0,0,0,0,20240720,20250831
LIO_ETE_LàV,0,0,0,0,0,0,0,20240722,20250829
LIO_ETE_m,0,0,0,0,0,0,0,20240724,20250827
LIO_PVS_LàV,0,0,0,0,0,0,0,20241021,20250530
LIO_SCO_L,1,0,0,0,0,0,0,20240902,20250630
LIO_SCO_LàV,1,1,1,1,1,0,0,20240902,20250704
LIO_SCO_V,0,0,0,0,1,0,0,20240906,20250704
LIO_SCO_m,0,0,1,0,0,0,0,20240904,20250702
MAC_1,1,0,0,1,0,0,0,20241224,20261231
MAC_2,0,1,1,0,1,0,0,20241224,20261231
MAC_3,1,1,1,1,1,1,1,20241224,20261231
MAC_4,1,1,1,1,1,0,0,20241224,20261231
MAC_5,1,1,1,1,1,1,1,20241224,20261231
MAN_07910040834,0,0,0,0,0,1,0,20251020,20261231
MAN_07910040851,0,0,0,0,0,1,0,20251020,20261231
MAN_07910040908,0,0,0,0,0,1,0,20251020,20261231
MAN_07910040925,0,0,0,0,0,1,0,20251020,20261231
MAN_07910040942,0,0,0,0,0,1,0,20251020,20261231
MAN_07910040959,0,0,0,0,0,1,0,20251020,20261231
MAN_07910041016,0,0,0,0,0,1,0,20251020,20261231
MAN_07910041033,0,0,0,0,0,1,0,20251020,20261231
MAN_07910041050,0,0,0,0,0,1,0,20251020,20261231
MAN_07910041107,0,0,0,0,0,1,0,20251020,20261231
MAN_07910041124,0,0,0,0,0,1,0,20251020,20261231
MAN_07910041141,0,0,0,0,0,1,0,20251020,20261231
MAN_07910041158,0,0,0,0,0,1,0,20251020,20261231
MAN_07910041215,0,0,0,0,0,1,0,20251020,20261231
MAN_07910041232,0,0,0,0,0,1,0,20251020,20261231
MAN_07910041249,0,0,0,0,0,1,0,20251020,20261231
MAN_07910041306,0,0,0,0,0,1,0,20251020,20261231
MAN_07910041323,0,0,0,0,0,1,0,20251020,20261231
MAN_07910041340,0,0,0,0,0,1,0,20251020,20261231
MAN_07910041357,0,0,0,0,0,1,0,20251020,20261231
MAN_07910041414,0,0,0,0,0,1,0,20251020,20261231
MAN_07910041431,0,0,0,0,0,1,0,20251020,20261231
MAN_07910041448,0,0,0,0,0,1,0,20251020,20261231
MAN_07910041505,0,0,0,0,0,1,0,20251020,20261231
MAN_07910041522,0,0,0,0,0,1,0,20251020,20261231
MAN_07910041539,0,0,0,0,0,1,0,20251020,20261231
MAN_07910041556,0,0,0,0,0,1,0,20251020,20261231
MAN_07910041613,0,0,0,0,0,1,0,20251020,20261231
MAN_07910041630,0,0,0,0,0,1,0,20251020,20261231
MAN_07910041647,0,0,0,0,0,1,0,20251020,20261231
MAN_07910041704,0,0,0,0,0,1,0,20251020,20261231
MAN_07910041721,0,0,0,0,0,1,0,20251020,20261231
MAN_07910041738,0,0,0,0,0,1,0,20251020,20261231
MAN_07910041755,0,0,0,0,0,1,0,20251020,20261231
MAN_07910041812,0,0,0,0,0,1,0,20251020,20261231
MAN_07910041829,0,0,0,0,0,1,0,20251020,20261231
MAN_07910041846,0,0,0,0,0,1,0,20251020,20261231
MAN_07910041903,0,0,0,0,0,1,0,20251020,20261231
MAN_07910041920,0,0,0,0,0,1,0,20251020,20261231
MAN_07910041937,0,0,0,0,0,1,0,20251020,20261231
MAN_07910041954,0,0,0,0,0,1,0,20251020,20261231
MAN_07910042011,0,0,0,0,0,1,0,20251020,20261231
MAN_07910042028,0,0,0,0,0,1,0,20251020,20261231
MAN_07910042045,0,0,0,0,0,1,0,20251020,20261231
MAN_07910042119,0,0,0,0,0,1,0,20251020,20261231
MAN_07910042203,0,0,0,0,0,1,0,20251020,20261231
MAN_07910050537,0,0,0,0,0,1,0,20251020,20261231
MAN_07910050611,0,0,0,0,0,1,0,20251020,20261231
MAN_07910050641,0,0,0,0,0,1,0,20251020,20261231
MAN_07910050702,0,0,0,0,0,1,0,20251020,20261231
MAN_07910050722,0,0,0,0,0,1,0,20251020,20261231
MAN_07910050743,0,0,0,0,0,1,0,20251020,20261231
MAN_07910050804,0,0,0,0,0,1,0,20251020,20261231
MAN_07910050825,0,0,0,0,0,1,0,20251020,20261231
MAN_07910102102,0,0,0,0,0,1,0,20251020,20261231
MAN_07910102136,0,0,0,0,0,1,0,20251020,20261231
MAN_07910102241,0,0,0,0,0,1,0,20251020,20261231
MAN_07910110520,0,0,0,0,0,1,0,20251020,20261231
MAN_07920040534,0,0,0,0,0,1,0,20251020,20261231
MAN_07920040604,0,0,0,0,0,1,0,20251020,20261231
MAN_07920040634,0,0,0,0,0,1,0,20251020,20261231
MAN_07920040700,0,0,0,0,0,1,0,20251020,20261231
MAN_07920040715,0,0,0,0,0,1,0,20251020,20261231
MAN_07920040735,0,0,0,0,0,1,0,20251020,20261231
MAN_07920040755,0,0,0,0,0,1,0,20251020,20261231
MAN_07920040816,0,0,0,0,0,1,0,20251020,20261231
MAN_07920040835,0,0,0,0,0,1,0,20251020,20261231
MAN_07920040855,0,0,0,0,0,1,0,20251020,20261231
MAN_07920040915,0,0,0,0,0,1,0,20251020,20261231
MAN_07920040935,0,0,0,0,0,1,0,20251020,20261231
MAN_07920040955,0,0,0,0,0,1,0,20251020,20261231
MAN_07920041015,0,0,0,0,0,1,0,20251020,20261231
MAN_07920041035,0,0,0,0,0,1,0,20251020,20261231
MAN_07920041055,0,0,0,0,0,1,0,20251020,20261231
MAN_07920041115,0,0,0,0,0,1,0,20251020,20261231
MAN_07920041135,0,0,0,0,0,1,0,20251020,20261231
MAN_07920041155,0,0,0,0,0,1,0,20251020,20261231
MAN_07920041215,0,0,0,0,0,1,0,20251020,20261231
MAN_07920041235,0,0,0,0,0,1,0,20251020,20261231
MAN_07920041255,0,0,0,0,0,1,0,20251020,20261231
MAN_07920041315,0,0,0,0,0,1,0,20251020,20261231
MAN_07920041335,0,0,0,0,0,1,0,20251020,20261231
MAN_07920041355,0,0,0,0,0,1,0,20251020,20261231
MAN_07920041415,0,0,0,0,0,1,0,20251020,20261231
MAN_07920041435,0,0,0,0,0,1,0,20251020,20261231
MAN_07920041455,0,0,0,0,0,1,0,20251020,20261231
MAN_07920041515,0,0,0,0,0,1,0,20251020,20261231
MAN_07920041535,0,0,0,0,0,1,0,20251020,20261231
MAN_07920041555,0,0,0,0,0,1,0,20251020,20261231
MAN_07920041615,0,0,0,0,0,1,0,20251020,20261231
MAN_07920041635,0,0,0,0,0,1,0,20251020,20261231
MAN_07920041655,0,0,0,0,0,1,0,20251020,20261231
MAN_07920041715,0,0,0,0,0,1,0,20251020,20261231
MAN_07920041735,0,0,0,0,0,1,0,20251020,20261231
MAN_07920041755,0,0,0,0,0,1,0,20251020,20261231
MAN_07920041815,0,0,0,0,0,1,0,20251020,20261231
MAN_07920041835,0,0,0,0,0,1,0,20251020,20261231
MAN_07920041855,0,0,0,0,0,1,0,20251020,20261231
MAN_07920041915,0,0,0,0,0,1,0,20251020,20261231
MAN_07920041935,0,0,0,0,0,1,0,20251020,20261231
MAN_07920041955,0,0,0,0,0,1,0,20251020,20261231
MAN_07920042015,0,0,0,0,0,1,0,20251020,20261231
MAN_07920042035,0,0,0,0,0,1,0,20251020,20261231
MAN_07920042055,0,0,0,0,0,1,0,20251020,20261231
MAN_07920042115,0,0,0,0,0,1,0,20251020,20261231
MAN_07920042135,0,0,0,0,0,1,0,20251020,20261231
MAN_07920042155,0,0,0,0,0,1,0,20251020,20261231
MAN_07920052215,0,0,0,0,0,1,0,20251020,20261231
MAN_07920120520,0,0,0,0,0,1,0,20251020,20261231
MAN_07930050917,0,0,0,0,0,1,0,20251020,20261231
MAN_07930051217,0,0,0,0,0,1,0,20251020,20261231
MAN_07930051517,0,0,0,0,0,1,0,20251020,20261231
MAN_07930051817,0,0,0,0,0,1,0,20251020,20261231
MAN_07930062117,0,0,0,0,0,1,0,20251020,20261231
MAN_07930080830,0,0,0,0,0,1,0,20251020,20261231
MAN_07930090847,0,0,0,0,0,1,0,20251020,20261231
MAN_07930090947,0,0,0,0,0,1,0,20251020,20261231
MAN_07930091017,0,0,0,0,0,1,0,20251020,20261231
MAN_07930091047,0,0,0,0,0,1,0,20251020,20261231
MAN_07930091117,0,0,0,0,0,1,0,20251020,20261231
MAN_07930091147,0,0,0,0,0,1,0,20251020,20261231
MAN_07930091247,0,0,0,0,0,1,0,20251020,20261231
MAN_07930091317,0,0,0,0,0,1,0,20251020,20261231
MAN_07930091347,0,0,0,0,0,1,0,20251020,20261231
MAN_07930091417,0,0,0,0,0,1,0,20251020,20261231
MAN_07930091447,0,0,0,0,0,1,0,20251020,20261231
MAN_07930091547,0,0,0,0,0,1,0,20251020,20261231
MAN_07930091617,0,0,0,0,0,1,0,20251020,20261231
MAN_07930091647,0,0,0,0,0,1,0,20251020,20261231
MAN_07930091717,0,0,0,0,0,1,0,20251020,20261231
MAN_07930091747,0,0,0,0,0,1,0,20251020,20261231
MAN_07930091847,0,0,0,0,0,1,0,20251020,20261231
MAN_07930091917,0,0,0,0,0,1,0,20251020,20261231
MAN_07930091947,0,0,0,0,0,1,0,20251020,20261231
MAN_07930092017,0,0,0,0,0,1,0,20251020,20261231
MAN_07930092047,0,0,0,0,0,1,0,20251020,20261231
MAN_07940140840,0,0,0,0,0,1,0,20251020,20261231
MAN_07940140920,0,0,0,0,0,1,0,20251020,20261231
MAN_07940141000,0,0,0,0,0,1,0,20251020,20261231
MAN_07940141040,0,0,0,0,0,1,0,20251020,20261231
MAN_07940141120,0,0,0,0,0,1,0,20251020,20261231
MAN_07940141200,0,0,0,0,0,1,0,20251020,20261231
MAN_07940141240,0,0,0,0,0,1,0,20251020,20261231
MAN_07940141320,0,0,0,0,0,1,0,20251020,20261231
MAN_07940141600,0,0,0,0,0,1,0,20251020,20261231
MAN_07940141640,0,0,0,0,0,1,0,20251020,20261231
MAN_07940141720,0,0,0,0,0,1,0,20251020,20261231
MAN_07940141800,0,0,0,0,0,1,0,20251020,20261231
MAN_07940141840,0,0,0,0,0,1,0,20251020,20261231
MAN_07940141920,0,0,0,0,0,1,0,20251020,20261231
MAN_07940142000,0,0,0,0,0,1,0,20251020,20261231
MAN_07940142040,0,0,0,0,0,1,0,20251020,20261231
MAN_07940142120,0,0,0,0,0,1,0,20251020,20261231
MAN_07950031110,0,0,0,0,0,0,1,20250120,20261231
MAN_07950031218,0,0,0,0,0,0,1,20250120,20261231
MAN_07950031326,0,0,0,0,0,0,1,20250120,20261231
MAN_07950031710,0,0,0,0,0,0,1,20250120,20261231
MAN_07950031818,0,0,0,0,0,0,1,20250120,20261231
MAN_07950031926,0,0,0,0,0,0,1,20250120,20261231
MAN_07950110910,0,0,0,0,0,1,0,20180521,20261231
MAN_07950111010,0,0,0,0,0,1,0,20180521,20261231
MAN_07950111110,0,0,0,0,0,1,0,20180521,20261231
MAN_07950111210,0,0,0,0,0,1,0,20180521,20261231
MAN_07950111310,0,0,0,0,0,1,0,20180521,20261231
MAN_07950111610,0,0,0,0,0,1,0,20180521,20261231
MAN_07950111710,0,0,0,0,0,1,0,20180521,20261231
MAN_07950111810,0,0,0,0,0,1,0,20180521,20261231
MAN_07950111910,0,0,0,0,0,1,0,20180521,20261231
MAN_07950112010,0,0,0,0,0,1,0,20180521,20261231
MAN_07950112110,0,0,0,0,0,1,0,20180521,20261231
MAN_07951060940,0,0,0,0,0,1,0,20241104,20261231
MAN_07951061040,0,0,0,0,0,1,0,20241104,20261231
MAN_07951061140,0,0,0,0,0,1,0,20241104,20261231
MAN_07951061148,0,0,0,0,0,0,1,20250120,20261231
MAN_07951061240,0,0,0,0,0,1,0,20241104,20261231
MAN_07951061256,0,0,0,0,0,0,1,20241104,20261231
MAN_07951061640,0,0,0,0,0,1,0,20241104,20261231
MAN_07951061740,0,0,0,0,0,1,0,20241104,20261231
MAN_07951061748,0,0,0,0,0,0,1,20250120,20261231
MAN_07951061840,0,0,0,0,0,1,0,20241104,20261231
MAN_07951061856,0,0,0,0,0,0,1,20250120,20261231
MAN_07951061940,0,0,0,0,0,1,0,20241104,20261231
MAN_07951062040,0,0,0,0,0,1,0,20250120,20261231
MAN_07951062140,0,0,0,0,0,1,0,20250120,20261231
MAN_07951090857,0,0,0,0,0,1,0,20180521,20261231
MAN_07951091057,0,0,0,0,0,0,1,20250106,20261231
MAN_07951091557,0,0,0,0,0,1,0,20180521,20261231
MAN_07951091657,0,0,0,0,0,0,1,20250106,20261231
MAN_07951101340,0,0,0,0,0,1,0,20241104,20261231
MAN_07951101404,0,0,0,0,0,0,1,20250120,20261231
MAN_07951102004,0,0,0,0,0,0,1,20250120,20261231
MAN_07960060800,0,0,0,0,0,0,1,20251112,20261231
MAN_07960060840,0,0,0,0,0,0,1,20251112,20261231
MAN_07960060920,0,0,0,0,0,0,1,20251112,20261231
MAN_07960061000,0,0,0,0,0,0,1,20251112,20261231
MAN_07960061040,0,0,0,0,0,0,1,20251112,20261231
MAN_07960061120,0,0,0,0,0,0,1,20251112,20261231
MAN_07960061200,0,0,0,0,0,0,1,20251112,20261231
MAN_07960061240,0,0,0,0,0,0,1,20251112,20261231
MAN_07960061320,0,0,0,0,0,0,1,20251112,20261231
MAN_07960061400,0,0,0,0,0,0,1,20251112,20261231
MAN_07960061440,0,0,0,0,0,0,1,20251112,20261231
MAN_07960061520,0,0,0,0,0,0,1,20251112,20261231
MAN_07960061600,0,0,0,0,0,0,1,20251112,20261231
MAN_07960061640,0,0,0,0,0,0,1,20251112,20261231
MAN_07960061720,0,0,0,0,0,0,1,20251112,20261231
MAN_07960061800,0,0,0,0,0,0,1,20251112,20261231
MAN_07960061840,0,0,0,0,0,0,1,20251112,20261231
MAN_07960061920,0,0,0,0,0,0,1,20251112,20261231
MAN_07960062000,0,0,0,0,0,0,1,20251112,20261231
MAN_07960062040,0,0,0,0,0,0,1,20251112,20261231
MAN_07960062120,0,0,0,0,0,0,1,20251112,20261231
MAN_07960062200,0,0,0,0,0,0,1,20251112,20261231
MAN_07970110843,0,0,0,0,0,0,1,20251020,20261231
MAN_07970110923,0,0,0,0,0,0,1,20251020,20261231
MAN_07970111003,0,0,0,0,0,0,1,20251020,20261231
MAN_07970111043,0,0,0,0,0,0,1,20251020,20261231
MAN_07970111123,0,0,0,0,0,0,1,20251020,20261231
MAN_07970111203,0,0,0,0,0,0,1,20251020,20261231
MAN_07970111243,0,0,0,0,0,0,1,20251020,20261231
MAN_07970111323,0,0,0,0,0,0,1,20251020,20261231
MAN_07970111403,0,0,0,0,0,0,1,20251020,20261231
MAN_07970111443,0,0,0,0,0,0,1,20251020,20261231
MAN_07970111523,0,0,0,0,0,0,1,20251020,20261231
MAN_07970111603,0,0,0,0,0,0,1,20251020,20261231
MAN_07970111643,0,0,0,0,0,0,1,20251020,20261231
MAN_07970111723,0,0,0,0,0,0,1,20251020,20261231
MAN_07970111803,0,0,0,0,0,0,1,20251020,20261231
MAN_07980020005,0,0,0,0,0,0,1,20250120,20261231
MAN_07980020551,0,0,0,0,0,1,0,20250120,20261231
MAN_07980020651,0,0,0,0,0,1,0,20250120,20261231
MAN_07980020750,0,0,0,0,0,1,0,20250120,20261231
MAN_07980020820,0,0,0,0,0,1,0,20250120,20261231
MAN_07980020821,0,0,0,0,0,0,1,20250120,20261231
MAN_07980020850,0,0,0,0,0,1,0,20250120,20261231
MAN_07980020920,0,0,0,0,0,1,0,20250120,20261231
MAN_07980020921,0,0,0,0,0,0,1,20250120,20261231
MAN_07980020950,0,0,0,0,0,1,0,20250120,20261231
MAN_07980021020,0,0,0,0,0,1,0,20250120,20261231
MAN_07980021021,0,0,0,0,0,0,1,20250120,20261231
MAN_07980021045,0,0,0,0,0,1,0,20250120,20261231
MAN_07980021120,0,0,0,0,0,1,0,20250120,20261231
MAN_07980021121,0,0,0,0,0,0,1,20250120,20261231
MAN_07980021155,0,0,0,0,0,1,0,20250120,20261231
MAN_07980021220,0,0,0,0,0,0,1,20250120,20261231
MAN_07980021230,0,0,0,0,0,1,0,20250120,20261231
MAN_07980021305,0,0,0,0,0,1,0,20250120,20261231
MAN_07980021320,0,0,0,0,0,0,1,20250120,20261231
MAN_07980021340,0,0,0,0,0,1,0,20250120,20261231
MAN_07980021415,0,0,0,0,0,1,0,20250120,20261231
MAN_07980021422,0,0,0,0,0,0,1,20250120,20261231
MAN_07980021450,0,0,0,0,0,1,0,20250120,20261231
MAN_07980021520,0,0,0,0,0,0,1,20250120,20261231
MAN_07980021525,0,0,0,0,0,1,0,20250120,20261231
MAN_07980021600,0,0,0,0,0,1,0,20250120,20261231
MAN_07980021620,0,0,0,0,0,0,1,20250120,20261231
MAN_07980021635,0,0,0,0,0,1,0,20250120,20261231
MAN_07980021711,0,0,0,0,0,1,0,20250120,20261231
MAN_07980021720,0,0,0,0,0,0,1,20250120,20261231
MAN_07980021745,0,0,0,0,0,1,0,20250120,20261231
MAN_07980021820,0,0,0,0,0,1,0,20250120,20261231
MAN_07980021821,0,0,0,0,0,0,1,20250120,20261231
MAN_07980021855,0,0,0,0,0,1,0,20250120,20261231
MAN_07980021921,0,0,0,0,0,0,1,20250120,20261231
MAN_07980021930,0,0,0,0,0,1,0,20250120,20261231
MAN_07980022005,0,0,0,0,0,1,0,20250120,20261231
MAN_07980022020,0,0,0,0,0,0,1,20250120,20261231
MAN_07980022040,0,0,0,0,0,1,0,20250120,20261231
MAN_07980022115,0,0,0,0,0,1,0,20250120,20261231
MAN_07980022121,0,0,0,0,0,0,1,20250120,20261231
MAN_07980022150,0,0,0,0,0,1,0,20250120,20261231
MAN_07980022220,0,0,0,0,0,0,1,20250120,20261231
MAN_07980022300,0,0,0,0,0,1,0,20250120,20261231
MAN_07980022320,0,0,0,0,0,0,1,20250120,20261231
MAN_07981060522,0,0,0,0,0,1,0,20250120,20261231
MAN_07981060616,0,0,0,0,0,1,0,20250120,20261231
MAN_07981060715,0,0,0,0,0,1,0,20250120,20261231
MAN_07981060745,0,0,0,0,0,1,0,20250120,20261231
MAN_07981060750,0,0,0,0,0,0,1,20250120,20261231
MAN_07981060815,0,0,0,0,0,1,0,20250120,20261231
MAN_07981060845,0,0,0,0,0,1,0,20250120,20261231
MAN_07981060850,0,0,0,0,0,0,1,20250120,20261231
MAN_07981060915,0,0,0,0,0,1,0,20250120,20261231
MAN_07981060945,0,0,0,0,0,1,0,20250120,20261231
MAN_07981060950,0,0,0,0,0,0,1,20250120,20261231
MAN_07981061015,0,0,0,0,0,1,0,20250120,20261231
MAN_07981061045,0,0,0,0,0,1,0,20250120,20261231
MAN_07981061050,0,0,0,0,0,0,1,20250120,20261231
MAN_07981061120,0,0,0,0,0,1,0,20250120,20261231
MAN_07981061150,0,0,0,0,0,0,1,20250120,20261231
MAN_07981061155,0,0,0,0,0,1,0,20250120,20261231
MAN_07981061230,0,0,0,0,0,1,0,20250120,20261231
MAN_07981061251,0,0,0,0,0,0,1,20250120,20261231
MAN_07981061305,0,0,0,0,0,1,0,20250120,20261231
MAN_07981061340,0,0,0,0,0,1,0,20250120,20261231
MAN_07981061350,0,0,0,0,0,0,1,20250120,20261231
MAN_07981061415,0,0,0,0,0,1,0,20250120,20261231
MAN_07981061450,0,0,0,0,0,1,0,20250120,20261231
MAN_07981061451,0,0,0,0,0,0,1,20250120,20261231
MAN_07981061525,0,0,0,0,0,1,0,20250120,20261231
MAN_07981061550,0,0,0,0,0,0,1,20250120,20261231
MAN_07981061600,0,0,0,0,0,1,0,20250120,20261231
MAN_07981061635,0,0,0,0,0,1,0,20250120,20261231
MAN_07981061650,0,0,0,0,0,0,1,20250120,20261231
MAN_07981061711,0,0,0,0,0,1,0,20250120,20261231
MAN_07981061745,0,0,0,0,0,1,0,20250120,20261231
MAN_07981061750,0,0,0,0,0,0,1,20250120,20261231
MAN_07981061820,0,0,0,0,0,1,0,20250120,20261231
MAN_07981061850,0,0,0,0,0,0,1,20250120,20261231
MAN_07981061855,0,0,0,0,0,1,0,20250120,20261231
MAN_07981061930,0,0,0,0,0,1,0,20250120,20261231
MAN_07981061950,0,0,0,0,0,0,1,20250120,20261231
MAN_07981062005,0,0,0,0,0,1,0,20250120,20261231
MAN_07981062040,0,0,0,0,0,1,0,20250120,20261231
MAN_07981062050,0,0,0,0,0,0,1,20250120,20261231
MAN_07981062115,0,0,0,0,0,1,0,20250120,20261231
MAN_07981062150,0,0,0,0,0,1,0,20250120,20261231
MAN_07981062151,0,0,0,0,0,0,1,20250120,20261231
MAN_07981062225,0,0,0,0,0,1,0,20250120,20261231
MAN_07981062250,0,0,0,0,0,0,1,20250120,20261231
MAN_07981062325,0,0,0,0,0,1,0,20250120,20261231
MAN_08010022130,0,0,0,0,0,1,0,20251020,20261231
MAN_08010022213,0,0,0,0,0,1,0,20251020,20261231
MAN_08010022250,0,0,0,0,0,1,0,20251020,20261231
MAN_08010022333,0,0,0,0,0,1,0,20251020,20261231
MAN_08011022155,0,0,0,0,0,1,0,20251020,20261231
MAN_08011022238,0,0,0,0,0,1,0,20251020,20261231
MAN_08011022315,0,0,0,0,0,1,0,20251020,20261231
MAN_08011022358,0,0,0,0,0,1,0,20251020,20261231
MAN_08020022130,0,0,0,0,0,1,0,20251020,20261231
MAN_08020022207,0,0,0,0,0,1,0,20251020,20261231
MAN_08020022250,0,0,0,0,0,1,0,20251020,20261231
MAN_08020022327,0,0,0,0,0,1,0,20251020,20261231
MAN_08021022151,0,0,0,0,0,1,0,20251020,20261231
MAN_08021022228,0,0,0,0,0,1,0,20251020,20261231
MAN_08021022311,0,0,0,0,0,1,0,20251020,20261231
MAN_08021022348,0,0,0,0,0,1,0,20251020,20261231
MAS_D,0,0,0,0,0,0,1,20250901,20260831
MAS_LMXJV,1,1,1,1,1,0,0,20250901,20260831
MAS_LMXJV-A-CONCA,1,1,1,1,1,0,0,20260801,20260831
MAS_LMXJV-A-LTV,1,1,1,1,1,0,0,20260801,20260831
MAS_LMXJV-CONCA,1,1,1,1,1,0,0,20250901,20260731
MAS_LMXJV-LTV,1,1,1,1,1,0,0,20250901,20260731
MAS_N2-LMXJV,1,1,1,1,1,0,0,20250908,20260619
MAS_N2-LMXJV-JA,1,1,1,1,1,0,0,20260701,20260831
MAS_N2-LMXJV-NL,0,0,0,0,0,0,0,20250901,20260630
MAS_S,0,0,0,0,0,1,0,20250901,20260831
MAS_T7-LMXJV,1,1,1,1,1,0,0,20250901,20260630
MAS_T7-LMXJV-JA,1,1,1,1,1,0,0,20260701,20260831
MON_1,1,1,1,1,1,0,0,20251217,20261231
MON_2,1,1,1,1,1,0,0,20251217,20261231
MOR_1,0,1,0,0,0,0,0,20241114,20261231
OLO_A-1,1,1,1,1,1,0,0,20250101,20251231
OLO_A-2,1,1,1,1,1,0,0,20250101,20251231
OLO_A-3,1,1,1,1,1,0,0,20250625,20250907
OLO_B-1,1,1,1,1,1,0,0,20250101,20251231
OLO_B-2,1,1,1,1,1,0,0,20250901,20260630
OLO_C-1,1,1,1,1,1,0,0,20250701,20250831
OLO_C-2,1,1,1,1,1,0,0,20250101,20251231
OLO_C-3,1,1,1,1,1,0,0,20250901,20260630
OLO_D,1,1,1,1,1,0,0,20250101,20251231
OLO_E,0,0,0,0,0,1,0,20250101,20251231
OSO_04060020855,1,1,1,1,1,0,0,20211220,20261231
OSO_04060021355,1,1,1,1,1,0,0,20211220,20261231
OSO_04060022030,1,1,1,1,1,0,0,20211220,20261231
OSO_04060030630,1,1,1,1,1,0,0,20211220,20261231
OSO_04060050755,1,1,1,1,1,0,0,20211220,20261231
OSO_04060050955,1,1,1,1,1,0,0,20211220,20261231
OSO_04060051155,1,1,1,1,1,0,0,20211220,20261231
OSO_04060051455,1,1,1,1,1,0,0,20211220,20261231
OSO_04060051655,1,1,1,1,1,0,0,20211220,20261231
OSO_04060051855,1,1,1,1,1,0,0,20211220,20261231
OSO_04061021240,1,1,1,1,1,0,0,20211220,20261231
OSO_04061021340,1,1,1,1,1,0,0,20211220,20261231
OSO_04061021740,1,1,1,1,1,0,0,20211220,20261231
OSO_04061030635,1,1,1,1,1,0,0,20211220,20261231
OSO_04061030735,1,1,1,1,1,0,0,20211220,20261231
OSO_04061030835,1,1,1,1,1,0,0,20211220,20261231
OSO_04061031035,1,1,1,1,1,0,0,20211220,20261231
OSO_04061031535,1,1,1,1,1,0,0,20211220,20261231
OSO_04061031910,1,1,1,1,1,0,0,20211220,20261231
OSO_04061060520,1,1,1,1,1,0,0,20211220,20261231
OSO_04070010830,0,0,0,0,0,1,0,20180101,20261231
OSO_04070011425,0,0,0,0,0,1,1,20211220,20261231
OSO_04070012025,0,0,0,0,0,1,1,20211220,20261231
OSO_04070021025,0,0,0,0,0,1,1,20211220,20261231
OSO_04070021730,0,0,0,0,0,1,1,20180101,20261231
OSO_04071010900,0,0,0,0,0,1,1,20211220,20261231
OSO_04071011300,0,0,0,0,0,1,1,20211220,20261231
OSO_04071011900,0,0,0,0,0,1,1,20211220,20261231
OSO_04071020705,0,0,0,0,0,1,0,20211220,20261231
OSO_04071021605,0,0,0,0,0,1,0,20211220,20261231
OSO_04071021606,0,0,0,0,0,0,1,20180101,20261231
OSO_04310011237,1,1,1,1,1,0,0,20230901,20261231
OSO_04310020702,1,1,1,1,1,0,0,20230901,20261231
OSO_04310020812,1,1,1,1,1,0,0,20230901,20261231
OSO_04310020927,1,1,1,1,1,0,0,20230901,20261231
OSO_04310021457,1,1,1,1,1,0,0,20230901,20261231
OSO_04310021612,1,1,1,1,1,0,0,20230901,20261231
OSO_04310021722,1,1,1,1,1,0,0,20230901,20261231
OSO_04310031432,1,1,1,1,1,0,0,20230901,20261231
OSO_04310040612,1,1,1,1,1,0,0,20230901,20261231
OSO_04311020630,1,1,1,1,1,0,0,20230901,20261231
OSO_04311020740,1,1,1,1,1,0,0,20230901,20261231
OSO_04311020855,1,1,1,1,1,0,0,20230901,20261231
OSO_04311021005,1,1,1,1,1,0,0,20230901,20261231
OSO_04311021535,1,1,1,1,1,0,0,20230901,20261231
OSO_04311021650,1,1,1,1,1,0,0,20230901,20261231
OSO_04311031345,1,1,1,1,1,0,0,20230901,20261231
OSO_04311041449,1,1,1,1,1,0,0,20201105,20261231
OSO_04320011550,1,1,1,1,1,0,0,20230801,20261231
OSO_04320011650,1,1,1,1,1,0,0,20230801,20261231
OSO_04320020745,1,1,1,1,1,0,0,20230801,20261231
OSO_04320020830,1,1,1,1,1,0,0,20230801,20261231
OSO_04320021300,1,1,1,1,1,0,0,20230801,20261231
OSO_04320021425,1,1,1,1,1,0,0,20230801,20261231
OSO_04330011500,1,1,1,1,1,0,0,20231001,20261231
OSO_04330021315,1,1,1,1,1,0,0,20231001,20261231
OSO_04330021730,1,1,1,1,1,0,0,20231001,20261231
OSO_04330021915,1,1,1,1,1,0,0,20231001,20261231
OSO_04330022030,1,1,1,1,1,0,0,20231001,20261231
OSO_04330031130,1,1,1,1,1,1,0,20231001,20261231
OSO_04330040800,1,1,1,1,1,0,0,20231001,20261231
OSO_04330041000,1,1,1,1,1,0,0,20231001,20261231
OSO_04330041001,0,0,0,0,0,1,0,20231001,20261231
OSO_04330050750,0,0,0,0,0,1,0,20240701,20261231
OSO_04330071300,0,0,0,0,0,1,0,20240701,20261231
OSO_04330071915,0,0,0,0,0,1,0,20240701,20261231
OSO_04331010700,1,1,1,1,1,0,0,20231001,20261231
OSO_04331020700,0,0,0,0,0,1,0,20231001,20261231
OSO_04331020830,0,0,0,0,0,1,0,20231001,20261231
OSO_04331021530,0,0,0,0,0,1,0,20231001,20261231
OSO_04331030905,1,1,1,1,1,0,0,20231001,20261231
OSO_04331031350,1,1,1,1,1,0,0,20231001,20261231
OSO_04331031750,1,1,1,1,1,0,0,20231001,20261231
OSO_04331041200,1,1,1,1,1,0,0,20231001,20261231
OSO_04331041201,0,0,0,0,0,1,0,20231001,20261231
OSO_04331041545,1,1,1,1,1,0,0,20240701,20261231
OSO_04331051050,1,1,1,1,1,1,0,20231001,20261231
OSO_04331060625,1,1,1,1,1,0,0,20231001,20261231
OSO_04340010815,1,1,1,1,1,0,0,20231001,20261231
OSO_04340011715,1,1,1,1,1,0,0,20231001,20261231
OSO_04341010755,1,1,1,1,1,0,0,20231001,20261231
OSO_04341011700,1,1,1,1,1,0,0,20231001,20261231
OSO_04360010855,0,0,0,0,0,1,1,20220521,20261231
OSO_04360011345,0,0,0,0,0,1,1,20220521,20261231
OSO_04360011535,0,0,0,0,0,1,1,20220521,20261231
OSO_04360011825,0,0,0,0,0,1,1,20220521,20261231
OSO_04360021120,0,0,0,0,0,1,1,20220521,20261231
OSO_04360021220,0,0,0,0,0,1,1,20220521,20261231
OSO_04360021720,0,0,0,0,0,1,1,20220521,20261231
OSO_04361020805,0,0,0,0,0,1,1,20220521,20261231
OSO_04361021030,0,0,0,0,0,1,1,20220521,20261231
OSO_04361021440,0,0,0,0,0,1,1,20220521,20261231
OSO_04361021625,0,0,0,0,0,1,1,20220521,20261231
OSO_04361041155,0,0,0,0,0,1,1,20220521,20261231
OSO_04361041320,0,0,0,0,0,1,1,20220521,20261231
OSO_04361041755,0,0,0,0,0,1,1,20220521,20261231
OSO_04370011230,0,0,0,0,0,1,0,20231001,20261231
OSO_04370011330,1,1,1,1,1,0,0,20231001,20261231
OSO_04370030700,1,1,1,1,1,0,0,20231001,20261231
OSO_04370041415,1,1,1,1,1,0,0,20240701,20261231
OSO_04370051850,1,1,1,1,1,0,0,20240701,20261231
OSO_04371010810,0,0,0,0,0,1,0,20231001,20261231
OSO_04371010850,1,1,1,1,1,0,0,20231001,20261231
OSO_04371011340,0,0,0,0,0,1,0,20231001,20261231
OSO_04371011525,1,1,1,1,1,0,0,20231001,20261231
OSO_04371030725,1,1,1,1,1,0,0,20240701,20261231
OSO_04380010930,1,0,0,0,0,0,0,20240801,20261231
OSO_04381011040,1,0,0,0,0,0,0,20240801,20261231
OSO_04381021630,0,0,0,0,1,0,0,20240801,20261231
OSO_04410011910,1,1,1,1,1,0,0,20230901,20261231
OSO_04410021055,1,1,1,1,1,0,0,20210913,20261231
OSO_04410021550,1,1,1,1,1,0,0,20210913,20261231
OSO_04410071420,1,1,1,1,1,0,0,20210913,20261231
OSO_04410100700,1,1,1,1,1,0,0,20211108,20261231
OSO_04410110800,1,1,1,1,1,0,0,20211117,20261231
OSO_04410121550,1,1,1,1,1,0,0,20211108,20261231
OSO_04410130850,1,1,1,1,1,0,0,20230901,20261231
OSO_04410131710,1,1,1,1,1,0,0,20230901,20261231
OSO_04410141300,1,1,1,1,1,0,0,20230901,20261231
OSO_04411010610,1,1,1,1,1,0,0,20211108,20261231
OSO_04411021015,1,1,1,1,1,0,0,20180101,20261231
OSO_04411021510,1,1,1,1,1,0,0,20180101,20261231
OSO_04411041330,1,1,1,1,1,0,0,20210913,20261231
OSO_04411041815,1,1,1,1,1,0,0,20230901,20261231
OSO_04411050732,1,1,1,1,1,0,0,20211108,20261231
OSO_04411101515,1,1,1,1,1,0,0,20211108,20261231
OSO_04411120825,1,1,1,1,1,0,0,20230901,20261231
OSO_04411131635,1,1,1,1,1,0,0,20230901,20261231
OSO_04411141230,1,1,1,1,1,0,0,20230901,20261231
OSO_04460010945,1,1,1,1,1,0,0,20250616,20261231
OSO_04460011055,1,1,1,1,1,0,0,20250616,20261231
OSO_04460011510,1,1,1,1,1,0,0,20250616,20261231
OSO_04460011845,1,1,1,1,1,0,0,20250616,20261231
OSO_04460030750,1,1,1,1,1,0,0,20250616,20261231
OSO_04460031015,1,1,1,1,1,0,0,20250616,20261231
OSO_04460031225,0,0,0,0,0,1,1,20250616,20261231
OSO_04460032000,0,0,0,0,0,1,1,20250616,20261231
OSO_04460040720,1,1,1,1,1,0,0,20250616,20261231
OSO_04460040815,1,1,1,1,1,0,0,20250616,20261231
OSO_04460040830,1,1,1,1,1,0,0,20250616,20261231
OSO_04460040920,1,1,1,1,1,0,0,20250616,20261231
OSO_04460041005,0,0,0,0,0,1,1,20250616,20261231
OSO_04460041345,1,1,1,1,1,0,0,20250616,20261231
OSO_04460041440,1,1,1,1,1,0,0,20250616,20261231
OSO_04460041520,0,0,0,0,0,0,1,20250616,20261231
OSO_04460041550,1,1,1,1,1,0,0,20250616,20261231
OSO_04460041820,0,0,0,0,0,1,1,20250616,20261231
OSO_04460042050,0,0,0,0,0,1,1,20250616,20261231
OSO_04460042120,0,0,0,0,0,1,1,20250616,20261231
OSO_04460042200,0,0,0,0,0,1,1,20250616,20261231
OSO_04460042210,1,1,1,1,1,0,0,20250616,20261231
OSO_04460050500,1,1,1,1,1,0,0,20250616,20261231
OSO_04460050525,1,1,1,1,1,0,0,20250616,20261231
OSO_04460050545,1,1,1,1,1,0,0,20250616,20261231
OSO_04460050550,1,1,1,1,1,0,0,20250616,20261231
OSO_04460050610,1,1,1,1,1,0,0,20250616,20261231
OSO_04460050630,1,1,1,1,1,0,0,20250616,20261231
OSO_04460050645,1,1,1,1,1,0,0,20250616,20261231
OSO_04460050710,1,1,1,1,1,0,0,20250616,20261231
OSO_04460050720,1,1,1,1,1,0,0,20250616,20261231
OSO_04460050740,1,1,1,1,1,0,0,20250616,20261231
OSO_04460050800,1,1,1,1,1,1,0,20250616,20261231
OSO_04460050810,1,1,1,1,1,0,0,20250616,20261231
OSO_04460050825,1,1,1,1,1,0,0,20250616,20261231
OSO_04460050855,1,1,1,1,1,0,0,20250616,20261231
OSO_04460050925,1,1,1,1,1,0,0,20250616,20261231
OSO_04460051000,1,1,1,1,1,0,0,20250616,20261231
OSO_04460051020,1,1,1,1,1,0,0,20250616,20261231
OSO_04460051100,1,1,1,1,1,1,0,20250616,20261231
OSO_04460051120,1,1,1,1,1,0,0,20250616,20261231
OSO_04460051235,1,1,1,1,1,0,0,20250616,20261231
OSO_04460051300,0,0,0,0,0,1,0,20250616,20261231
OSO_04460051305,1,1,1,1,1,0,0,20250616,20261231
OSO_04460051345,1,1,1,1,1,0,0,20250616,20261231
OSO_04460051405,0,0,0,0,0,1,1,20250616,20261231
OSO_04460051420,1,1,1,1,1,0,0,20250616,20261231
OSO_04460051445,1,1,1,1,1,0,0,20250616,20261231
OSO_04460051505,1,1,1,1,1,0,0,20250616,20261231
OSO_04460051510,1,1,1,1,1,0,0,20250616,20261231
OSO_04460051530,1,1,1,1,1,0,0,20250616,20261231
OSO_04460051605,0,0,0,0,0,1,1,20250616,20261231
OSO_04460051625,1,1,1,1,1,0,0,20250616,20261231
OSO_04460051635,1,1,1,1,1,0,0,20250616,20261231
OSO_04460051655,1,1,1,1,1,0,0,20250616,20261231
OSO_04460051705,1,1,1,1,1,0,1,20250616,20261231
OSO_04460051715,1,1,1,1,1,0,0,20250616,20261231
OSO_04460051735,1,1,1,1,1,0,0,20250616,20261231
OSO_04460051750,1,1,1,1,1,0,0,20250616,20261231
OSO_04460051815,1,1,1,1,1,0,0,20250616,20261231
OSO_04460051830,1,1,1,1,1,0,0,20250616,20261231
OSO_04460051850,0,0,0,0,0,0,1,20250616,20261231
OSO_04460051900,1,1,1,1,1,0,0,20250616,20261231
OSO_04460051905,0,0,0,0,0,1,1,20250616,20261231
OSO_04460051930,1,1,1,1,1,0,0,20250616,20261231
OSO_04460052005,0,0,0,0,0,1,1,20250616,20261231
OSO_04460052020,1,1,1,1,1,0,0,20250616,20261231
OSO_04460052045,1,1,1,1,1,0,0,20250616,20261231
OSO_04460052150,0,0,0,0,0,1,1,20250616,20261231
OSO_04460052155,1,1,1,1,1,0,0,20250616,20261231
OSO_04461030625,1,1,1,1,1,0,0,20250428,20261231
OSO_04461030730,1,1,1,1,1,0,0,20250428,20261231
OSO_04461030830,1,1,1,1,1,0,0,20250428,20261231
OSO_04461030930,1,1,1,1,1,0,0,20250428,20261231
OSO_04461031100,0,0,0,0,0,1,1,20250428,20261231
OSO_04461031330,1,1,1,1,1,0,0,20250428,20261231
OSO_04461031705,1,1,1,1,1,0,0,20250428,20261231
OSO_04461031830,0,0,0,0,0,1,1,20250428,20261231
OSO_04461040600,1,1,1,1,1,0,0,20250428,20261231
OSO_04461040645,1,1,1,1,1,0,0,20250428,20261231
OSO_04461040710,1,1,1,1,1,0,0,20250428,20261231
OSO_04461040800,1,1,1,1,1,0,0,20250428,20261231
OSO_04461040845,0,0,0,0,0,1,1,20250428,20261231
OSO_04461041045,1,1,1,1,1,0,0,20250428,20261231
OSO_04461041220,1,1,1,1,1,0,0,20250428,20261231
OSO_04461041325,1,1,1,1,1,0,0,20250428,20261231
OSO_04461041400,0,0,0,0,0,0,1,20250428,20261231
OSO_04461041430,1,1,1,1,1,0,0,20250428,20261231
OSO_04461041500,1,1,1,1,1,0,0,20250428,20261231
OSO_04461041555,1,1,1,1,1,0,0,20250428,20261231
OSO_04461041700,0,0,0,0,0,1,1,20250428,20261231
OSO_04461041810,1,1,1,1,1,0,0,20250428,20261231
OSO_04461041930,0,0,0,0,0,1,1,20250428,20261231
OSO_04461042000,0,0,0,0,0,1,1,20250428,20261231
OSO_04461042040,1,1,1,1,1,0,0,20250428,20261231
OSO_04461042045,0,0,0,0,0,1,1,20250428,20261231
OSO_04461050530,1,1,1,1,1,0,0,20250428,20261231
OSO_04461050615,1,1,1,1,1,0,0,20250428,20261231
OSO_04461050635,1,1,1,1,1,0,0,20250428,20261231
OSO_04461050655,1,1,1,1,1,0,0,20250428,20261231
OSO_04461050700,1,1,1,1,1,1,0,20250428,20261231
OSO_04461050720,1,1,1,1,1,0,0,20250428,20261231
OSO_04461050745,1,1,1,1,1,0,0,20250428,20261231
OSO_04461050815,1,1,1,1,1,0,0,20250428,20261231
OSO_04461050855,1,1,1,1,1,0,0,20250428,20261231
OSO_04461050915,1,1,1,1,1,0,0,20250428,20261231
OSO_04461050945,1,1,1,1,1,0,0,20250428,20261231
OSO_04461051000,1,1,1,1,1,1,0,20250428,20261231
OSO_04461051015,1,1,1,1,1,0,0,20250428,20261231
OSO_04461051130,1,1,1,1,1,0,0,20250428,20261231
OSO_04461051200,1,1,1,1,1,1,0,20250428,20261231
OSO_04461051240,1,1,1,1,1,0,0,20250428,20261231
OSO_04461051300,0,0,0,0,0,1,1,20250428,20261231
OSO_04461051315,1,1,1,1,1,0,0,20250428,20261231
OSO_04461051340,1,1,1,1,1,0,0,20250428,20261231
OSO_04461051400,1,1,1,1,1,0,0,20250428,20261231
OSO_04461051415,1,1,1,1,1,0,0,20250428,20261231
OSO_04461051425,1,1,1,1,1,0,0,20250428,20261231
OSO_04461051500,0,0,0,0,0,1,1,20250428,20261231
OSO_04461051520,1,1,1,1,1,0,0,20250428,20261231
OSO_04461051530,1,1,1,1,1,0,0,20250428,20261231
OSO_04461051545,1,1,1,1,1,0,0,20250428,20261231
OSO_04461051600,1,1,1,1,1,0,1,20250428,20261231
OSO_04461051610,1,1,1,1,1,0,0,20250428,20261231
OSO_04461051620,1,1,1,1,1,0,0,20250428,20261231
OSO_04461051630,1,1,1,1,1,0,0,20250428,20261231
OSO_04461051645,1,1,1,1,1,0,0,20250428,20261231
OSO_04461051710,1,1,1,1,1,0,0,20250428,20261231
OSO_04461051725,1,1,1,1,1,0,0,20250428,20261231
OSO_04461051745,0,0,0,0,0,0,1,20250428,20261231
OSO_04461051755,1,1,1,1,1,0,0,20250428,20261231
OSO_04461051800,0,0,0,0,0,1,1,20250428,20261231
OSO_04461051825,1,1,1,1,1,0,0,20250428,20261231
OSO_04461051900,0,0,0,0,0,1,1,20250428,20261231
OSO_04461051915,1,1,1,1,1,0,0,20250428,20261231
OSO_04461051940,1,1,1,1,1,0,0,20250428,20261231
OSO_04461052030,0,0,0,0,0,0,1,20250428,20261231
OSO_04461052050,1,1,1,1,1,0,0,20250428,20261231
OSO_04461052200,1,1,1,1,1,0,0,20250428,20261231
OSO_04490010700,0,0,0,0,0,0,1,20230502,20261231
OSO_04490010925,0,0,0,0,0,0,1,20230502,20261231
OSO_04490011150,0,0,0,0,0,0,1,20230502,20261231
OSO_04490011300,0,0,0,0,0,0,1,20230502,20261231
OSO_04490011525,0,0,0,0,0,0,1,20230502,20261231
OSO_04490011750,0,0,0,0,0,0,1,20230502,20261231
OSO_04490012015,0,0,0,0,0,0,1,20230502,20261231
OSO_04491010820,0,0,0,0,0,0,1,20230501,20261231
OSO_04491011045,0,0,0,0,0,0,1,20230501,20261231
OSO_04491011310,0,0,0,0,0,0,1,20230501,20261231
OSO_04491011420,0,0,0,0,0,0,1,20230501,20261231
OSO_04491011645,0,0,0,0,0,0,1,20230501,20261231
OSO_04491011910,0,0,0,0,0,0,1,20230501,20261231
OSO_04491012135,0,0,0,0,0,0,1,20230501,20261231
OSO_04550020705,0,0,0,0,0,1,0,20230503,20261231
OSO_04550021025,0,0,0,0,0,1,0,20230503,20261231
OSO_04550021135,0,0,0,0,0,1,0,20180716,20261231
OSO_04550021320,0,0,0,0,0,1,0,20230503,20261231
OSO_04550021400,0,0,0,0,0,1,0,20230503,20261231
OSO_04550021535,0,0,0,0,0,1,0,20230503,20261231
OSO_04550021845,0,0,0,0,0,1,0,20230503,20261231
OSO_04550022010,0,0,0,0,0,1,0,20230503,20261231
OSO_04550030805,0,0,0,0,0,1,0,20230502,20261231
OSO_04550030925,0,0,0,0,0,1,0,20230502,20261231
OSO_04550031255,0,0,0,0,0,1,0,20230502,20261231
OSO_04550031635,0,0,0,0,0,1,0,20230502,20261231
OSO_04550031800,0,0,0,0,0,1,0,20230502,20261231
OSO_04550032040,1,1,1,1,1,0,0,20250630,20261231
OSO_04550032115,0,0,0,0,0,1,0,20230502,20261231
OSO_04550050540,1,1,1,1,1,0,0,20220905,20261231
OSO_04550050600,1,1,1,1,1,0,0,20220905,20261231
OSO_04550050620,1,1,1,1,1,0,0,20220905,20261231
OSO_04550050640,1,1,1,1,1,0,0,20220905,20261231
OSO_04550050700,1,1,1,1,1,0,0,20220905,20261231
OSO_04550050720,1,1,1,1,1,0,0,20220905,20261231
OSO_04550050740,1,1,1,1,1,0,0,20220905,20261231
OSO_04550050800,1,1,1,1,1,0,0,20220905,20261231
OSO_04550050820,1,1,1,1,1,0,0,20220905,20261231
OSO_04550050840,1,1,1,1,1,0,0,20220905,20261231
OSO_04550050900,1,1,1,1,1,0,0,20220905,20261231
OSO_04550050920,1,1,1,1,1,0,0,20220905,20261231
OSO_04550050940,1,1,1,1,1,0,0,20220905,20261231
OSO_04550051000,1,1,1,1,1,0,0,20250630,20261231
OSO_04550051020,1,1,1,1,1,0,0,20250630,20261231
OSO_04550051040,1,1,1,1,1,0,0,20220905,20261231
OSO_04550051100,1,1,1,1,1,0,0,20250630,20261231
OSO_04550051120,1,1,1,1,1,0,0,20250630,20261231
OSO_04550051140,1,1,1,1,1,0,0,20220905,20261231
OSO_04550051200,1,1,1,1,1,0,0,20220905,20261231
OSO_04550051220,1,1,1,1,1,0,0,20250630,20261231
OSO_04550051240,1,1,1,1,1,0,0,20250630,20261231
OSO_04550051300,1,1,1,1,1,0,0,20220905,20261231
OSO_04550051320,1,1,1,1,1,0,0,20220905,20261231
OSO_04550051340,1,1,1,1,1,0,0,20220905,20261231
OSO_04550051400,1,1,1,1,1,0,0,20220905,20261231
OSO_04550051420,1,1,1,1,1,0,0,20220905,20261231
OSO_04550051440,1,1,1,1,1,0,0,20220905,20261231
OSO_04550051500,1,1,1,1,1,0,0,20220905,20261231
OSO_04550051520,1,1,1,1,1,0,0,20220905,20261231
OSO_04550051540,1,1,1,1,1,0,0,20220905,20261231
OSO_04550051600,1,1,1,1,1,0,0,20220905,20261231
OSO_04550051620,1,1,1,1,1,0,0,20220905,20261231
OSO_04550051640,1,1,1,1,1,0,0,20220905,20261231
OSO_04550051700,1,1,1,1,1,0,0,20220905,20261231
OSO_04550051720,1,1,1,1,1,0,0,20220905,20261231
OSO_04550051740,1,1,1,1,1,0,0,20220905,20261231
OSO_04550051800,1,1,1,1,1,0,0,20250630,20261231
OSO_04550051820,1,1,1,1,1,0,0,20250630,20261231
OSO_04550051840,1,1,1,1,1,0,0,20250630,20261231
OSO_04550051900,1,1,1,1,1,0,0,20220905,20261231
OSO_04550051920,1,1,1,1,1,0,0,20250630,20261231
OSO_04550051940,1,1,1,1,1,0,0,20250630,20261231
OSO_04550052000,1,1,1,1,1,0,0,20220905,20261231
OSO_04550052020,1,1,1,1,1,0,0,20250630,20261231
OSO_04550052100,1,1,1,1,1,0,0,20250630,20261231
OSO_04550052120,1,1,1,1,1,0,0,20250630,20261231
OSO_04551020910,0,0,0,0,0,1,0,20230502,20261231
OSO_04551021140,0,0,0,0,0,1,0,20230502,20261231
OSO_04551021520,0,0,0,0,0,1,0,20230502,20261231
OSO_04551021650,0,0,0,0,0,1,0,20230502,20261231
OSO_04551022000,0,0,0,0,0,1,0,20230502,20261231
OSO_04551030820,0,0,0,0,0,1,0,20230502,20261231
OSO_04551031030,0,0,0,0,0,1,0,20230502,20261231
OSO_04551031240,0,0,0,0,0,1,0,20230502,20261231
OSO_04551031400,0,0,0,0,0,1,0,20230502,20261231
OSO_04551031435,0,0,0,0,0,1,0,20230502,20261231
OSO_04551031740,0,0,0,0,0,1,0,20230502,20261231
OSO_04551031905,0,0,0,0,0,1,0,20230502,20261231
OSO_04551032125,0,0,0,0,0,1,0,20230502,20261231
OSO_04551032220,0,0,0,0,0,1,0,20230502,20261231
OSO_04551050500,1,1,1,1,1,0,0,20220905,20261231
OSO_04551050520,1,1,1,1,1,0,0,20201116,20261231
OSO_04551050540,1,1,1,1,1,0,0,20220905,20261231
OSO_04551050600,1,1,1,1,1,0,0,20220905,20261231
OSO_04551050620,1,1,1,1,1,1,0,20230502,20261231
OSO_04551050640,1,1,1,1,1,0,0,20220905,20261231
OSO_04551050700,1,1,1,1,1,0,0,20220905,20261231
OSO_04551050720,1,1,1,1,1,1,0,20230501,20261231
OSO_04551050740,1,1,1,1,1,0,0,20220905,20261231
OSO_04551050800,1,1,1,1,1,0,0,20220905,20261231
OSO_04551050820,1,1,1,1,1,0,0,20201116,20261231
OSO_04551050840,1,1,1,1,1,0,0,20220905,20261231
OSO_04551050900,1,1,1,1,1,0,0,20220905,20261231
OSO_04551050920,1,1,1,1,1,0,0,20250630,20261231
OSO_04551050940,1,1,1,1,1,0,0,20250630,20261231
OSO_04551051000,1,1,1,1,1,0,0,20220905,20261231
OSO_04551051020,1,1,1,1,1,0,0,20250630,20261231
OSO_04551051040,1,1,1,1,1,0,0,20250630,20261231
OSO_04551051100,1,1,1,1,1,0,0,20220905,20261231
OSO_04551051120,1,1,1,1,1,0,0,20201116,20261231
OSO_04551051140,1,1,1,1,1,0,0,20250630,20261231
OSO_04551051200,1,1,1,1,1,0,0,20250630,20261231
OSO_04551051220,1,1,1,1,1,0,0,20201116,20261231
OSO_04551051240,1,1,1,1,1,0,0,20220905,20261231
OSO_04551051300,1,1,1,1,1,0,0,20220905,20261231
OSO_04551051320,1,1,1,1,1,0,0,20201116,20261231
OSO_04551051340,1,1,1,1,1,0,0,20220905,20261231
OSO_04551051400,1,1,1,1,1,0,0,20220905,20261231
OSO_04551051420,1,1,1,1,1,0,0,20201116,20261231
OSO_04551051440,1,1,1,1,1,0,0,20220905,20261231
OSO_04551051500,1,1,1,1,1,0,0,20220905,20261231
OSO_04551051520,1,1,1,1,1,0,0,20201116,20261231
OSO_04551051540,1,1,1,1,1,0,0,20220905,20261231
OSO_04551051600,1,1,1,1,1,0,0,20220905,20261231
OSO_04551051620,1,1,1,1,1,0,0,20220905,20261231
OSO_04551051640,1,1,1,1,1,0,0,20220905,20261231
OSO_04551051700,1,1,1,1,1,0,0,20220905,20261231
OSO_04551051720,1,1,1,1,1,0,0,20250630,20261231
OSO_04551051740,1,1,1,1,1,0,0,20250630,20261231
OSO_04551051800,1,1,1,1,1,0,0,20250630,20261231
OSO_04551051820,1,1,1,1,1,0,0,20201116,20261231
OSO_04551051840,1,1,1,1,1,0,0,20250630,20261231
OSO_04551051900,1,1,1,1,1,0,0,20250630,20261231
OSO_04551051920,1,1,1,1,1,0,0,20201116,20261231
OSO_04551051940,1,1,1,1,1,0,0,20250630,20261231
OSO_04551052000,1,1,1,1,1,0,0,20250630,20261231
OSO_04551052020,1,1,1,1,1,0,0,20201116,20261231
OSO_04551052040,1,1,1,1,1,0,0,20250630,20261231
OSO_04551052100,1,1,1,1,1,0,0,20250630,20261231
OSO_04551052120,1,1,1,1,1,0,0,20250630,20261231
OSO_04551052140,1,1,1,1,1,0,0,20250630,20261231
OSO_04551052205,1,1,1,1,1,0,0,20250630,20261231
OSO_04600061240,1,1,1,1,1,0,0,20210322,20261231
OSO_04600070640,1,1,1,1,1,0,0,20201116,20261231
OSO_04600070740,1,1,1,1,1,0,0,20201116,20261231
OSO_04600070840,1,1,1,1,1,0,0,20201116,20261231
OSO_04600070940,1,1,1,1,1,0,0,20201116,20261231
OSO_04600071040,1,1,1,1,1,0,0,20201116,20261231
OSO_04600071140,1,1,1,1,1,0,0,20201116,20261231
OSO_04600071340,1,1,1,1,1,0,0,20201116,20261231
OSO_04600071440,1,1,1,1,1,0,0,20201116,20261231
OSO_04600071540,1,1,1,1,1,0,0,20201116,20261231
OSO_04600071640,1,1,1,1,1,0,0,20201116,20261231
OSO_04600071740,1,1,1,1,1,0,0,20201116,20261231
OSO_04600071840,1,1,1,1,1,0,0,20201116,20261231
OSO_04600071940,1,1,1,1,1,0,0,20201116,20261231
OSO_04601061316,1,1,1,1,1,0,0,20180101,20261231
OSO_04601070610,1,1,1,1,1,0,0,20201116,20261231
OSO_04601070710,1,1,1,1,1,0,0,20201116,20261231
OSO_04601070810,1,1,1,1,1,0,0,20201116,20261231
OSO_04601070910,1,1,1,1,1,0,0,20201116,20261231
OSO_04601071010,1,1,1,1,1,0,0,20201116,20261231
OSO_04601071110,1,1,1,1,1,0,0,20201116,20261231
OSO_04601071210,1,1,1,1,1,0,0,20201116,20261231
OSO_04601071410,1,1,1,1,1,0,0,20201116,20261231
OSO_04601071510,1,1,1,1,1,0,0,20201116,20261231
OSO_04601071610,1,1,1,1,1,0,0,20201116,20261231
OSO_04601071710,1,1,1,1,1,0,0,20201116,20261231
OSO_04601071810,1,1,1,1,1,0,0,20201116,20261231
OSO_04601071910,1,1,1,1,1,0,0,20201116,20261231
OSO_04601072010,1,1,1,1,1,0,0,20201116,20261231
OSO_04620020900,0,0,0,0,0,1,0,20230901,20261231
OSO_04620021040,0,0,0,0,0,1,0,20230901,20261231
OSO_04620051130,0,0,0,0,0,0,1,20230901,20261231
OSO_04620070900,0,0,0,0,0,0,1,20230901,20261231
OSO_04620071020,0,0,0,0,0,0,1,20230901,20261231
OSO_04620071435,0,0,0,0,0,0,1,20230901,20261231
OSO_04620071800,0,0,0,0,0,0,1,20230901,20261231
OSO_04620072040,1,1,1,1,1,0,0,20201116,20261231
OSO_04620081225,0,0,0,0,0,1,0,20230901,20261231
OSO_04620091330,0,0,0,0,0,1,0,20230901,20261231
OSO_04620091815,0,0,0,0,0,1,0,20230901,20261231
OSO_04621010820,0,0,0,0,0,1,0,20230901,20261231
OSO_04621010950,0,0,0,0,0,1,0,20230901,20261231
OSO_04621062110,1,1,1,1,1,0,0,20230901,20261231
OSO_04621070950,0,0,0,0,0,0,1,20230901,20261231
OSO_04621071100,0,0,0,0,0,0,1,20201116,20261231
OSO_04621071520,0,0,0,0,0,0,1,20230901,20261231
OSO_04621071845,0,0,0,0,0,0,1,20230901,20261231
OSO_04621071905,0,0,0,0,0,1,0,20230901,20261231
OSO_04621080755,1,1,1,1,1,0,0,20230901,20261231
OSO_04621092025,1,1,1,1,1,0,0,20230901,20261231
OSO_04630011515,0,0,0,0,0,1,0,20230901,20261231
OSO_04630011615,0,0,0,0,0,0,1,20230901,20261231
OSO_04630020645,1,1,1,1,1,0,0,20230901,20261231
OSO_04640020730,0,0,0,0,0,1,0,20230901,20261231
OSO_04640041550,1,1,1,1,1,0,0,20201116,20261231
OSO_04640061900,1,1,1,1,1,0,0,20230901,20261231
OSO_04641051244,0,0,0,0,0,0,1,20230901,20261231
OSO_04641051346,0,0,0,0,0,1,0,20230901,20261231
OSO_04641051633,0,0,0,0,0,1,0,20230901,20261231
OSO_04641051747,0,0,0,0,0,0,1,20230901,20261231
OSO_04641061130,0,0,0,0,0,1,0,20230901,20261231
OSO_04641061420,0,0,0,0,0,1,0,20230901,20261231
OSO_04641071800,1,1,1,1,1,0,0,20230901,20261231
OSO_04641091715,1,1,1,1,1,0,0,20230901,20261231
OSO_04650020655,1,1,1,1,1,0,0,20220905,20261231
OSO_04650051430,1,1,1,1,1,0,0,20220905,20261231
OSO_04651021500,1,1,1,1,1,0,0,20220905,20261231
OSO_04651030730,1,1,1,1,1,0,0,20220905,20261231
OSO_04660041315,1,1,1,1,1,0,0,20220905,20261231
OSO_04661061230,1,1,1,1,1,0,0,20220905,20261231
OSO_04670010720,1,1,1,1,1,0,0,20200914,20261231
OSO_04670031430,1,1,1,1,1,0,0,20220905,20261231
OSO_04671011445,1,1,1,1,1,0,0,20220905,20261231
OSO_04671020735,1,1,1,1,1,0,0,20220905,20261231
OSO_04680031645,1,1,1,1,1,0,0,20220905,20261231
OSO_04680040755,1,1,1,1,1,0,0,20220905,20261231
OSO_04681010830,1,1,1,1,1,0,0,20220905,20261231
OSO_04681031745,1,1,1,1,1,0,0,20220905,20261231
OSO_04691020635,1,1,1,1,1,0,0,20220905,20261231
OSO_04700010800,1,1,1,1,1,0,0,20200713,20261231
OSO_04700011300,1,1,1,1,1,0,0,20230904,20261231
OSO_04700011350,1,1,1,1,1,0,0,20230904,20261231
OSO_04700031440,0,0,0,0,1,1,0,20251209,20261231
OSO_04700040850,1,1,1,1,1,0,0,20251209,20261231
OSO_04700050740,0,0,0,0,0,1,0,20251209,20261231
OSO_04700051300,0,0,0,0,0,1,0,20251209,20261231
OSO_04700051700,1,1,1,1,1,0,0,20251209,20261231
OSO_04700051840,1,1,1,1,1,0,0,20251209,20261231
OSO_04701010820,1,1,1,1,1,0,0,20200713,20261231
OSO_04701011320,1,1,1,1,1,0,0,20230904,20261231
OSO_04701011410,1,1,1,1,1,0,0,20230904,20261231
OSO_04701030940,1,1,1,1,1,0,0,20251209,20261231
OSO_04701031601,1,1,1,1,1,0,0,20251209,20261231
OSO_04701060640,1,1,1,1,1,0,0,20251209,20261231
OSO_04701080831,0,0,0,0,0,1,0,20251209,20261231
OSO_04701081351,0,0,0,0,0,1,0,20251209,20261231
OSO_04701081751,1,1,1,1,1,0,0,20251209,20261231
OSO_04701081928,1,1,1,1,1,0,0,20251209,20261231
OSO_04710010715,1,1,1,1,1,0,0,20220905,20261231
OSO_04710011540,1,1,1,1,1,0,0,20220905,20261231
OSO_04711010630,1,1,1,1,1,0,0,20220905,20261231
OSO_04711011450,1,1,1,1,1,0,0,20220905,20261231
OSO_04720010720,1,1,1,1,1,0,0,20220905,20261231
OSO_04720010835,0,1,1,1,1,0,1,20190502,20261231
OSO_04720011320,0,1,1,1,1,0,1,20190502,20261231
OSO_04720011450,1,1,1,1,1,0,0,20220905,20261231
OSO_04760021420,1,1,1,1,1,0,0,20230801,20261231
OSO_04760050810,0,0,0,0,0,1,0,20200914,20261231
OSO_04760050820,1,1,1,1,1,0,0,20200914,20261231
OSO_04760050900,1,1,1,1,1,0,0,20230801,20261231
OSO_04760051305,0,0,0,0,0,1,0,20200914,20261231
OSO_04760051535,1,1,1,1,1,0,0,20200914,20261231
OSO_04760051630,1,1,1,1,1,0,0,20200914,20261231
OSO_04760090630,1,1,1,1,1,0,0,20200914,20261231
OSO_04760090915,1,1,1,1,1,0,0,20200914,20261231
OSO_04760091320,1,1,1,1,1,0,0,20200914,20261231
OSO_04760091800,1,1,1,1,1,0,0,20200914,20261231
OSO_04761050735,0,0,0,0,0,1,0,20230121,20261231
OSO_04761050745,1,1,1,1,1,0,0,20200914,20261231
OSO_04761050855,1,1,1,1,1,0,0,20200914,20261231
OSO_04761050940,1,1,1,1,1,0,0,20200914,20261231
OSO_04761051230,0,0,0,0,0,1,0,20200914,20261231
OSO_04761051500,1,1,1,1,1,0,0,20200914,20261231
OSO_04761051830,1,1,1,1,1,0,0,20200914,20261231
OSO_04761061535,1,1,1,1,1,0,0,20180101,20261231
OSO_04761090650,1,1,1,1,1,0,0,20230121,20261231
OSO_04761091200,1,1,1,1,1,0,0,20180101,20261231
OSO_04761091915,1,1,1,1,1,0,0,20180101,20261231
OSO_04790010700,1,1,1,1,1,0,0,20220905,20261231
OSO_04790021430,1,1,1,1,1,0,0,20220905,20261231
OSO_04791031500,1,1,1,1,1,0,0,20220905,20261231
OSO_04791050726,1,1,1,1,1,0,0,20221003,20261231
OSO_04820010630,1,1,1,1,1,0,0,20230206,20261231
OSO_04820010715,1,1,1,1,1,0,0,20180716,20261231
OSO_04820010815,1,1,1,1,1,0,0,20230206,20261231
OSO_04820010910,1,1,1,1,1,0,0,20230206,20261231
OSO_04820011022,1,1,1,1,1,0,0,20230206,20261231
OSO_04820011115,1,1,1,1,1,0,0,20230206,20261231
OSO_04820011205,1,1,1,1,1,0,0,20230206,20261231
OSO_04820011255,1,1,1,1,1,0,0,20230206,20261231
OSO_04820011605,1,1,1,1,1,0,0,20230206,20261231
OSO_04820011655,1,1,1,1,1,0,0,20230206,20261231
OSO_04820011745,1,1,1,1,1,0,0,20230206,20261231
OSO_04820011830,1,1,1,1,1,0,0,20230206,20261231
OSO_04820011920,1,1,1,1,1,0,0,20230206,20261231
OSO_04821010650,1,1,1,1,1,0,0,20180716,20261231
OSO_04821010735,1,1,1,1,1,0,0,20230206,20261231
OSO_04821010840,1,1,1,1,1,0,0,20230206,20261231
OSO_04821011000,1,1,1,1,1,0,0,20230206,20261231
OSO_04821011050,1,1,1,1,1,0,0,20230206,20261231
OSO_04821011138,1,1,1,1,1,0,0,20230206,20261231
OSO_04821011230,1,1,1,1,1,0,0,20230206,20261231
OSO_04821011320,1,1,1,1,1,0,0,20230206,20261231
OSO_04821011410,1,1,1,1,1,0,0,20230206,20261231
OSO_04821011530,1,1,1,1,1,0,0,20230206,20261231
OSO_04821011630,1,1,1,1,1,0,0,20230206,20261231
OSO_04821011720,1,1,1,1,1,0,0,20230206,20261231
OSO_04821011855,1,1,1,1,1,0,0,20230206,20261231
OSO_04821011945,1,1,1,1,1,0,0,20230206,20261231
OSO_04821012030,1,1,1,1,1,0,0,20230206,20261231
OSO_04821012115,1,1,1,1,1,0,0,20230206,20261231
OSO_04821021810,1,1,1,1,1,0,0,20230206,20261231
OSO_04821022152,1,1,1,1,1,0,0,20250630,20261231
OSO_04830011350,1,1,1,1,1,0,0,20230206,20261231
OSO_04830011435,1,1,1,1,1,0,0,20180716,20261231
OSO_04830012010,1,1,1,1,1,0,0,20230206,20261231
OSO_04830012055,1,1,1,1,1,0,0,20230206,20261231
OSO_04840011310,0,0,0,0,0,1,1,20231012,20261231
OSO_04840011840,0,0,0,0,0,1,1,20231012,20261231
OSO_04840030910,0,0,0,0,0,1,1,20231012,20261231
OSO_04840030950,0,0,0,0,0,1,1,20231012,20261231
OSO_04840031030,0,0,0,0,0,1,1,20231012,20261231
OSO_04840031110,0,0,0,0,0,1,1,20231012,20261231
OSO_04840031150,0,0,0,0,0,1,1,20231012,20261231
OSO_04840031230,0,0,0,0,0,1,1,20231012,20261231
OSO_04840031440,0,0,0,0,0,1,1,20231012,20261231
OSO_04840031520,0,0,0,0,0,1,1,20231012,20261231
OSO_04840031600,0,0,0,0,0,1,1,20231012,20261231
OSO_04840031640,0,0,0,0,0,1,1,20231012,20261231
OSO_04840031720,0,0,0,0,0,1,1,20231012,20261231
OSO_04840031800,0,0,0,0,0,1,1,20231012,20261231
OSO_04841010815,0,0,0,0,0,1,1,20231012,20261231
OSO_04841011345,0,0,0,0,0,1,1,20231012,20261231
OSO_04841030930,0,0,0,0,0,1,1,20231012,20261231
OSO_04841031010,0,0,0,0,0,1,1,20231012,20261231
OSO_04841031050,0,0,0,0,0,1,1,20231012,20261231
OSO_04841031130,0,0,0,0,0,1,1,20231012,20261231
OSO_04841031210,0,0,0,0,0,1,1,20231012,20261231
OSO_04841031250,0,0,0,0,0,1,1,20231012,20261231
OSO_04841031500,0,0,0,0,0,1,1,20231012,20261231
OSO_04841031540,0,0,0,0,0,1,1,20231012,20261231
OSO_04841031620,0,0,0,0,0,1,1,20231012,20261231
OSO_04841031700,0,0,0,0,0,1,1,20231012,20261231
OSO_04841031740,0,0,0,0,0,1,1,20231012,20261231
OSO_04841031820,0,0,0,0,0,1,1,20231012,20261231
OSO_04850010930,0,1,0,0,0,1,0,20200713,20261231
OSO_04851011327,0,1,0,0,0,1,0,20200713,20261231
OSO_04860010835,0,1,0,0,0,0,0,20180101,20261231
OSO_04860011735,0,0,0,0,0,1,0,20180101,20261231
OSO_04861010750,0,1,0,0,0,0,0,20180101,20261231
OSO_04861011650,0,0,0,0,0,1,0,20180101,20261231
OSO_04870010640,1,1,1,1,1,1,0,20240701,20261231
OSO_04870010800,0,0,0,0,0,1,0,20240701,20261231
OSO_04870010910,1,1,1,1,1,1,0,20240701,20261231
OSO_04870011020,1,1,1,1,1,1,0,20240701,20261231
OSO_04870011130,1,1,1,1,1,1,0,20240701,20261231
OSO_04870011240,1,1,1,1,1,1,0,20240701,20261231
OSO_04870011350,1,1,1,1,1,1,0,20240701,20261231
OSO_04870011455,0,0,0,0,0,1,0,20240701,20261231
OSO_04870011605,1,1,1,1,1,1,0,20240701,20261231
OSO_04870011720,1,1,1,1,1,1,0,20240701,20261231
OSO_04870011835,1,1,1,1,1,1,0,20240701,20261231
OSO_04870011950,1,1,1,1,1,1,0,20240701,20261231
OSO_04870012105,1,1,1,1,1,1,0,20240701,20261231
OSO_04870030752,1,1,1,1,1,0,0,20240701,20261231
OSO_04870031445,1,1,1,1,1,0,0,20240701,20261231
OSO_04871010835,1,1,1,1,1,1,0,20240701,20261231
OSO_04871010945,1,1,1,1,1,1,0,20240701,20261231
OSO_04871011055,1,1,1,1,1,1,0,20240701,20261231
OSO_04871011205,1,1,1,1,1,1,0,20240701,20261231
OSO_04871011315,1,1,1,1,1,1,0,20240701,20261231
OSO_04871011425,1,1,1,1,1,1,0,20240701,20261231
OSO_04871011530,1,1,1,1,1,1,0,20240701,20261231
OSO_04871011640,1,1,1,1,1,1,0,20240701,20261231
OSO_04871011755,1,1,1,1,1,1,0,20240701,20261231
OSO_04871011910,1,1,1,1,1,1,0,20240701,20261231
OSO_04871012025,1,1,1,1,1,1,0,20240701,20261231
OSO_04871012140,1,1,1,1,1,1,0,20240701,20261231
OSO_04871050715,1,1,1,1,1,0,0,20240701,20261231
OSO_04871060715,0,0,0,0,0,1,0,20240701,20261231
OSO_04880031000,0,0,0,0,0,1,0,20240701,20261231
OSO_04880031400,0,0,0,0,0,1,0,20240701,20261231
OSO_04881031055,0,0,0,0,0,1,0,20240701,20261231
OSO_04881031455,0,0,0,0,0,1,0,20240701,20261231
OSO_04940010920,0,1,1,1,1,0,1,20200713,20261231
OSO_04940011325,0,0,0,0,0,0,1,20190502,20261231
OSO_04940011405,0,1,1,1,1,0,0,20200713,20261231
OSO_04950011350,0,0,0,0,0,0,1,20200713,20261231
OSO_04950011720,0,1,1,1,1,0,0,20200713,20261231
OSO_04950020945,0,1,1,1,1,0,1,20200713,20261231
OSO_04951011030,0,1,1,1,1,0,1,20200713,20261231
OSO_04951021510,0,0,0,0,0,0,1,20200713,20261231
OSO_04951021840,0,1,1,1,1,0,0,20200713,20261231
OSO_04960010730,0,1,1,1,1,0,1,20200713,20261231
OSO_04960011135,0,0,0,0,0,0,1,20200713,20261231
OSO_04960011215,0,1,1,1,1,0,0,20200713,20261231
PIE_1,1,1,1,1,1,0,0,20250616,20261231
PIE_2,0,0,0,0,0,1,0,20250616,20261231
PIE_3,1,1,1,1,1,1,1,20250616,20261231
PUI_Servei urbà,1,1,1,1,1,1,1,20251216,20261231
REG_2026-03-012026-03-08150001,1,1,1,1,1,1,1,20260301,20260308
REG_2026-03-012026-03-08150211,1,1,1,1,1,1,1,20260301,20260308
REG_2026-03-012026-03-08150481,1,1,1,1,1,1,1,20260301,20260308
REG_2026-03-012026-03-08150611,1,1,1,1,1,1,1,20260301,20260308
REG_2026-03-012026-03-08151301,1,1,1,1,1,1,1,20260301,20260308
REG_2026-03-012026-03-08152311,1,1,1,1,1,1,1,20260301,20260308
REG_2026-03-012026-03-08155031,1,1,1,1,1,1,1,20260301,20260308
REG_2026-03-012026-03-29150021,1,1,1,1,1,1,1,20260301,20260329
REG_2026-03-012026-03-29150051,1,1,1,1,1,1,1,20260301,20260329
REG_2026-03-012026-03-29150071,1,1,1,1,1,1,1,20260301,20260329
REG_2026-03-012026-03-29150072,1,1,1,1,1,1,1,20260301,20260329
REG_2026-03-012026-03-29150091,1,1,1,1,1,1,1,20260301,20260329
REG_2026-03-012026-03-29150101,1,1,1,1,1,1,1,20260301,20260329
REG_2026-03-012026-03-29150181,1,1,1,1,1,1,1,20260301,20260329
REG_2026-03-012026-03-29150182,1,1,1,1,1,1,1,20260301,20260329
REG_2026-03-012026-03-29150461,1,1,1,1,1,1,1,20260301,20260329
REG_2026-03-012026-03-29150551,1,1,1,1,1,1,1,20260301,20260329
REG_2026-03-012026-03-29150571,1,1,1,1,1,1,1,20260301,20260329
REG_2026-03-012026-03-29150581,1,1,1,1,1,1,1,20260301,20260329
REG_2026-03-012026-03-29150621,1,1,1,1,1,1,1,20260301,20260329
REG_2026-03-012026-03-29150641,1,1,1,1,1,1,1,20260301,20260329
REG_2026-03-012026-03-29150661,1,1,1,1,1,1,1,20260301,20260329
REG_2026-03-012026-03-29150721,1,1,1,1,1,1,1,20260301,20260329
REG_2026-03-012026-03-29150722,1,1,1,1,1,1,1,20260301,20260329
REG_2026-03-012026-03-29150771,1,1,1,1,1,1,1,20260301,20260329
REG_2026-03-012026-03-29150792,1,1,1,1,1,1,1,20260301,20260329
REG_2026-03-012026-03-29150811,1,1,1,1,1,1,1,20260301,20260329
REG_2026-03-012026-03-29150831,1,1,1,1,1,1,1,20260301,20260329
REG_2026-03-012026-03-29150851,1,1,1,1,1,1,1,20260301,20260329
REG_2026-03-012026-03-29150871,1,1,1,1,1,1,1,20260301,20260329
REG_2026-03-012026-03-29150891,1,1,1,1,1,1,1,20260301,20260329
REG_2026-03-012026-03-29150921,1,1,1,1,1,1,1,20260301,20260329
REG_2026-03-012026-03-29150922,1,1,1,1,1,1,1,20260301,20260329
REG_2026-03-012026-03-29150951,1,1,1,1,1,1,1,20260301,20260329
REG_2026-03-012026-03-29150972,1,1,1,1,1,1,1,20260301,20260329
REG_2026-03-012026-03-29156201,1,1,1,1,1,1,1,20260301,20260329
REG_2026-03-012026-03-29156221,1,1,1,1,1,1,1,20260301,20260329
REG_2026-03-012026-03-29156231,1,1,1,1,1,1,1,20260301,20260329
REG_2026-03-012026-03-29156241,1,1,1,1,1,1,1,20260301,20260329
REG_2026-03-012026-03-29156251,1,1,1,1,1,1,1,20260301,20260329
REG_2026-03-012026-03-29156311,1,1,1,1,1,1,1,20260301,20260329
REG_2026-03-012026-03-29156322,1,1,1,1,1,1,1,20260301,20260329
REG_2026-03-012026-03-29156332,1,1,1,1,1,1,1,20260301,20260329
REG_2026-03-012026-03-29156342,1,1,1,1,1,1,1,20260301,20260329
REG_2026-03-012026-03-29156352,1,1,1,1,1,1,1,20260301,20260329
REG_2026-03-012026-03-29158021,1,1,1,1,1,1,1,20260301,20260329
REG_2026-03-012026-03-29158041,1,1,1,1,1,1,1,20260301,20260329
REG_2026-03-012026-03-29158181,1,1,1,1,1,1,1,20260301,20260329
REG_2026-03-012026-03-29158201,1,1,1,1,1,1,1,20260301,20260329
REG_2026-03-012026-03-29158251,1,1,1,1,1,1,1,20260301,20260329
REG_2026-03-012026-03-29158271,1,1,1,1,1,1,1,20260301,20260329
REG_2026-03-012026-03-29158291,1,1,1,1,1,1,1,20260301,20260329
REG_2026-03-012026-03-29158311,1,1,1,1,1,1,1,20260301,20260329
REG_2026-03-012026-03-29158331,1,1,1,1,1,1,1,20260301,20260329
REG_2026-03-012026-03-29158431,1,1,1,1,1,1,1,20260301,20260329
REG_2026-03-012026-03-29158451,1,1,1,1,1,1,1,20260301,20260329
REG_2026-03-012026-03-29158471,1,1,1,1,1,1,1,20260301,20260329
REG_2026-03-012026-03-29159011,1,1,1,1,1,1,1,20260301,20260329
REG_2026-03-012026-03-29159041,1,1,1,1,1,1,1,20260301,20260329
REG_2026-03-012026-03-29159091,1,1,1,1,1,1,1,20260301,20260329
REG_2026-03-012026-03-29159111,1,1,1,1,1,1,1,20260301,20260329
REG_2026-03-012026-03-29159112,1,1,1,1,1,1,1,20260301,20260329
REG_2026-03-012026-03-29159151,1,1,1,1,1,1,1,20260301,20260329
REG_2026-03-012026-03-29159181,1,1,1,1,1,1,1,20260301,20260329
REG_2026-03-012026-03-29159231,1,1,1,1,1,1,1,20260301,20260329
REG_2026-03-012026-03-29309261,1,1,1,1,1,1,1,20260301,20260329
REG_2026-03-012026-03-29309281,1,1,1,1,1,1,1,20260301,20260329
REG_2026-03-012026-03-29309301,1,1,1,1,1,1,1,20260301,20260329
REG_2026-03-012026-03-29309321,1,1,1,1,1,1,1,20260301,20260329
REG_2026-03-012026-03-29309341,1,1,1,1,1,1,1,20260301,20260329
REG_2026-03-012026-04-05150301,1,1,1,1,1,1,1,20260301,20260405
REG_2026-03-012026-04-05150302,1,1,1,1,1,1,1,20260301,20260405
REG_2026-03-012026-06-12150131,1,1,1,1,1,1,1,20260301,20260612
REG_2026-03-012026-06-12150221,1,1,1,1,1,1,1,20260301,20260612
REG_2026-03-012026-06-12150241,1,1,1,1,1,1,1,20260301,20260612
REG_2026-03-012026-06-12150511,1,1,1,1,1,1,1,20260301,20260612
REG_2026-03-012026-06-12154001,1,1,1,1,1,1,1,20260301,20260612
REG_2026-03-012026-06-13150171,1,1,1,1,1,1,1,20260301,20260613
REG_2026-03-012026-06-13150201,1,1,1,1,1,1,1,20260301,20260613
REG_2026-03-012026-06-13150251,1,1,1,1,1,1,1,20260301,20260613
REG_2026-03-012026-06-13150261,1,1,1,1,1,1,1,20260301,20260613
REG_2026-03-012026-06-13150271,1,1,1,1,1,1,1,20260301,20260613
REG_2026-03-012026-06-13150281,1,1,1,1,1,1,1,20260301,20260613
REG_2026-03-012026-06-13150291,1,1,1,1,1,1,1,20260301,20260613
REG_2026-03-012026-06-13150341,1,1,1,1,1,1,1,20260301,20260613
REG_2026-03-012026-06-13150361,1,1,1,1,1,1,1,20260301,20260613
REG_2026-03-012026-06-13150371,1,1,1,1,1,1,1,20260301,20260613
REG_2026-03-012026-06-13150381,1,1,1,1,1,1,1,20260301,20260613
REG_2026-03-012026-06-13150401,1,1,1,1,1,1,1,20260301,20260613
REG_2026-03-012026-06-13150431,1,1,1,1,1,1,1,20260301,20260613
REG_2026-03-012026-06-13150441,1,1,1,1,1,1,1,20260301,20260613
REG_2026-03-012026-06-13150471,1,1,1,1,1,1,1,20260301,20260613
REG_2026-03-012026-06-13150521,1,1,1,1,1,1,1,20260301,20260613
REG_2026-03-012026-06-13150531,1,1,1,1,1,1,1,20260301,20260613
REG_2026-03-012026-06-13150541,1,1,1,1,1,1,1,20260301,20260613
REG_2026-03-012026-06-13150601,1,1,1,1,1,1,1,20260301,20260613
REG_2026-03-012026-06-13150631,1,1,1,1,1,1,1,20260301,20260613
REG_2026-03-012026-06-13150681,1,1,1,1,1,1,1,20260301,20260613
REG_2026-03-012026-06-13150701,1,1,1,1,1,1,1,20260301,20260613
REG_2026-03-012026-06-13150741,1,1,1,1,1,1,1,20260301,20260613
REG_2026-03-012026-06-13150791,1,1,1,1,1,1,1,20260301,20260613
REG_2026-03-012026-06-13150901,1,1,1,1,1,1,1,20260301,20260613
REG_2026-03-012026-06-13150971,1,1,1,1,1,1,1,20260301,20260613
REG_2026-03-012026-06-13150991,1,1,1,1,1,1,1,20260301,20260613
REG_2026-03-012026-06-13152301,1,1,1,1,1,1,1,20260301,20260613
REG_2026-03-012026-06-13152321,1,1,1,1,1,1,1,20260301,20260613
REG_2026-03-012026-06-13152331,1,1,1,1,1,1,1,20260301,20260613
REG_2026-03-012026-06-13152351,1,1,1,1,1,1,1,20260301,20260613
REG_2026-03-012026-06-13152401,1,1,1,1,1,1,1,20260301,20260613
REG_2026-03-012026-06-13154021,1,1,1,1,1,1,1,20260301,20260613
REG_2026-03-012026-06-13155121,1,1,1,1,1,1,1,20260301,20260613
REG_2026-03-012026-06-13155141,1,1,1,1,1,1,1,20260301,20260613
REG_2026-03-012026-06-13155601,1,1,1,1,1,1,1,20260301,20260613
REG_2026-03-012026-06-13155631,1,1,1,1,1,1,1,20260301,20260613
REG_2026-03-012026-06-13155641,1,1,1,1,1,1,1,20260301,20260613
REG_2026-03-012026-06-13155651,1,1,1,1,1,1,1,20260301,20260613
REG_2026-03-012026-06-13155661,1,1,1,1,1,1,1,20260301,20260613
REG_2026-03-012026-06-13155671,1,1,1,1,1,1,1,20260301,20260613
REG_2026-03-012026-06-13156261,1,1,1,1,1,1,1,20260301,20260613
REG_2026-03-012026-06-13156271,1,1,1,1,1,1,1,20260301,20260613
REG_2026-03-012026-06-13156281,1,1,1,1,1,1,1,20260301,20260613
REG_2026-03-012026-06-13156291,1,1,1,1,1,1,1,20260301,20260613
REG_2026-03-012026-06-13158061,1,1,1,1,1,1,1,20260301,20260613
REG_2026-03-012026-06-13158081,1,1,1,1,1,1,1,20260301,20260613
REG_2026-03-012026-06-13158101,1,1,1,1,1,1,1,20260301,20260613
REG_2026-03-012026-06-13158121,1,1,1,1,1,1,1,20260301,20260613
REG_2026-03-012026-06-13158141,1,1,1,1,1,1,1,20260301,20260613
REG_2026-03-012026-06-13158161,1,1,1,1,1,1,1,20260301,20260613
REG_2026-03-012026-06-13158221,1,1,1,1,1,1,1,20260301,20260613
REG_2026-03-012026-06-13158351,1,1,1,1,1,1,1,20260301,20260613
REG_2026-03-012026-06-13158371,1,1,1,1,1,1,1,20260301,20260613
REG_2026-03-012026-06-13158391,1,1,1,1,1,1,1,20260301,20260613
REG_2026-03-012026-06-13158411,1,1,1,1,1,1,1,20260301,20260613
REG_2026-03-012026-06-13158481,1,1,1,1,1,1,1,20260301,20260613
REG_2026-03-012026-06-13158501,1,1,1,1,1,1,1,20260301,20260613
REG_2026-03-012026-06-13159021,1,1,1,1,1,1,1,20260301,20260613
REG_2026-03-012026-06-13159071,1,1,1,1,1,1,1,20260301,20260613
REG_2026-03-012026-06-13159171,1,1,1,1,1,1,1,20260301,20260613
REG_2026-03-012026-06-13180511,1,1,1,1,1,1,1,20260301,20260613
REG_2026-03-012026-06-13180541,1,1,1,1,1,1,1,20260301,20260613
REG_2026-03-012026-06-13180551,1,1,1,1,1,1,1,20260301,20260613
REG_2026-03-012026-06-13180561,1,1,1,1,1,1,1,20260301,20260613
REG_2026-03-012026-06-13180571,1,1,1,1,1,1,1,20260301,20260613
REG_2026-03-012026-06-13180581,1,1,1,1,1,1,1,20260301,20260613
REG_2026-03-012026-06-13180591,1,1,1,1,1,1,1,20260301,20260613
REG_2026-03-012026-06-13180871,1,1,1,1,1,1,1,20260301,20260613
REG_2026-03-012026-06-13180911,1,1,1,1,1,1,1,20260301,20260613
REG_2026-03-012026-06-13180941,1,1,1,1,1,1,1,20260301,20260613
REG_2026-03-012026-06-13182511,1,1,1,1,1,1,1,20260301,20260613
REG_2026-03-012026-06-13182521,1,1,1,1,1,1,1,20260301,20260613
REG_2026-03-012026-06-13182541,1,1,1,1,1,1,1,20260301,20260613
REG_2026-03-012026-06-13182551,1,1,1,1,1,1,1,20260301,20260613
REG_2026-03-012026-06-13182561,1,1,1,1,1,1,1,20260301,20260613
REG_2026-03-012026-06-13182591,1,1,1,1,1,1,1,20260301,20260613
REG_2026-03-012026-06-13182601,1,1,1,1,1,1,1,20260301,20260613
REG_2026-03-012026-06-13309361,1,1,1,1,1,1,1,20260301,20260613
REG_2026-03-012026-06-13309381,1,1,1,1,1,1,1,20260301,20260613
REG_2026-03-012026-06-13309441,1,1,1,1,1,1,1,20260301,20260613
REG_2026-03-012026-06-13309461,1,1,1,1,1,1,1,20260301,20260613
REG_2026-03-012026-06-13309481,1,1,1,1,1,1,1,20260301,20260613
REG_2026-03-092026-03-29150011,1,1,1,1,1,1,1,20260309,20260329
REG_2026-03-092026-03-29157881,1,1,1,1,1,1,1,20260309,20260329
REG_2026-03-092026-06-13150001,1,1,1,1,1,1,1,20260309,20260613
REG_2026-03-092026-06-13150161,1,1,1,1,1,1,1,20260309,20260613
REG_2026-03-092026-06-13150211,1,1,1,1,1,1,1,20260309,20260613
REG_2026-03-092026-06-13150411,1,1,1,1,1,1,1,20260309,20260613
REG_2026-03-092026-06-13150611,1,1,1,1,1,1,1,20260309,20260613
REG_2026-03-302026-04-05150011,1,1,1,1,1,1,1,20260330,20260405
REG_2026-03-302026-04-05150021,1,1,1,1,1,1,1,20260330,20260405
REG_2026-03-302026-04-05150051,1,1,1,1,1,1,1,20260330,20260405
REG_2026-03-302026-04-05150071,1,1,1,1,1,1,1,20260330,20260405
REG_2026-03-302026-04-05150072,1,1,1,1,1,1,1,20260330,20260405
REG_2026-03-302026-04-05150091,1,1,1,1,1,1,1,20260330,20260405
REG_2026-03-302026-04-05150101,1,1,1,1,1,1,1,20260330,20260405
REG_2026-03-302026-04-05150181,1,1,1,1,1,1,1,20260330,20260405
REG_2026-03-302026-04-05150182,1,1,1,1,1,1,1,20260330,20260405
REG_2026-03-302026-04-05150461,1,1,1,1,1,1,1,20260330,20260405
REG_2026-03-302026-04-05150551,1,1,1,1,1,1,1,20260330,20260405
REG_2026-03-302026-04-05150571,1,1,1,1,1,1,1,20260330,20260405
REG_2026-03-302026-04-05150581,1,1,1,1,1,1,1,20260330,20260405
REG_2026-03-302026-04-05150621,1,1,1,1,1,1,1,20260330,20260405
REG_2026-03-302026-04-05150641,1,1,1,1,1,1,1,20260330,20260405
REG_2026-03-302026-04-05150661,1,1,1,1,1,1,1,20260330,20260405
REG_2026-03-302026-04-05150721,1,1,1,1,1,1,1,20260330,20260405
REG_2026-03-302026-04-05150722,1,1,1,1,1,1,1,20260330,20260405
REG_2026-03-302026-04-05150771,1,1,1,1,1,1,1,20260330,20260405
REG_2026-03-302026-04-05150792,1,1,1,1,1,1,1,20260330,20260405
REG_2026-03-302026-04-05150811,1,1,1,1,1,1,1,20260330,20260405
REG_2026-03-302026-04-05150831,1,1,1,1,1,1,1,20260330,20260405
REG_2026-03-302026-04-05150851,1,1,1,1,1,1,1,20260330,20260405
REG_2026-03-302026-04-05150871,1,1,1,1,1,1,1,20260330,20260405
REG_2026-03-302026-04-05150891,1,1,1,1,1,1,1,20260330,20260405
REG_2026-03-302026-04-05150921,1,1,1,1,1,1,1,20260330,20260405
REG_2026-03-302026-04-05150922,1,1,1,1,1,1,1,20260330,20260405
REG_2026-03-302026-04-05150951,1,1,1,1,1,1,1,20260330,20260405
REG_2026-03-302026-04-05150972,1,1,1,1,1,1,1,20260330,20260405
REG_2026-03-302026-04-05156201,1,1,1,1,1,1,1,20260330,20260405
REG_2026-03-302026-04-05156221,1,1,1,1,1,1,1,20260330,20260405
REG_2026-03-302026-04-05156231,1,1,1,1,1,1,1,20260330,20260405
REG_2026-03-302026-04-05156241,1,1,1,1,1,1,1,20260330,20260405
REG_2026-03-302026-04-05156251,1,1,1,1,1,1,1,20260330,20260405
REG_2026-03-302026-04-05156311,1,1,1,1,1,1,1,20260330,20260405
REG_2026-03-302026-04-05156322,1,1,1,1,1,1,1,20260330,20260405
REG_2026-03-302026-04-05156332,1,1,1,1,1,1,1,20260330,20260405
REG_2026-03-302026-04-05156342,1,1,1,1,1,1,1,20260330,20260405
REG_2026-03-302026-04-05156352,1,1,1,1,1,1,1,20260330,20260405
REG_2026-03-302026-04-05157881,1,1,1,1,1,1,1,20260330,20260405
REG_2026-03-302026-04-05158021,1,1,1,1,1,1,1,20260330,20260405
REG_2026-03-302026-04-05158041,1,1,1,1,1,1,1,20260330,20260405
REG_2026-03-302026-04-05158181,1,1,1,1,1,1,1,20260330,20260405
REG_2026-03-302026-04-05158201,1,1,1,1,1,1,1,20260330,20260405
REG_2026-03-302026-04-05158251,1,1,1,1,1,1,1,20260330,20260405
REG_2026-03-302026-04-05158271,1,1,1,1,1,1,1,20260330,20260405
REG_2026-03-302026-04-05158291,1,1,1,1,1,1,1,20260330,20260405
REG_2026-03-302026-04-05158311,1,1,1,1,1,1,1,20260330,20260405
REG_2026-03-302026-04-05158331,1,1,1,1,1,1,1,20260330,20260405
REG_2026-03-302026-04-05158431,1,1,1,1,1,1,1,20260330,20260405
REG_2026-03-302026-04-05158451,1,1,1,1,1,1,1,20260330,20260405
REG_2026-03-302026-04-05158471,1,1,1,1,1,1,1,20260330,20260405
REG_2026-03-302026-04-05159011,1,1,1,1,1,1,1,20260330,20260405
REG_2026-03-302026-04-05159041,1,1,1,1,1,1,1,20260330,20260405
REG_2026-03-302026-04-05159091,1,1,1,1,1,1,1,20260330,20260405
REG_2026-03-302026-04-05159111,1,1,1,1,1,1,1,20260330,20260405
REG_2026-03-302026-04-05159112,1,1,1,1,1,1,1,20260330,20260405
REG_2026-03-302026-04-05159151,1,1,1,1,1,1,1,20260330,20260405
REG_2026-03-302026-04-05159181,1,1,1,1,1,1,1,20260330,20260405
REG_2026-03-302026-04-05159231,1,1,1,1,1,1,1,20260330,20260405
REG_2026-03-302026-04-05309261,1,1,1,1,1,1,1,20260330,20260405
REG_2026-03-302026-04-05309281,1,1,1,1,1,1,1,20260330,20260405
REG_2026-03-302026-04-05309301,1,1,1,1,1,1,1,20260330,20260405
REG_2026-03-302026-04-05309321,1,1,1,1,1,1,1,20260330,20260405
REG_2026-03-302026-04-05309341,1,1,1,1,1,1,1,20260330,20260405
REG_2026-04-062026-04-12150011,1,1,1,1,1,1,1,20260406,20260412
REG_2026-04-062026-04-12150021,1,1,1,1,1,1,1,20260406,20260412
REG_2026-04-062026-04-12150051,1,1,1,1,1,1,1,20260406,20260412
REG_2026-04-062026-04-12150071,1,1,1,1,1,1,1,20260406,20260412
REG_2026-04-062026-04-12150072,1,1,1,1,1,1,1,20260406,20260412
REG_2026-04-062026-04-12150091,1,1,1,1,1,1,1,20260406,20260412
REG_2026-04-062026-04-12150101,1,1,1,1,1,1,1,20260406,20260412
REG_2026-04-062026-04-12150181,1,1,1,1,1,1,1,20260406,20260412
REG_2026-04-062026-04-12150182,1,1,1,1,1,1,1,20260406,20260412
REG_2026-04-062026-04-12150301,1,1,1,1,1,1,1,20260406,20260412
REG_2026-04-062026-04-12150302,1,1,1,1,1,1,1,20260406,20260412
REG_2026-04-062026-04-12150461,1,1,1,1,1,1,1,20260406,20260412
REG_2026-04-062026-04-12150551,1,1,1,1,1,1,1,20260406,20260412
REG_2026-04-062026-04-12150571,1,1,1,1,1,1,1,20260406,20260412
REG_2026-04-062026-04-12150581,1,1,1,1,1,1,1,20260406,20260412
REG_2026-04-062026-04-12150621,1,1,1,1,1,1,1,20260406,20260412
REG_2026-04-062026-04-12150641,1,1,1,1,1,1,1,20260406,20260412
REG_2026-04-062026-04-12150661,1,1,1,1,1,1,1,20260406,20260412
REG_2026-04-062026-04-12150721,1,1,1,1,1,1,1,20260406,20260412
REG_2026-04-062026-04-12150722,1,1,1,1,1,1,1,20260406,20260412
REG_2026-04-062026-04-12150771,1,1,1,1,1,1,1,20260406,20260412
REG_2026-04-062026-04-12150792,1,1,1,1,1,1,1,20260406,20260412
REG_2026-04-062026-04-12150811,1,1,1,1,1,1,1,20260406,20260412
REG_2026-04-062026-04-12150831,1,1,1,1,1,1,1,20260406,20260412
REG_2026-04-062026-04-12150851,1,1,1,1,1,1,1,20260406,20260412
REG_2026-04-062026-04-12150871,1,1,1,1,1,1,1,20260406,20260412
REG_2026-04-062026-04-12150891,1,1,1,1,1,1,1,20260406,20260412
REG_2026-04-062026-04-12150921,1,1,1,1,1,1,1,20260406,20260412
REG_2026-04-062026-04-12150922,1,1,1,1,1,1,1,20260406,20260412
REG_2026-04-062026-04-12150951,1,1,1,1,1,1,1,20260406,20260412
REG_2026-04-062026-04-12150972,1,1,1,1,1,1,1,20260406,20260412
REG_2026-04-062026-04-12156201,1,1,1,1,1,1,1,20260406,20260412
REG_2026-04-062026-04-12156221,1,1,1,1,1,1,1,20260406,20260412
REG_2026-04-062026-04-12156231,1,1,1,1,1,1,1,20260406,20260412
REG_2026-04-062026-04-12156241,1,1,1,1,1,1,1,20260406,20260412
REG_2026-04-062026-04-12156251,1,1,1,1,1,1,1,20260406,20260412
REG_2026-04-062026-04-12156311,1,1,1,1,1,1,1,20260406,20260412
REG_2026-04-062026-04-12156322,1,1,1,1,1,1,1,20260406,20260412
REG_2026-04-062026-04-12156332,1,1,1,1,1,1,1,20260406,20260412
REG_2026-04-062026-04-12156342,1,1,1,1,1,1,1,20260406,20260412
REG_2026-04-062026-04-12156352,1,1,1,1,1,1,1,20260406,20260412
REG_2026-04-062026-04-12157881,1,1,1,1,1,1,1,20260406,20260412
REG_2026-04-062026-04-12158021,1,1,1,1,1,1,1,20260406,20260412
REG_2026-04-062026-04-12158041,1,1,1,1,1,1,1,20260406,20260412
REG_2026-04-062026-04-12158181,1,1,1,1,1,1,1,20260406,20260412
REG_2026-04-062026-04-12158201,1,1,1,1,1,1,1,20260406,20260412
REG_2026-04-062026-04-12158251,1,1,1,1,1,1,1,20260406,20260412
REG_2026-04-062026-04-12158271,1,1,1,1,1,1,1,20260406,20260412
REG_2026-04-062026-04-12158291,1,1,1,1,1,1,1,20260406,20260412
REG_2026-04-062026-04-12158311,1,1,1,1,1,1,1,20260406,20260412
REG_2026-04-062026-04-12158331,1,1,1,1,1,1,1,20260406,20260412
REG_2026-04-062026-04-12158431,1,1,1,1,1,1,1,20260406,20260412
REG_2026-04-062026-04-12158451,1,1,1,1,1,1,1,20260406,20260412
REG_2026-04-062026-04-12158471,1,1,1,1,1,1,1,20260406,20260412
REG_2026-04-062026-04-12159011,1,1,1,1,1,1,1,20260406,20260412
REG_2026-04-062026-04-12159041,1,1,1,1,1,1,1,20260406,20260412
REG_2026-04-062026-04-12159091,1,1,1,1,1,1,1,20260406,20260412
REG_2026-04-062026-04-12159111,1,1,1,1,1,1,1,20260406,20260412
REG_2026-04-062026-04-12159151,1,1,1,1,1,1,1,20260406,20260412
REG_2026-04-062026-04-12159181,1,1,1,1,1,1,1,20260406,20260412
REG_2026-04-062026-04-12159231,1,1,1,1,1,1,1,20260406,20260412
REG_2026-04-062026-04-12309261,1,1,1,1,1,1,1,20260406,20260412
REG_2026-04-062026-04-12309281,1,1,1,1,1,1,1,20260406,20260412
REG_2026-04-062026-04-12309301,1,1,1,1,1,1,1,20260406,20260412
REG_2026-04-062026-04-12309321,1,1,1,1,1,1,1,20260406,20260412
REG_2026-04-062026-04-12309341,1,1,1,1,1,1,1,20260406,20260412
REG_2026-04-062026-04-26159112,1,1,1,1,1,1,1,20260406,20260426
REG_2026-04-132026-04-26150011,1,1,1,1,1,1,1,20260413,20260426
REG_2026-04-132026-04-26150021,1,1,1,1,1,1,1,20260413,20260426
REG_2026-04-132026-04-26150051,1,1,1,1,1,1,1,20260413,20260426
REG_2026-04-132026-04-26150071,1,1,1,1,1,1,1,20260413,20260426
REG_2026-04-132026-04-26150072,1,1,1,1,1,1,1,20260413,20260426
REG_2026-04-132026-04-26150091,1,1,1,1,1,1,1,20260413,20260426
REG_2026-04-132026-04-26150101,1,1,1,1,1,1,1,20260413,20260426
REG_2026-04-132026-04-26150181,1,1,1,1,1,1,1,20260413,20260426
REG_2026-04-132026-04-26150182,1,1,1,1,1,1,1,20260413,20260426
REG_2026-04-132026-04-26150461,1,1,1,1,1,1,1,20260413,20260426
REG_2026-04-132026-04-26150551,1,1,1,1,1,1,1,20260413,20260426
REG_2026-04-132026-04-26150571,1,1,1,1,1,1,1,20260413,20260426
REG_2026-04-132026-04-26150581,1,1,1,1,1,1,1,20260413,20260426
REG_2026-04-132026-04-26150621,1,1,1,1,1,1,1,20260413,20260426
REG_2026-04-132026-04-26150641,1,1,1,1,1,1,1,20260413,20260426
REG_2026-04-132026-04-26150661,1,1,1,1,1,1,1,20260413,20260426
REG_2026-04-132026-04-26150721,1,1,1,1,1,1,1,20260413,20260426
REG_2026-04-132026-04-26150722,1,1,1,1,1,1,1,20260413,20260426
REG_2026-04-132026-04-26150771,1,1,1,1,1,1,1,20260413,20260426
REG_2026-04-132026-04-26150792,1,1,1,1,1,1,1,20260413,20260426
REG_2026-04-132026-04-26150811,1,1,1,1,1,1,1,20260413,20260426
REG_2026-04-132026-04-26150831,1,1,1,1,1,1,1,20260413,20260426
REG_2026-04-132026-04-26150851,1,1,1,1,1,1,1,20260413,20260426
REG_2026-04-132026-04-26150871,1,1,1,1,1,1,1,20260413,20260426
REG_2026-04-132026-04-26150891,1,1,1,1,1,1,1,20260413,20260426
REG_2026-04-132026-04-26150921,1,1,1,1,1,1,1,20260413,20260426
REG_2026-04-132026-04-26150922,1,1,1,1,1,1,1,20260413,20260426
REG_2026-04-132026-04-26150951,1,1,1,1,1,1,1,20260413,20260426
REG_2026-04-132026-04-26150972,1,1,1,1,1,1,1,20260413,20260426
REG_2026-04-132026-04-26156201,1,1,1,1,1,1,1,20260413,20260426
REG_2026-04-132026-04-26156221,1,1,1,1,1,1,1,20260413,20260426
REG_2026-04-132026-04-26156231,1,1,1,1,1,1,1,20260413,20260426
REG_2026-04-132026-04-26156241,1,1,1,1,1,1,1,20260413,20260426
REG_2026-04-132026-04-26156251,1,1,1,1,1,1,1,20260413,20260426
REG_2026-04-132026-04-26156311,1,1,1,1,1,1,1,20260413,20260426
REG_2026-04-132026-04-26156332,1,1,1,1,1,1,1,20260413,20260426
REG_2026-04-132026-04-26156342,1,1,1,1,1,1,1,20260413,20260426
REG_2026-04-132026-04-26156352,1,1,1,1,1,1,1,20260413,20260426
REG_2026-04-132026-04-26157881,1,1,1,1,1,1,1,20260413,20260426
REG_2026-04-132026-04-26158021,1,1,1,1,1,1,1,20260413,20260426
REG_2026-04-132026-04-26158041,1,1,1,1,1,1,1,20260413,20260426
REG_2026-04-132026-04-26158181,1,1,1,1,1,1,1,20260413,20260426
REG_2026-04-132026-04-26158201,1,1,1,1,1,1,1,20260413,20260426
REG_2026-04-132026-04-26158251,1,1,1,1,1,1,1,20260413,20260426
REG_2026-04-132026-04-26158271,1,1,1,1,1,1,1,20260413,20260426
REG_2026-04-132026-04-26158291,1,1,1,1,1,1,1,20260413,20260426
REG_2026-04-132026-04-26158311,1,1,1,1,1,1,1,20260413,20260426
REG_2026-04-132026-04-26158331,1,1,1,1,1,1,1,20260413,20260426
REG_2026-04-132026-04-26158431,1,1,1,1,1,1,1,20260413,20260426
REG_2026-04-132026-04-26158451,1,1,1,1,1,1,1,20260413,20260426
REG_2026-04-132026-04-26158471,1,1,1,1,1,1,1,20260413,20260426
REG_2026-04-132026-04-26159041,1,1,1,1,1,1,1,20260413,20260426
REG_2026-04-132026-04-26159091,1,1,1,1,1,1,1,20260413,20260426
REG_2026-04-132026-04-26159111,1,1,1,1,1,1,1,20260413,20260426
REG_2026-04-132026-04-26159151,1,1,1,1,1,1,1,20260413,20260426
REG_2026-04-132026-04-26159231,1,1,1,1,1,1,1,20260413,20260426
REG_2026-04-132026-04-26309261,1,1,1,1,1,1,1,20260413,20260426
REG_2026-04-132026-04-26309281,1,1,1,1,1,1,1,20260413,20260426
REG_2026-04-132026-04-26309301,1,1,1,1,1,1,1,20260413,20260426
REG_2026-04-132026-04-26309321,1,1,1,1,1,1,1,20260413,20260426
REG_2026-04-132026-04-26309341,1,1,1,1,1,1,1,20260413,20260426
REG_2026-04-132026-06-07159181,1,1,1,1,1,1,1,20260413,20260607
REG_2026-04-132026-06-08150301,1,1,1,1,1,1,1,20260413,20260608
REG_2026-04-132026-06-12159011,1,1,1,1,1,1,1,20260413,20260612
REG_2026-04-132026-06-13150302,1,1,1,1,1,1,1,20260413,20260613
REG_2026-04-132026-06-13156322,1,1,1,1,1,1,1,20260413,20260613
REG_2026-04-272026-05-03150011,1,1,1,1,1,1,1,20260427,20260503
REG_2026-04-272026-05-03150021,1,1,1,1,1,1,1,20260427,20260503
REG_2026-04-272026-05-03150051,1,1,1,1,1,1,1,20260427,20260503
REG_2026-04-272026-05-03150071,1,1,1,1,1,1,1,20260427,20260503
REG_2026-04-272026-05-03150072,1,1,1,1,1,1,1,20260427,20260503
REG_2026-04-272026-05-03150091,1,1,1,1,1,1,1,20260427,20260503
REG_2026-04-272026-05-03150101,1,1,1,1,1,1,1,20260427,20260503
REG_2026-04-272026-05-03150181,1,1,1,1,1,1,1,20260427,20260503
REG_2026-04-272026-05-03150182,1,1,1,1,1,1,1,20260427,20260503
REG_2026-04-272026-05-03150461,1,1,1,1,1,1,1,20260427,20260503
REG_2026-04-272026-05-03150551,1,1,1,1,1,1,1,20260427,20260503
REG_2026-04-272026-05-03150571,1,1,1,1,1,1,1,20260427,20260503
REG_2026-04-272026-05-03150581,1,1,1,1,1,1,1,20260427,20260503
REG_2026-04-272026-05-03150621,1,1,1,1,1,1,1,20260427,20260503
REG_2026-04-272026-05-03150641,1,1,1,1,1,1,1,20260427,20260503
REG_2026-04-272026-05-03150661,1,1,1,1,1,1,1,20260427,20260503
REG_2026-04-272026-05-03150721,1,1,1,1,1,1,1,20260427,20260503
REG_2026-04-272026-05-03150722,1,1,1,1,1,1,1,20260427,20260503
REG_2026-04-272026-05-03150771,1,1,1,1,1,1,1,20260427,20260503
REG_2026-04-272026-05-03150792,1,1,1,1,1,1,1,20260427,20260503
REG_2026-04-272026-05-03150811,1,1,1,1,1,1,1,20260427,20260503
REG_2026-04-272026-05-03150831,1,1,1,1,1,1,1,20260427,20260503
REG_2026-04-272026-05-03150851,1,1,1,1,1,1,1,20260427,20260503
REG_2026-04-272026-05-03150871,1,1,1,1,1,1,1,20260427,20260503
REG_2026-04-272026-05-03150891,1,1,1,1,1,1,1,20260427,20260503
REG_2026-04-272026-05-03150921,1,1,1,1,1,1,1,20260427,20260503
REG_2026-04-272026-05-03150922,1,1,1,1,1,1,1,20260427,20260503
REG_2026-04-272026-05-03150951,1,1,1,1,1,1,1,20260427,20260503
REG_2026-04-272026-05-03150972,1,1,1,1,1,1,1,20260427,20260503
REG_2026-04-272026-05-03156201,1,1,1,1,1,1,1,20260427,20260503
REG_2026-04-272026-05-03156221,1,1,1,1,1,1,1,20260427,20260503
REG_2026-04-272026-05-03156231,1,1,1,1,1,1,1,20260427,20260503
REG_2026-04-272026-05-03156241,1,1,1,1,1,1,1,20260427,20260503
REG_2026-04-272026-05-03156251,1,1,1,1,1,1,1,20260427,20260503
REG_2026-04-272026-05-03156311,1,1,1,1,1,1,1,20260427,20260503
REG_2026-04-272026-05-03156332,1,1,1,1,1,1,1,20260427,20260503
REG_2026-04-272026-05-03156342,1,1,1,1,1,1,1,20260427,20260503
REG_2026-04-272026-05-03156352,1,1,1,1,1,1,1,20260427,20260503
REG_2026-04-272026-05-03157881,1,1,1,1,1,1,1,20260427,20260503
REG_2026-04-272026-05-03158021,1,1,1,1,1,1,1,20260427,20260503
REG_2026-04-272026-05-03158041,1,1,1,1,1,1,1,20260427,20260503
REG_2026-04-272026-05-03158181,1,1,1,1,1,1,1,20260427,20260503
REG_2026-04-272026-05-03158201,1,1,1,1,1,1,1,20260427,20260503
REG_2026-04-272026-05-03158251,1,1,1,1,1,1,1,20260427,20260503
REG_2026-04-272026-05-03158271,1,1,1,1,1,1,1,20260427,20260503
REG_2026-04-272026-05-03158291,1,1,1,1,1,1,1,20260427,20260503
REG_2026-04-272026-05-03158311,1,1,1,1,1,1,1,20260427,20260503
REG_2026-04-272026-05-03158331,1,1,1,1,1,1,1,20260427,20260503
REG_2026-04-272026-05-03158431,1,1,1,1,1,1,1,20260427,20260503
REG_2026-04-272026-05-03158451,1,1,1,1,1,1,1,20260427,20260503
REG_2026-04-272026-05-03158471,1,1,1,1,1,1,1,20260427,20260503
REG_2026-04-272026-05-03159041,1,1,1,1,1,1,1,20260427,20260503
REG_2026-04-272026-05-03159091,1,1,1,1,1,1,1,20260427,20260503
REG_2026-04-272026-05-03159111,1,1,1,1,1,1,1,20260427,20260503
REG_2026-04-272026-05-03159112,1,1,1,1,1,1,1,20260427,20260503
REG_2026-04-272026-05-03159151,1,1,1,1,1,1,1,20260427,20260503
REG_2026-04-272026-05-03159231,1,1,1,1,1,1,1,20260427,20260503
REG_2026-04-272026-05-03309261,1,1,1,1,1,1,1,20260427,20260503
REG_2026-04-272026-05-03309281,1,1,1,1,1,1,1,20260427,20260503
REG_2026-04-272026-05-03309301,1,1,1,1,1,1,1,20260427,20260503
REG_2026-04-272026-05-03309321,1,1,1,1,1,1,1,20260427,20260503
REG_2026-04-272026-05-03309341,1,1,1,1,1,1,1,20260427,20260503
REG_2026-05-042026-05-31150871,1,1,1,1,1,1,1,20260504,20260531
REG_2026-05-042026-06-07150072,1,1,1,1,1,1,1,20260504,20260607
REG_2026-05-042026-06-07150182,1,1,1,1,1,1,1,20260504,20260607
REG_2026-05-042026-06-07150641,1,1,1,1,1,1,1,20260504,20260607
REG_2026-05-042026-06-07159111,1,1,1,1,1,1,1,20260504,20260607
REG_2026-05-042026-06-07159151,1,1,1,1,1,1,1,20260504,20260607
REG_2026-05-042026-06-12150011,1,1,1,1,1,1,1,20260504,20260612
REG_2026-05-042026-06-12150021,1,1,1,1,1,1,1,20260504,20260612
REG_2026-05-042026-06-12150051,1,1,1,1,1,1,1,20260504,20260612
REG_2026-05-042026-06-12150071,1,1,1,1,1,1,1,20260504,20260612
REG_2026-05-042026-06-12150091,1,1,1,1,1,1,1,20260504,20260612
REG_2026-05-042026-06-12150101,1,1,1,1,1,1,1,20260504,20260612
REG_2026-05-042026-06-12150181,1,1,1,1,1,1,1,20260504,20260612
REG_2026-05-042026-06-12150551,1,1,1,1,1,1,1,20260504,20260612
REG_2026-05-042026-06-12150581,1,1,1,1,1,1,1,20260504,20260612
REG_2026-05-042026-06-12150621,1,1,1,1,1,1,1,20260504,20260612
REG_2026-05-042026-06-12150722,1,1,1,1,1,1,1,20260504,20260612
REG_2026-05-042026-06-12150771,1,1,1,1,1,1,1,20260504,20260612
REG_2026-05-042026-06-12150792,1,1,1,1,1,1,1,20260504,20260612
REG_2026-05-042026-06-12150811,1,1,1,1,1,1,1,20260504,20260612
REG_2026-05-042026-06-12150831,1,1,1,1,1,1,1,20260504,20260612
REG_2026-05-042026-06-12150851,1,1,1,1,1,1,1,20260504,20260612
REG_2026-05-042026-06-12150922,1,1,1,1,1,1,1,20260504,20260612
REG_2026-05-042026-06-12150951,1,1,1,1,1,1,1,20260504,20260612
REG_2026-05-042026-06-12150972,1,1,1,1,1,1,1,20260504,20260612
REG_2026-05-042026-06-12156201,1,1,1,1,1,1,1,20260504,20260612
REG_2026-05-042026-06-12156221,1,1,1,1,1,1,1,20260504,20260612
REG_2026-05-042026-06-12156231,1,1,1,1,1,1,1,20260504,20260612
REG_2026-05-042026-06-12156241,1,1,1,1,1,1,1,20260504,20260612
REG_2026-05-042026-06-12156251,1,1,1,1,1,1,1,20260504,20260612
REG_2026-05-042026-06-12156311,1,1,1,1,1,1,1,20260504,20260612
REG_2026-05-042026-06-12157881,1,1,1,1,1,1,1,20260504,20260612
REG_2026-05-042026-06-12158021,1,1,1,1,1,1,1,20260504,20260612
REG_2026-05-042026-06-12158181,1,1,1,1,1,1,1,20260504,20260612
REG_2026-05-042026-06-12158201,1,1,1,1,1,1,1,20260504,20260612
REG_2026-05-042026-06-12158251,1,1,1,1,1,1,1,20260504,20260612
REG_2026-05-042026-06-12158271,1,1,1,1,1,1,1,20260504,20260612
REG_2026-05-042026-06-12158291,1,1,1,1,1,1,1,20260504,20260612
REG_2026-05-042026-06-12158311,1,1,1,1,1,1,1,20260504,20260612
REG_2026-05-042026-06-12158331,1,1,1,1,1,1,1,20260504,20260612
REG_2026-05-042026-06-12159041,1,1,1,1,1,1,1,20260504,20260612
REG_2026-05-042026-06-12159112,1,1,1,1,1,1,1,20260504,20260612
REG_2026-05-042026-06-12309261,1,1,1,1,1,1,1,20260504,20260612
REG_2026-05-042026-06-12309281,1,1,1,1,1,1,1,20260504,20260612
REG_2026-05-042026-06-12309301,1,1,1,1,1,1,1,20260504,20260612
REG_2026-05-042026-06-12309321,1,1,1,1,1,1,1,20260504,20260612
REG_2026-05-042026-06-12309341,1,1,1,1,1,1,1,20260504,20260612
REG_2026-05-042026-06-13150461,1,1,1,1,1,1,1,20260504,20260613
REG_2026-05-042026-06-13150571,1,1,1,1,1,1,1,20260504,20260613
REG_2026-05-042026-06-13150661,1,1,1,1,1,1,1,20260504,20260613
REG_2026-05-042026-06-13150721,1,1,1,1,1,1,1,20260504,20260613
REG_2026-05-042026-06-13150891,1,1,1,1,1,1,1,20260504,20260613
REG_2026-05-042026-06-13150921,1,1,1,1,1,1,1,20260504,20260613
REG_2026-05-042026-06-13156332,1,1,1,1,1,1,1,20260504,20260613
REG_2026-05-042026-06-13156342,1,1,1,1,1,1,1,20260504,20260613
REG_2026-05-042026-06-13156352,1,1,1,1,1,1,1,20260504,20260613
REG_2026-05-042026-06-13158041,1,1,1,1,1,1,1,20260504,20260613
REG_2026-05-042026-06-13158431,1,1,1,1,1,1,1,20260504,20260613
REG_2026-05-042026-06-13158451,1,1,1,1,1,1,1,20260504,20260613
REG_2026-05-042026-06-13158471,1,1,1,1,1,1,1,20260504,20260613
REG_2026-05-042026-06-13159091,1,1,1,1,1,1,1,20260504,20260613
REG_2026-05-042026-06-13159231,1,1,1,1,1,1,1,20260504,20260613
REG_2026-06-012026-06-12150871,1,1,1,1,1,1,1,20260601,20260612
REG_2026-12-012026-12-31350061,1,1,1,1,1,1,1,20261201,20261231
REU_15,1,1,1,1,1,0,0,20250216,20260223
REU_66,0,0,0,0,0,1,0,20250216,20260223
REU_77,0,0,0,0,0,0,1,20250216,20260223
ROD_1,1,1,1,1,1,1,0,20251104,20260531
ROD_2,1,1,1,1,1,0,0,20251104,20260531
ROD_2024-01-022024-12-31RG1,1,1,1,1,1,0,0,20240102,20270407
ROD_2024-01-022024-12-31RT2,1,1,1,1,1,1,1,20240102,20270407
ROD_2026-04-062026-04-12156091,1,1,1,1,1,1,1,20260406,20270407
ROD_2026-04-062026-04-12156211,1,1,1,1,1,1,1,20260406,20270407
ROD_2026-04-062026-04-12156212,1,1,1,1,1,1,1,20260406,20270407
ROD_2026-04-062026-04-12156321,1,1,1,1,1,1,1,20260406,20270407
ROD_2026-04-062026-04-12156331,1,1,1,1,1,1,1,20260406,20270407
ROD_2026-04-062026-04-12156341,1,1,1,1,1,1,1,20260406,20270407
ROD_2026-04-062026-04-12156351,1,1,1,1,1,1,1,20260406,20270407
ROD_2026-04-062026-04-12156361,1,1,1,1,1,1,1,20260406,20270407
ROD_2026-04-062026-04-12156381,1,1,1,1,1,1,1,20260406,20270407
ROD_2026-04-062026-04-12156391,1,1,1,1,1,1,1,20260406,20270407
ROD_2026-04-062026-06-13152101,1,1,1,1,1,1,1,20260406,20270407
ROD_2026-04-062026-06-13152111,1,1,1,1,1,1,1,20260406,20270407
ROD_2026-04-062026-06-13152121,1,1,1,1,1,1,1,20260406,20270407
ROD_2026-04-062026-06-13152131,1,1,1,1,1,1,1,20260406,20270407
ROD_2026-04-062026-06-13152141,1,1,1,1,1,1,1,20260406,20270407
ROD_2026-04-062026-06-13152151,1,1,1,1,1,1,1,20260406,20270407
ROD_2026-04-062026-06-13152161,1,1,1,1,1,1,1,20260406,20270407
ROD_2026-04-062026-06-13152171,1,1,1,1,1,1,1,20260406,20270407
ROD_2026-04-062026-06-13152181,1,1,1,1,1,1,1,20260406,20270407
ROD_2026-04-062026-06-13152191,1,1,1,1,1,1,1,20260406,20270407
ROD_2026-04-062026-06-13152201,1,1,1,1,1,1,1,20260406,20270407
ROD_2026-04-062026-06-13152211,1,1,1,1,1,1,1,20260406,20270407
ROD_2026-04-062026-06-13152221,1,1,1,1,1,1,1,20260406,20270407
ROD_2026-04-062026-06-13152231,1,1,1,1,1,1,1,20260406,20270407
ROD_2026-04-062026-06-13152241,1,1,1,1,1,1,1,20260406,20270407
ROD_2026-04-062026-06-13152251,1,1,1,1,1,1,1,20260406,20270407
ROD_2026-04-062026-06-13156101,1,1,1,1,1,1,1,20260406,20270407
ROD_2026-04-062026-06-13156131,1,1,1,1,1,1,1,20260406,20270407
ROD_2026-04-062026-06-13156301,1,1,1,1,1,1,1,20260406,20270407
ROD_2026-04-132026-04-26156091,1,1,1,1,1,1,1,20260413,20270407
ROD_2026-04-132026-04-26156211,1,1,1,1,1,1,1,20260413,20270407
ROD_2026-04-132026-04-26156321,1,1,1,1,1,1,1,20260413,20270407
ROD_2026-04-132026-04-26156331,1,1,1,1,1,1,1,20260413,20270407
ROD_2026-04-132026-04-26156341,1,1,1,1,1,1,1,20260413,20270407
ROD_2026-04-132026-04-26156351,1,1,1,1,1,1,1,20260413,20270407
ROD_2026-04-132026-04-26156361,1,1,1,1,1,1,1,20260413,20270407
ROD_2026-04-132026-04-26156381,1,1,1,1,1,1,1,20260413,20270407
ROD_2026-04-132026-04-26156391,1,1,1,1,1,1,1,20260413,20270407
ROD_2026-04-132026-06-13156212,1,1,1,1,1,1,1,20260413,20270407
ROD_2026-04-272026-05-03156091,1,1,1,1,1,1,1,20260427,20270407
ROD_2026-04-272026-05-03156211,1,1,1,1,1,1,1,20260427,20270407
ROD_2026-04-272026-05-03156321,1,1,1,1,1,1,1,20260427,20270407
ROD_2026-04-272026-05-03156331,1,1,1,1,1,1,1,20260427,20270407
ROD_2026-04-272026-05-03156341,1,1,1,1,1,1,1,20260427,20270407
ROD_2026-04-272026-05-03156351,1,1,1,1,1,1,1,20260427,20270407
ROD_2026-04-272026-05-03156361,1,1,1,1,1,1,1,20260427,20270407
ROD_2026-04-272026-05-03156381,1,1,1,1,1,1,1,20260427,20270407
ROD_2026-04-272026-05-03156391,1,1,1,1,1,1,1,20260427,20270407
ROD_2026-05-042026-06-12156091,1,1,1,1,1,1,1,20260504,20270407
ROD_2026-05-042026-06-12156211,1,1,1,1,1,1,1,20260504,20270407
ROD_2026-05-042026-06-12156321,1,1,1,1,1,1,1,20260504,20270407
ROD_2026-05-042026-06-12156331,1,1,1,1,1,1,1,20260504,20270407
ROD_2026-05-042026-06-12156341,1,1,1,1,1,1,1,20260504,20270407
ROD_2026-05-042026-06-12156351,1,1,1,1,1,1,1,20260504,20270407
ROD_2026-05-042026-06-12156361,1,1,1,1,1,1,1,20260504,20270407
ROD_2026-05-042026-06-12156381,1,1,1,1,1,1,1,20260504,20270407
ROD_2026-05-042026-06-12156391,1,1,1,1,1,1,1,20260504,20270407
ROD_3,1,1,1,1,1,1,1,20251104,20260531
ROD_5101M,0,1,0,0,0,0,0,20260414,20260414
ROD_5102X,0,0,1,0,0,0,0,20260415,20260415
ROD_5103J,0,0,0,1,0,0,0,20260416,20260416
ROD_5104V,0,0,0,0,1,0,0,20260417,20260417
ROD_5105S,0,0,0,0,0,1,0,20260418,20260418
ROD_5106D,0,0,0,0,0,0,1,20260419,20260419
ROD_5107L,1,0,0,0,0,0,0,20260420,20260420
ROD_5108M,0,1,0,0,0,0,0,20260421,20260421
ROD_5109X,0,0,1,0,0,0,0,20260422,20260422
ROD_5110J,0,0,0,1,0,0,0,20260423,20260423
ROD_5111V,0,0,0,0,1,0,0,20260424,20260424
ROD_5112S,0,0,0,0,0,1,0,20260425,20260425
ROD_5113D,0,0,0,0,0,0,1,20260426,20260426
ROD_5114L,1,0,0,0,0,0,0,20260427,20260427
ROD_5115M,0,1,0,0,0,0,0,20260428,20260428
ROD_5116X,0,0,1,0,0,0,0,20260429,20260429
ROD_5117J,0,0,0,1,0,0,0,20260430,20260430
ROD_5118V,0,0,0,0,1,0,0,20260501,20260501
ROD_5119J,0,0,0,1,0,0,0,20251016,20270407
ROD_5119S,0,0,0,0,0,1,0,20260502,20260502
ROD_5120D,0,0,0,0,0,0,1,20260503,20260503
ROD_5120V,0,0,0,0,1,0,0,20251017,20270407
ROD_5121L,1,0,0,0,0,0,0,20260504,20260504
ROD_5121S,0,0,0,0,0,1,0,20251018,20270407
ROD_5122D,0,0,0,0,0,0,1,20251019,20270407
ROD_5122M,0,1,0,0,0,0,0,20260505,20260505
ROD_5123L,1,0,0,0,0,0,0,20251020,20270407
ROD_5123X,0,0,1,0,0,0,0,20260506,20260506
ROD_5124M,0,1,0,0,0,0,0,20251021,20270407
ROD_5125X,0,0,1,0,0,0,0,20251022,20270407
ROD_5126J,0,0,0,1,0,0,0,20251023,20270407
ROD_5127V,0,0,0,0,1,0,0,20251024,20270407
ROD_5128S,0,0,0,0,0,1,0,20251025,20270407
ROD_5129D,0,0,0,0,0,0,1,20251026,20270407
ROD_5193M,0,1,0,0,0,0,0,20260407,20260407
ROD_5194X,0,0,1,0,0,0,0,20260408,20260408
ROD_5195J,0,0,0,1,0,0,0,20260409,20260409
ROD_5196V,0,0,0,0,1,0,0,20260410,20260410
ROD_5197S,0,0,0,0,0,1,0,20260411,20260411
ROD_5198D,0,0,0,0,0,0,1,20260412,20260412
ROD_5199L,1,0,0,0,0,0,0,20260413,20260413
ROS_Feiner (esitu) L1,1,1,1,1,1,1,1,20250601,20250930
ROS_Feiner (hivern) L1,1,1,1,1,1,1,0,20251001,20260531
ROS_Feiner L3,1,1,1,1,1,1,0,20250101,20251231
ROS_Festiu (hivern) L1,0,0,0,0,0,0,1,20251001,20260531
ROS_Servei L2,1,1,1,1,1,1,1,20250601,20250930
SAG_02530010715,1,1,1,1,1,0,0,20180101,20261231
SAG_02530010805,1,1,1,1,1,0,0,20180101,20261231
SAG_02530021710,1,1,1,1,1,0,0,20180101,20261231
SAG_02531010735,1,1,1,1,1,0,0,20180101,20261231
SAG_02531011730,1,1,1,1,1,0,0,20180101,20261231
SAG_02531020820,1,1,1,1,1,0,0,20180101,20261231
SAG_02540011245,0,1,0,1,0,0,0,20200729,20261231
SAG_02540011640,0,1,0,1,0,0,0,20200729,20261231
SAG_02540011930,0,1,0,1,0,0,0,20200729,20261231
SAG_02541011315,0,1,0,1,0,0,0,20200729,20261231
SAG_02541011730,0,1,0,1,0,0,0,20200729,20261231
SAG_02950020645,1,1,1,1,1,0,0,20240603,20261231
SAG_02950020715,1,1,1,1,1,0,0,20240603,20261231
SAG_02950020745,1,1,1,1,1,0,0,20240603,20261231
SAG_02950020815,1,1,1,1,1,0,0,20240603,20261231
SAG_02950020845,1,1,1,1,1,1,0,20240603,20261231
SAG_02950020915,1,1,1,1,1,1,0,20240603,20261231
SAG_02950020945,1,1,1,1,1,1,0,20240603,20261231
SAG_02950021015,1,1,1,1,1,1,0,20240603,20261231
SAG_02950021045,1,1,1,1,1,1,0,20240603,20261231
SAG_02950021115,1,1,1,1,1,1,0,20240603,20261231
SAG_02950021145,1,1,1,1,1,1,0,20240603,20261231
SAG_02950021215,1,1,1,1,1,1,0,20240603,20261231
SAG_02950021245,1,1,1,1,1,1,0,20240603,20261231
SAG_02950021315,1,1,1,1,1,1,0,20240603,20261231
SAG_02950021345,1,1,1,1,1,0,0,20240603,20261231
SAG_02950021415,1,1,1,1,1,0,0,20240603,20261231
SAG_02950021445,1,1,1,1,1,0,0,20240603,20261231
SAG_02950021515,1,1,1,1,1,0,0,20240603,20261231
SAG_02950021545,1,1,1,1,1,0,0,20240603,20261231
SAG_02950021630,1,1,1,1,1,0,0,20240603,20261231
SAG_02950021715,1,1,1,1,1,0,0,20240603,20261231
SAG_02950021745,1,1,1,1,1,0,0,20240603,20261231
SAG_02950021815,1,1,1,1,1,0,0,20240603,20261231
SAG_02950021845,1,1,1,1,1,0,0,20240603,20261231
SAG_02950021915,1,1,1,1,1,0,0,20240603,20261231
SAG_03200050530,1,1,1,1,1,0,0,20250428,20261231
SAG_03200050545,1,1,1,1,1,0,0,20250428,20261231
SAG_03200050600,1,1,1,1,1,0,0,20250428,20261231
SAG_03200050605,1,1,1,1,1,0,0,20260302,20260331
SAG_03200050625,1,1,1,1,1,0,0,20250428,20261231
SAG_03200050630,0,0,0,0,0,1,0,20250428,20261231
SAG_03200050640,1,1,1,1,1,0,0,20250428,20261231
SAG_03200050655,1,1,1,1,1,0,0,20250428,20261231
SAG_03200050700,0,0,0,0,0,1,0,20250428,20261231
SAG_03200050710,1,1,1,1,1,0,0,20250428,20261231
SAG_03200050725,1,1,1,1,1,0,0,20250428,20261231
SAG_03200050730,0,0,0,0,0,1,0,20250428,20261231
SAG_03200050740,1,1,1,1,1,0,0,20250428,20261231
SAG_03200050755,1,1,1,1,1,0,0,20250428,20261231
SAG_03200050800,0,0,0,0,0,1,1,20250428,20261231
SAG_03200050805,1,1,1,1,1,0,0,20260302,20260331
SAG_03200050810,1,1,1,1,1,0,0,20250428,20261231
SAG_03200050825,1,1,1,1,1,0,0,20250428,20261231
SAG_03200050830,0,0,0,0,0,1,1,20250428,20261231
SAG_03200050840,1,1,1,1,1,0,0,20250428,20261231
SAG_03200050855,1,1,1,1,1,0,0,20250428,20261231
SAG_03200050900,0,0,0,0,0,1,1,20250428,20261231
SAG_03200050910,1,1,1,1,1,0,0,20250428,20261231
SAG_03200050925,1,1,1,1,1,0,0,20250428,20261231
SAG_03200050930,0,0,0,0,0,1,1,20250428,20261231
SAG_03200050940,1,1,1,1,1,0,0,20250428,20261231
SAG_03200050955,1,1,1,1,1,0,0,20250428,20261231
SAG_03200051000,0,0,0,0,0,1,1,20250428,20261231
SAG_03200051005,1,1,1,1,1,0,0,20260302,20260331
SAG_03200051010,1,1,1,1,1,0,0,20250428,20261231
SAG_03200051025,1,1,1,1,1,0,0,20250428,20261231
SAG_03200051030,0,0,0,0,0,1,1,20250428,20261231
SAG_03200051040,1,1,1,1,1,0,0,20250428,20261231
SAG_03200051055,1,1,1,1,1,0,0,20250428,20261231
SAG_03200051100,0,0,0,0,0,1,1,20250428,20261231
SAG_03200051110,1,1,1,1,1,0,0,20250428,20261231
SAG_03200051120,1,1,1,1,1,0,0,20250428,20261231
SAG_03200051130,0,0,0,0,0,1,1,20250428,20261231
SAG_03200051140,1,1,1,1,1,0,0,20250428,20261231
SAG_03200051200,1,1,1,1,1,0,0,20250428,20261231
SAG_03200051201,0,0,0,0,0,1,1,20250428,20261231
SAG_03200051205,1,1,1,1,1,0,0,20260302,20260331
SAG_03200051220,1,1,1,1,1,0,0,20250428,20261231
SAG_03200051230,0,0,0,0,0,1,1,20250428,20261231
SAG_03200051250,1,1,1,1,1,0,0,20250428,20261231
SAG_03200051300,0,0,0,0,0,1,1,20250428,20261231
SAG_03200051310,1,1,1,1,1,0,0,20250428,20261231
SAG_03200051330,0,0,0,0,0,1,1,20250428,20261231
SAG_03200051340,1,1,1,1,1,0,0,20250428,20261231
SAG_03200051400,1,1,1,1,1,0,0,20250428,20261231
SAG_03200051401,0,0,0,0,0,1,1,20250428,20261231
SAG_03200051420,1,1,1,1,1,0,0,20250428,20261231
SAG_03200051430,0,0,0,0,0,1,1,20250428,20261231
SAG_03200051435,1,1,1,1,1,0,0,20250428,20261231
SAG_03200051450,1,1,1,1,1,0,0,20250428,20261231
SAG_03200051500,0,0,0,0,0,1,1,20250428,20261231
SAG_03200051505,1,1,1,1,1,0,0,20250428,20261231
SAG_03200051520,1,1,1,1,1,0,0,20250428,20261231
SAG_03200051530,0,0,0,0,0,1,1,20250428,20261231
SAG_03200051535,1,1,1,1,1,0,0,20250428,20261231
SAG_03200051550,1,1,1,1,1,0,0,20250428,20261231
SAG_03200051600,0,0,0,0,0,1,1,20250428,20261231
SAG_03200051605,1,1,1,1,1,0,0,20250428,20261231
SAG_03200051620,1,1,1,1,1,0,0,20250428,20261231
SAG_03200051630,0,0,0,0,0,1,1,20250428,20261231
SAG_03200051635,1,1,1,1,1,0,0,20250428,20261231
SAG_03200051650,1,1,1,1,1,0,0,20250428,20261231
SAG_03200051700,0,0,0,0,0,1,1,20250428,20261231
SAG_03200051705,1,1,1,1,1,0,0,20250428,20261231
SAG_03200051720,1,1,1,1,1,0,0,20250428,20261231
SAG_03200051730,0,0,0,0,0,1,1,20250428,20261231
SAG_03200051735,1,1,1,1,1,0,0,20250428,20261231
SAG_03200051750,1,1,1,1,1,0,0,20250428,20261231
SAG_03200051800,0,0,0,0,0,1,1,20250428,20261231
SAG_03200051805,1,1,1,1,1,0,0,20250428,20261231
SAG_03200051820,1,1,1,1,1,0,0,20250428,20261231
SAG_03200051830,0,0,0,0,0,1,1,20250428,20261231
SAG_03200051835,1,1,1,1,1,0,0,20250428,20261231
SAG_03200051850,1,1,1,1,1,0,0,20250428,20261231
SAG_03200051900,0,0,0,0,0,1,1,20250428,20261231
SAG_03200051905,1,1,1,1,1,0,0,20250428,20261231
SAG_03200051920,1,1,1,1,1,0,0,20250428,20261231
SAG_03200051930,0,0,0,0,0,1,1,20250428,20261231
SAG_03200051940,1,1,1,1,1,0,0,20250428,20261231
SAG_03200051955,1,1,1,1,1,0,0,20250428,20261231
SAG_03200052000,0,0,0,0,0,1,1,20250428,20261231
SAG_03200052015,1,1,1,1,1,0,0,20250428,20261231
SAG_03200052030,0,0,0,0,0,1,1,20250428,20261231
SAG_03200052035,1,1,1,1,1,0,0,20250428,20261231
SAG_03200052055,1,1,1,1,1,0,0,20250428,20261231
SAG_03200052100,0,0,0,0,0,1,1,20250428,20261231
SAG_03200052120,1,1,1,1,1,0,0,20250428,20261231
SAG_03200052130,0,0,0,0,0,1,1,20250428,20261231
SAG_03200052140,1,1,1,1,1,0,0,20250428,20261231
SAG_03200052155,1,1,1,1,1,0,0,20250428,20261231
SAG_03200052200,0,0,0,0,0,1,1,20250428,20261231
SAG_03200052215,1,1,1,1,1,0,0,20250428,20261231
SAG_03200052230,0,0,0,0,0,1,1,20250428,20261231
SAG_03200052235,1,1,1,1,1,0,0,20250428,20261231
SAG_03200052255,1,1,1,1,1,0,0,20250428,20261231
SAG_03200052320,1,1,1,1,1,0,0,20250428,20261231
SAG_03201050430,1,1,1,1,1,0,0,20250428,20261231
SAG_03201050445,1,1,1,1,1,0,0,20250428,20261231
SAG_03201050500,1,1,1,1,1,0,0,20250428,20261231
SAG_03201050505,1,1,1,1,1,0,0,20260302,20260331
SAG_03201050515,1,1,1,1,1,0,0,20250428,20261231
SAG_03201050530,1,1,1,1,1,0,0,20250428,20261231
SAG_03201050531,0,0,0,0,0,1,0,20250428,20261231
SAG_03201050545,1,1,1,1,1,0,0,20250428,20261231
SAG_03201050600,1,1,1,1,1,0,0,20250428,20261231
SAG_03201050601,0,0,0,0,0,1,0,20250428,20261231
SAG_03201050615,1,1,1,1,1,0,0,20250428,20261231
SAG_03201050630,1,1,1,1,1,0,0,20250428,20261231
SAG_03201050631,0,0,0,0,0,1,0,20250428,20261231
SAG_03201050645,1,1,1,1,1,0,0,20250428,20261231
SAG_03201050700,1,1,1,1,1,0,0,20250428,20261231
SAG_03201050701,0,0,0,0,0,1,1,20250428,20261231
SAG_03201050705,1,1,1,1,1,0,0,20260302,20260331
SAG_03201050715,1,1,1,1,1,0,0,20250428,20261231
SAG_03201050730,1,1,1,1,1,0,0,20250428,20261231
SAG_03201050731,0,0,0,0,0,1,1,20250428,20261231
SAG_03201050745,1,1,1,1,1,0,0,20250428,20261231
SAG_03201050800,1,1,1,1,1,0,0,20250428,20261231
SAG_03201050801,0,0,0,0,0,1,1,20250428,20261231
SAG_03201050815,1,1,1,1,1,0,0,20250428,20261231
SAG_03201050830,1,1,1,1,1,0,0,20250428,20261231
SAG_03201050831,0,0,0,0,0,1,1,20250428,20261231
SAG_03201050845,1,1,1,1,1,0,0,20250428,20261231
SAG_03201050900,1,1,1,1,1,0,0,20250428,20261231
SAG_03201050901,0,0,0,0,0,1,1,20250428,20261231
SAG_03201050905,1,1,1,1,1,0,0,20260302,20260331
SAG_03201050915,1,1,1,1,1,0,0,20250428,20261231
SAG_03201050930,1,1,1,1,1,0,0,20250428,20261231
SAG_03201050931,0,0,0,0,0,1,1,20250428,20261231
SAG_03201050945,1,1,1,1,1,0,0,20250428,20261231
SAG_03201051000,1,1,1,1,1,0,0,20250428,20261231
SAG_03201051001,0,0,0,0,0,1,1,20250428,20261231
SAG_03201051020,1,1,1,1,1,0,0,20250428,20261231
SAG_03201051030,0,0,0,0,0,1,1,20250428,20261231
SAG_03201051040,1,1,1,1,1,0,0,20250428,20261231
SAG_03201051100,1,1,1,1,1,1,1,20250428,20261231
SAG_03201051105,1,1,1,1,1,0,0,20260302,20260331
SAG_03201051120,1,1,1,1,1,0,0,20250428,20261231
SAG_03201051130,0,0,0,0,0,1,1,20250428,20261231
SAG_03201051150,1,1,1,1,1,0,0,20250428,20261231
SAG_03201051200,0,0,0,0,0,1,1,20250428,20261231
SAG_03201051210,1,1,1,1,1,0,0,20250428,20261231
SAG_03201051230,0,0,0,0,0,1,1,20250428,20261231
SAG_03201051240,1,1,1,1,1,0,0,20250428,20261231
SAG_03201051300,1,1,1,1,1,1,1,20250428,20261231
SAG_03201051310,1,1,1,1,1,0,0,20250428,20261231
SAG_03201051325,1,1,1,1,1,0,0,20250428,20261231
SAG_03201051330,0,0,0,0,0,1,1,20250428,20261231
SAG_03201051340,1,1,1,1,1,0,0,20250428,20261231
SAG_03201051355,1,1,1,1,1,0,0,20250428,20261231
SAG_03201051400,0,0,0,0,0,1,1,20250428,20261231
SAG_03201051410,1,1,1,1,1,0,0,20250428,20261231
SAG_03201051425,1,1,1,1,1,0,0,20250428,20261231
SAG_03201051430,0,0,0,0,0,1,1,20250428,20261231
SAG_03201051440,1,1,1,1,1,0,0,20250428,20261231
SAG_03201051455,1,1,1,1,1,0,0,20250428,20261231
SAG_03201051500,0,0,0,0,0,1,1,20250428,20261231
SAG_03201051510,1,1,1,1,1,0,0,20250428,20261231
SAG_03201051525,1,1,1,1,1,0,0,20250428,20261231
SAG_03201051530,0,0,0,0,0,1,1,20250428,20261231
SAG_03201051540,1,1,1,1,1,0,0,20250428,20261231
SAG_03201051555,1,1,1,1,1,0,0,20250428,20261231
SAG_03201051600,0,0,0,0,0,1,1,20250428,20261231
SAG_03201051610,1,1,1,1,1,0,0,20250428,20261231
SAG_03201051625,1,1,1,1,1,0,0,20250428,20261231
SAG_03201051630,0,0,0,0,0,1,1,20250428,20261231
SAG_03201051640,1,1,1,1,1,0,0,20250428,20261231
SAG_03201051655,1,1,1,1,1,0,0,20250428,20261231
SAG_03201051700,0,0,0,0,0,1,1,20250428,20261231
SAG_03201051710,1,1,1,1,1,0,0,20250428,20261231
SAG_03201051725,1,1,1,1,1,0,0,20250428,20261231
SAG_03201051730,0,0,0,0,0,1,1,20250428,20261231
SAG_03201051740,1,1,1,1,1,0,0,20250428,20261231
SAG_03201051755,1,1,1,1,1,0,0,20250428,20261231
SAG_03201051800,0,0,0,0,0,1,1,20250428,20261231
SAG_03201051810,1,1,1,1,1,0,0,20250428,20261231
SAG_03201051830,1,1,1,1,1,0,0,20250428,20261231
SAG_03201051831,0,0,0,0,0,1,1,20250428,20261231
SAG_03201051855,1,1,1,1,1,0,0,20250428,20261231
SAG_03201051900,0,0,0,0,0,1,1,20250428,20261231
SAG_03201051915,1,1,1,1,1,0,0,20250428,20261231
SAG_03201051930,0,0,0,0,0,1,1,20250428,20261231
SAG_03201051935,1,1,1,1,1,0,0,20250428,20261231
SAG_03201051955,1,1,1,1,1,0,0,20250428,20261231
SAG_03201052000,0,0,0,0,0,1,1,20250428,20261231
SAG_03201052020,1,1,1,1,1,0,0,20250428,20261231
SAG_03201052030,0,0,0,0,0,1,1,20250428,20261231
SAG_03201052040,1,1,1,1,1,0,0,20250428,20261231
SAG_03201052055,1,1,1,1,1,0,0,20250428,20261231
SAG_03201052100,0,0,0,0,0,1,1,20250428,20261231
SAG_03201052115,1,1,1,1,1,0,0,20250428,20261231
SAG_03201052130,0,0,0,0,0,1,1,20250428,20261231
SAG_03201052135,1,1,1,1,1,0,0,20250428,20261231
SAG_03201052155,1,1,1,1,1,0,0,20250428,20261231
SAG_03201052220,1,1,1,1,1,0,0,20250428,20261231
SAG_03210040540,1,1,1,1,1,0,0,20250428,20261231
SAG_03210040545,1,1,1,1,1,0,0,20260302,20260331
SAG_03210040555,1,1,1,1,1,0,0,20250428,20261231
SAG_03210040610,1,1,1,1,1,0,0,20250428,20261231
SAG_03210040615,1,1,1,1,1,0,0,20260302,20260331
SAG_03210040625,1,1,1,1,1,0,0,20250428,20261231
SAG_03210040640,1,1,1,1,1,0,0,20250428,20261231
SAG_03210040655,1,1,1,1,1,0,0,20250428,20261231
SAG_03210040710,1,1,1,1,1,0,0,20250428,20261231
SAG_03210040725,1,1,1,1,1,0,0,20250428,20261231
SAG_03210040731,1,1,1,1,1,0,0,20260302,20260331
SAG_03210040740,1,1,1,1,1,0,0,20250428,20261231
SAG_03210040755,1,1,1,1,1,0,0,20250428,20261231
SAG_03210040800,1,1,1,1,1,0,0,20260302,20260331
SAG_03210040810,1,1,1,1,1,0,0,20250428,20261231
SAG_03210040825,1,1,1,1,1,0,0,20250428,20261231
SAG_03210040840,1,1,1,1,1,0,0,20250428,20261231
SAG_03210040855,1,1,1,1,1,0,0,20250428,20261231
SAG_03210040910,1,1,1,1,1,0,0,20250428,20261231
SAG_03210040915,1,1,1,1,1,0,0,20260302,20260331
SAG_03210040925,1,1,1,1,1,0,0,20250428,20261231
SAG_03210040940,1,1,1,1,1,0,0,20250428,20261231
SAG_03210040945,1,1,1,1,1,0,0,20260302,20260331
SAG_03210040955,1,1,1,1,1,0,0,20250428,20261231
SAG_03210041010,1,1,1,1,1,0,0,20250428,20261231
SAG_03210041025,1,1,1,1,1,0,0,20250428,20261231
SAG_03210041040,1,1,1,1,1,0,0,20250428,20261231
SAG_03210041055,1,1,1,1,1,0,0,20250428,20261231
SAG_03210041100,1,1,1,1,1,0,0,20260302,20260331
SAG_03210041110,1,1,1,1,1,0,0,20250428,20261231
SAG_03210041125,1,1,1,1,1,0,0,20250428,20261231
SAG_03210041131,1,1,1,1,1,0,0,20260302,20260331
SAG_03210041140,1,1,1,1,1,0,0,20250428,20261231
SAG_03210041155,1,1,1,1,1,0,0,20250428,20261231
SAG_03210041210,1,1,1,1,1,0,0,20250428,20261231
SAG_03210041225,1,1,1,1,1,0,0,20250428,20261231
SAG_03210041240,1,1,1,1,1,0,0,20250428,20261231
SAG_03210041255,1,1,1,1,1,0,0,20250428,20261231
SAG_03210041310,1,1,1,1,1,0,0,20250428,20261231
SAG_03210041315,1,1,1,1,1,0,0,20260302,20260331
SAG_03210041325,1,1,1,1,1,0,0,20250428,20261231
SAG_03210041340,1,1,1,1,1,0,0,20250428,20261231
SAG_03210041355,1,1,1,1,1,0,0,20250428,20261231
SAG_03210041410,1,1,1,1,1,0,0,20250428,20261231
SAG_03210041425,1,1,1,1,1,0,0,20250428,20261231
SAG_03210041440,1,1,1,1,1,0,0,20250428,20261231
SAG_03210041455,1,1,1,1,1,0,0,20250428,20261231
SAG_03210041510,1,1,1,1,1,0,0,20250428,20261231
SAG_03210041515,1,1,1,1,1,0,0,20260302,20260331
SAG_03210041525,1,1,1,1,1,0,0,20250428,20261231
SAG_03210041540,1,1,1,1,1,0,0,20250428,20261231
SAG_03210041555,1,1,1,1,1,0,0,20250428,20261231
SAG_03210041610,1,1,1,1,1,0,0,20250428,20261231
SAG_03210041625,1,1,1,1,1,0,0,20250428,20261231
SAG_03210041640,1,1,1,1,1,0,0,20250428,20261231
SAG_03210041655,1,1,1,1,1,0,0,20250428,20261231
SAG_03210041700,1,1,1,1,1,0,0,20260302,20260331
SAG_03210041710,1,1,1,1,1,0,0,20250428,20261231
SAG_03210041725,1,1,1,1,1,0,0,20250428,20261231
SAG_03210041740,1,1,1,1,1,0,0,20250428,20261231
SAG_03210041755,1,1,1,1,1,0,0,20250428,20261231
SAG_03210041810,1,1,1,1,1,0,0,20250428,20261231
SAG_03210041825,1,1,1,1,1,0,0,20250428,20261231
SAG_03210041840,1,1,1,1,1,0,0,20250428,20261231
SAG_03210041845,1,1,1,1,1,0,0,20260302,20260331
SAG_03210041855,1,1,1,1,1,0,0,20250428,20261231
SAG_03210041910,1,1,1,1,1,0,0,20250428,20261231
SAG_03210041925,1,1,1,1,1,0,0,20250428,20261231
SAG_03210041940,1,1,1,1,1,0,0,20250428,20261231
SAG_03210041955,1,1,1,1,1,0,0,20250428,20261231
SAG_03210042020,1,1,1,1,1,0,0,20250428,20261231
SAG_03210042025,1,1,1,1,1,0,0,20260302,20260331
SAG_03210042050,1,1,1,1,1,0,0,20250428,20261231
SAG_03210042210,1,1,1,1,1,0,0,20260302,20260331
SAG_03211040445,1,1,1,1,1,0,0,20250428,20261231
SAG_03211040450,1,1,1,1,1,0,0,20260302,20260331
SAG_03211040500,1,1,1,1,1,0,0,20250428,20261231
SAG_03211040515,1,1,1,1,1,0,0,20250428,20261231
SAG_03211040521,1,1,1,1,1,0,0,20260302,20260331
SAG_03211040530,1,1,1,1,1,0,0,20250428,20261231
SAG_03211040545,1,1,1,1,1,0,0,20250428,20261231
SAG_03211040600,1,1,1,1,1,0,0,20250428,20261231
SAG_03211040615,1,1,1,1,1,0,0,20250428,20261231
SAG_03211040630,1,1,1,1,1,0,0,20250428,20261231
SAG_03211040635,1,1,1,1,1,0,0,20260302,20260331
SAG_03211040645,1,1,1,1,1,0,0,20250428,20261231
SAG_03211040700,1,1,1,1,1,0,0,20250428,20261231
SAG_03211040705,1,1,1,1,1,0,0,20260302,20260331
SAG_03211040715,1,1,1,1,1,0,0,20250428,20261231
SAG_03211040730,1,1,1,1,1,0,0,20250428,20261231
SAG_03211040745,1,1,1,1,1,0,0,20250428,20261231
SAG_03211040800,1,1,1,1,1,0,0,20250428,20261231
SAG_03211040815,1,1,1,1,1,0,0,20250428,20261231
SAG_03211040821,1,1,1,1,1,0,0,20260302,20260331
SAG_03211040830,1,1,1,1,1,0,0,20250428,20261231
SAG_03211040845,1,1,1,1,1,0,0,20250428,20261231
SAG_03211040850,1,1,1,1,1,0,0,20260302,20260331
SAG_03211040900,1,1,1,1,1,0,0,20250428,20261231
SAG_03211040915,1,1,1,1,1,0,0,20250428,20261231
SAG_03211040930,1,1,1,1,1,0,0,20250428,20261231
SAG_03211040945,1,1,1,1,1,0,0,20250428,20261231
SAG_03211041000,1,1,1,1,1,0,0,20250428,20261231
SAG_03211041005,1,1,1,1,1,0,0,20260302,20260331
SAG_03211041015,1,1,1,1,1,0,0,20250428,20261231
SAG_03211041030,1,1,1,1,1,0,0,20250428,20261231
SAG_03211041035,1,1,1,1,1,0,0,20260302,20260331
SAG_03211041045,1,1,1,1,1,0,0,20250428,20261231
SAG_03211041100,1,1,1,1,1,0,0,20250428,20261231
SAG_03211041115,1,1,1,1,1,0,0,20250428,20261231
SAG_03211041130,1,1,1,1,1,0,0,20250428,20261231
SAG_03211041145,1,1,1,1,1,0,0,20250428,20261231
SAG_03211041200,1,1,1,1,1,0,0,20250428,20261231
SAG_03211041215,1,1,1,1,1,0,0,20250428,20261231
SAG_03211041221,1,1,1,1,1,0,0,20260302,20260331
SAG_03211041230,1,1,1,1,1,0,0,20250428,20261231
SAG_03211041245,1,1,1,1,1,0,0,20250428,20261231
SAG_03211041300,1,1,1,1,1,0,0,20250428,20261231
SAG_03211041315,1,1,1,1,1,0,0,20250428,20261231
SAG_03211041330,1,1,1,1,1,0,0,20250428,20261231
SAG_03211041345,1,1,1,1,1,0,0,20250428,20261231
SAG_03211041400,1,1,1,1,1,0,0,20250428,20261231
SAG_03211041415,1,1,1,1,1,0,0,20250428,20261231
SAG_03211041421,1,1,1,1,1,0,0,20260302,20260331
SAG_03211041430,1,1,1,1,1,0,0,20250428,20261231
SAG_03211041445,1,1,1,1,1,0,0,20250428,20261231
SAG_03211041500,1,1,1,1,1,0,0,20250428,20261231
SAG_03211041515,1,1,1,1,1,0,0,20250428,20261231
SAG_03211041530,1,1,1,1,1,0,0,20250428,20261231
SAG_03211041545,1,1,1,1,1,0,0,20250428,20261231
SAG_03211041600,1,1,1,1,1,0,0,20250428,20261231
SAG_03211041605,1,1,1,1,1,0,0,20260302,20260331
SAG_03211041615,1,1,1,1,1,0,0,20250428,20261231
SAG_03211041630,1,1,1,1,1,0,0,20250428,20261231
SAG_03211041645,1,1,1,1,1,0,0,20250428,20261231
SAG_03211041700,1,1,1,1,1,0,0,20250428,20261231
SAG_03211041715,1,1,1,1,1,0,0,20250428,20261231
SAG_03211041730,1,1,1,1,1,0,0,20250428,20261231
SAG_03211041745,1,1,1,1,1,0,0,20250428,20261231
SAG_03211041750,1,1,1,1,1,0,0,20260302,20260331
SAG_03211041800,1,1,1,1,1,0,0,20250428,20261231
SAG_03211041815,1,1,1,1,1,0,0,20250428,20261231
SAG_03211041830,1,1,1,1,1,0,0,20250428,20261231
SAG_03211041845,1,1,1,1,1,0,0,20250428,20261231
SAG_03211041901,1,1,1,1,1,0,0,20250428,20261231
SAG_03211041925,1,1,1,1,1,0,0,20250428,20261231
SAG_03211041930,1,1,1,1,1,0,0,20260302,20260331
SAG_03211041955,1,1,1,1,1,0,0,20250428,20261231
SAG_03211042115,1,1,1,1,1,0,0,20260302,20260331
SAG_03240010700,1,1,1,1,1,0,0,20250428,20261231
SAG_03240010730,1,1,1,1,1,0,0,20260302,20260331
SAG_03240010850,1,1,1,1,1,0,0,20250428,20261231
SAG_03240010920,1,1,1,1,1,0,0,20260302,20260331
SAG_03240011040,1,1,1,1,1,0,0,20250428,20261231
SAG_03240011110,1,1,1,1,1,0,0,20260302,20260331
SAG_03240011230,1,1,1,1,1,0,0,20250428,20261231
SAG_03240011300,1,1,1,1,1,0,0,20260302,20260331
SAG_03240011420,1,1,1,1,1,0,0,20250428,20261231
SAG_03240011450,1,1,1,1,1,0,0,20260302,20260331
SAG_03240011610,1,1,1,1,1,0,0,20250428,20261231
SAG_03240011640,1,1,1,1,1,0,0,20260302,20260331
SAG_03240011800,1,1,1,1,1,0,0,20250428,20261231
SAG_03240011830,1,1,1,1,1,0,0,20260302,20260331
SAG_03240011950,1,1,1,1,1,0,0,20250428,20261231
SAG_03240012020,1,1,1,1,1,0,0,20260302,20260331
SAG_03240012140,1,1,1,1,1,0,0,20250428,20261231
SAG_03240012210,1,1,1,1,1,0,0,20260302,20260331
SAG_03241010600,1,1,1,1,1,0,0,20250428,20261231
SAG_03241010630,1,1,1,1,1,0,0,20260302,20260331
SAG_03241010750,1,1,1,1,1,0,0,20250428,20261231
SAG_03241010820,1,1,1,1,1,0,0,20260302,20260331
SAG_03241010940,1,1,1,1,1,0,0,20250428,20261231
SAG_03241011010,1,1,1,1,1,0,0,20260302,20260331
SAG_03241011130,1,1,1,1,1,0,0,20250428,20261231
SAG_03241011200,1,1,1,1,1,0,0,20260302,20260331
SAG_03241011320,1,1,1,1,1,0,0,20250428,20261231
SAG_03241011350,1,1,1,1,1,0,0,20260302,20260331
SAG_03241011510,1,1,1,1,1,0,0,20250428,20261231
SAG_03241011540,1,1,1,1,1,0,0,20260302,20260331
SAG_03241011700,1,1,1,1,1,0,0,20250428,20261231
SAG_03241011730,1,1,1,1,1,0,0,20260302,20260331
SAG_03241011850,1,1,1,1,1,0,0,20250428,20261231
SAG_03241011920,1,1,1,1,1,0,0,20260302,20260331
SAG_03241012040,1,1,1,1,1,0,0,20250428,20261231
SAG_03241012110,1,1,1,1,1,0,0,20260302,20260331
SAG_03260010610,1,1,1,1,1,1,0,20251124,20261231
SAG_03260010700,1,1,1,1,1,0,0,20251124,20261231
SAG_03260010710,0,0,0,0,0,1,1,20251124,20261231
SAG_03260010800,1,1,1,1,1,0,0,20251124,20261231
SAG_03260010810,0,0,0,0,0,1,1,20251124,20261231
SAG_03260010905,1,1,1,1,1,0,0,20251124,20261231
SAG_03260010910,0,0,0,0,0,1,0,20251124,20261231
SAG_03260011010,1,1,1,1,1,1,0,20251124,20261231
SAG_03260011110,1,1,1,1,1,1,1,20251124,20261231
SAG_03260011210,1,1,1,1,1,1,1,20251124,20261231
SAG_03260011310,1,1,1,1,1,1,0,20251124,20261231
SAG_03260011410,1,1,1,1,1,1,1,20251124,20261231
SAG_03260011510,1,1,1,1,1,1,0,20251124,20261231
SAG_03260011555,1,1,1,1,1,0,0,20260302,20260331
SAG_03260011610,1,1,1,1,1,1,0,20251124,20261231
SAG_03260011655,1,1,1,1,1,0,0,20260302,20260331
SAG_03260011710,1,1,1,1,1,1,1,20251124,20261231
SAG_03260011755,1,1,1,1,1,0,0,20260302,20260331
SAG_03260011810,1,1,1,1,1,1,1,20251124,20261231
SAG_03260011855,1,1,1,1,1,0,0,20260302,20260331
SAG_03260011910,1,1,1,1,1,1,0,20251124,20261231
SAG_03260011955,1,1,1,1,1,0,0,20260302,20260331
SAG_03260012010,1,1,1,1,1,1,1,20251124,20261231
SAG_03260012055,1,1,1,1,1,0,0,20260302,20260331
SAG_03260012110,1,1,1,1,1,1,1,20251124,20261231
SAG_03260012155,1,1,1,1,1,0,0,20260302,20260331
SAG_03260012210,1,1,1,1,1,1,1,20251124,20261231
SAG_03260012255,1,1,1,1,1,0,0,20260302,20260331
SAG_03260012310,1,1,1,1,1,1,0,20251124,20261231
SAG_03260020555,1,1,1,1,1,0,0,20251124,20261231
SAG_03260020605,1,1,1,1,1,0,0,20251124,20261231
SAG_03260020625,1,1,1,1,1,0,0,20251124,20261231
SAG_03260020640,1,1,1,1,1,0,0,20251124,20261231
SAG_03260020735,1,1,1,1,1,0,0,20251124,20261231
SAG_03260020835,1,1,1,1,1,0,0,20251124,20261231
SAG_03260020840,0,0,0,0,0,1,0,20251124,20261231
SAG_03260020845,1,1,1,1,1,0,0,20251124,20261231
SAG_03260020910,0,0,0,0,0,0,1,20251124,20261231
SAG_03260020940,1,1,1,1,1,1,0,20251124,20261231
SAG_03260021010,0,0,0,0,0,0,1,20251124,20261231
SAG_03260021040,1,1,1,1,1,1,0,20251124,20261231
SAG_03260021140,1,1,1,1,1,1,0,20251124,20261231
SAG_03260021240,1,1,1,1,1,0,0,20251124,20261231
SAG_03260021241,0,0,0,0,0,1,0,20251124,20261231
SAG_03260021310,0,0,0,0,0,0,1,20251124,20261231
SAG_03260021340,1,1,1,1,1,0,0,20251124,20261231
SAG_03260021341,0,0,0,0,0,1,0,20251124,20261231
SAG_03260021440,1,1,1,1,1,0,0,20251124,20261231
SAG_03260021510,0,0,0,0,0,0,1,20251124,20261231
SAG_03260021540,1,1,1,1,1,0,0,20251124,20261231
SAG_03260021610,0,0,0,0,0,0,1,20251124,20261231
SAG_03260021640,1,1,1,1,1,0,0,20251124,20261231
SAG_03260021740,1,1,1,1,1,1,0,20251124,20261231
SAG_03260021840,1,1,1,1,1,1,0,20251124,20261231
SAG_03260021910,0,0,0,0,0,0,1,20251124,20261231
SAG_03260021940,1,1,1,1,1,1,0,20251124,20261231
SAG_03260022040,1,1,1,1,1,0,0,20251124,20261231
SAG_03260022042,0,0,0,0,0,1,0,20251124,20261231
SAG_03260022140,1,1,1,1,1,0,0,20251124,20261231
SAG_03260022141,0,0,0,0,0,1,0,20251124,20261231
SAG_03260022240,1,1,1,1,1,0,0,20251124,20261231
SAG_03260030715,1,1,1,1,1,0,0,20251124,20261231
SAG_03260030725,1,1,1,1,1,0,0,20251124,20261231
SAG_03260030810,1,1,1,1,1,0,0,20251124,20261231
SAG_03260040820,1,1,1,1,1,0,0,20250428,20261231
SAG_03260040840,1,1,1,1,1,0,0,20250428,20261231
SAG_03260040930,1,1,1,1,1,0,0,20250428,20261231
SAG_03260050626,1,1,1,1,1,0,0,20251124,20261231
SAG_03260060429,1,1,1,1,1,0,0,20251124,20261231
SAG_03260060445,0,0,0,0,0,1,0,20251124,20261231
SAG_03260060459,1,1,1,1,1,0,0,20251124,20261231
SAG_03260060534,1,1,1,1,1,0,0,20251124,20261231
SAG_03260060605,1,1,1,1,1,0,0,20251124,20261231
SAG_03260060715,0,0,0,0,0,1,0,20251124,20261231
SAG_03260060815,0,0,0,0,0,1,0,20251124,20261231
SAG_03260061615,0,0,0,0,0,1,0,20251124,20261231
SAG_03260061715,0,0,0,0,0,1,0,20251124,20261231
SAG_03260070509,1,1,1,1,1,0,0,20251124,20261231
SAG_03260070535,0,0,0,0,0,1,0,20251124,20261231
SAG_03260070539,1,1,1,1,1,0,0,20251124,20261231
SAG_03260080510,1,1,1,1,1,0,0,20251124,20261231
SAG_03261010542,1,1,1,1,1,0,0,20251124,20261231
SAG_03261010605,0,0,0,0,0,1,0,20251124,20261231
SAG_03261010610,1,1,1,1,1,0,0,20251124,20261231
SAG_03261010705,1,1,1,1,1,0,0,20251124,20261231
SAG_03261010706,0,0,0,0,0,1,0,20251124,20261231
SAG_03261010755,1,1,1,1,1,0,0,20251124,20261231
SAG_03261010805,0,0,0,0,0,1,1,20251124,20261231
SAG_03261010905,1,1,1,1,1,1,1,20251124,20261231
SAG_03261011005,1,1,1,1,1,1,0,20251124,20261231
SAG_03261011105,1,1,1,1,1,1,0,20251124,20261231
SAG_03261011205,1,1,1,1,1,1,1,20251124,20261231
SAG_03261011305,1,1,1,1,1,1,1,20251124,20261231
SAG_03261011405,1,1,1,1,1,1,0,20251124,20261231
SAG_03261011505,1,1,1,1,1,1,1,20251124,20261231
SAG_03261011605,1,1,1,1,1,1,0,20251124,20261231
SAG_03261011655,1,1,1,1,1,0,0,20260302,20260331
SAG_03261011705,1,1,1,1,1,1,0,20251124,20261231
SAG_03261011755,1,1,1,1,1,0,0,20260302,20260331
SAG_03261011805,1,1,1,1,1,1,1,20251124,20261231
SAG_03261011855,1,1,1,1,1,0,0,20260302,20260331
SAG_03261011905,1,1,1,1,1,1,1,20251124,20261231
SAG_03261011955,1,1,1,1,1,0,0,20260302,20260331
SAG_03261012005,1,1,1,1,1,1,0,20251124,20261231
SAG_03261012055,1,1,1,1,1,0,0,20260302,20260331
SAG_03261012105,1,1,1,1,1,1,1,20251124,20261231
SAG_03261012155,1,1,1,1,1,0,0,20260302,20260331
SAG_03261012205,1,1,1,1,1,1,0,20251124,20261231
SAG_03261020455,1,1,1,1,1,0,0,20251124,20261231
SAG_03261020510,0,0,0,0,0,1,0,20251124,20261231
SAG_03261020525,1,1,1,1,1,0,0,20251124,20261231
SAG_03261020600,1,1,1,1,1,0,0,20251124,20261231
SAG_03261020630,1,1,1,1,1,0,0,20251124,20261231
SAG_03261020645,1,1,1,1,1,0,0,20251124,20261231
SAG_03261020700,1,1,1,1,1,0,0,20251124,20261231
SAG_03261020720,1,1,1,1,1,0,0,20251124,20261231
SAG_03261020730,1,1,1,1,1,0,0,20251124,20261231
SAG_03261020740,0,0,0,0,0,1,0,20251124,20261231
SAG_03261020840,1,1,1,1,1,0,0,20251124,20261231
SAG_03261020841,0,0,0,0,0,1,0,20251124,20261231
SAG_03261020940,1,1,1,1,1,1,0,20251124,20261231
SAG_03261021010,0,0,0,0,0,0,1,20251124,20261231
SAG_03261021040,1,1,1,1,1,1,0,20251124,20261231
SAG_03261021110,0,0,0,0,0,0,1,20251124,20261231
SAG_03261021140,1,1,1,1,1,1,0,20251124,20261231
SAG_03261021240,1,1,1,1,1,1,0,20251124,20261231
SAG_03261021340,1,1,1,1,1,0,0,20251124,20261231
SAG_03261021410,0,0,0,0,0,0,1,20251124,20261231
SAG_03261021440,1,1,1,1,1,0,0,20251124,20261231
SAG_03261021540,1,1,1,1,1,0,0,20251124,20261231
SAG_03261021610,0,0,0,0,0,0,1,20251124,20261231
SAG_03261021640,1,1,1,1,1,1,0,20251124,20261231
SAG_03261021710,0,0,0,0,0,0,1,20251124,20261231
SAG_03261021740,1,1,1,1,1,1,0,20251124,20261231
SAG_03261021840,1,1,1,1,1,1,0,20251124,20261231
SAG_03261021940,1,1,1,1,1,1,0,20251124,20261231
SAG_03261022010,0,0,0,0,0,0,1,20251124,20261231
SAG_03261022040,1,1,1,1,1,1,0,20251124,20261231
SAG_03261022140,1,1,1,1,1,0,0,20251124,20261231
SAG_03261040534,1,1,1,1,1,0,0,20250428,20261231
SAG_03261041522,1,1,1,1,1,0,0,20260302,20260331
SAG_03261041622,1,1,1,1,1,0,0,20260302,20260331
SAG_03261060524,1,1,1,1,1,0,0,20251124,20261231
SAG_03261060622,0,0,0,0,0,0,1,20251124,20261231
SAG_03261060722,0,0,0,0,0,0,1,20251124,20261231
SAG_03261070937,1,1,1,1,1,0,0,20251124,20261231
SAG_03261071327,0,0,0,0,0,1,0,20251124,20261231
SAG_03261071427,0,0,0,0,0,1,0,20251124,20261231
SAG_03261072127,0,0,0,0,0,1,0,20251124,20261231
SAG_03261072227,1,1,1,1,1,1,0,20251124,20261231
SAG_03261072327,1,1,1,1,1,0,0,20251124,20261231
SAG_03261080640,1,1,1,1,1,0,0,20251124,20261231
SAG_03261080752,1,1,1,1,1,0,0,20251124,20261231
SAG_03261080802,1,1,1,1,1,0,0,20251124,20261231
SAG_03261080847,1,1,1,1,1,0,0,20251124,20261231
SAG_03261090002,0,1,1,1,1,1,1,20251124,20261231
SAG_03261092205,0,0,0,0,0,0,1,20251124,20261231
SAG_03261092255,1,1,1,1,1,0,0,20260302,20260331
SAG_03261092302,1,1,1,1,1,1,0,20251124,20261231
SAG_03261092305,0,0,0,0,0,0,1,20251124,20261231
SAG_03261092355,1,1,1,1,1,0,0,20260302,20260331
SAG_03290010615,1,1,1,1,1,1,1,20251209,20261231
SAG_03290010700,1,1,1,1,1,1,1,20251209,20261231
SAG_03290010745,1,1,1,1,1,1,1,20251209,20261231
SAG_03290010830,1,1,1,1,1,1,1,20251209,20261231
SAG_03290010915,1,1,1,1,1,1,1,20251209,20261231
SAG_03290011000,1,1,1,1,1,1,1,20251209,20261231
SAG_03290011045,1,1,1,1,1,1,1,20251209,20261231
SAG_03290011130,1,1,1,1,1,1,1,20251209,20261231
SAG_03290011215,1,1,1,1,1,1,1,20251209,20261231
SAG_03290011300,1,1,1,1,1,1,1,20251209,20261231
SAG_03290011345,1,1,1,1,1,1,1,20251209,20261231
SAG_03290011430,1,1,1,1,1,1,1,20251209,20261231
SAG_03290011515,1,1,1,1,1,1,1,20251209,20261231
SAG_03290011600,1,1,1,1,1,1,1,20251209,20261231
SAG_03290011645,1,1,1,1,1,1,1,20251209,20261231
SAG_03290011730,1,1,1,1,1,1,1,20251209,20261231
SAG_03290011815,1,1,1,1,1,1,1,20251209,20261231
SAG_03290011900,1,1,1,1,1,1,1,20251209,20261231
SAG_03290011945,1,1,1,1,1,1,1,20251209,20261231
SAG_03290012030,1,1,1,1,1,1,1,20251209,20261231
SAG_03290012115,1,1,1,1,1,0,0,20251209,20261231
SAG_03290012200,1,1,1,1,1,0,0,20251209,20261231
SAG_03300010610,1,1,1,1,1,0,0,20240801,20261231
SAG_03300010710,1,1,1,1,1,0,0,20240801,20261231
SAG_03300010715,0,0,0,0,0,1,0,20240801,20261231
SAG_03300010740,1,1,1,1,1,0,0,20240801,20261231
SAG_03300010800,0,0,0,0,0,1,0,20240801,20261231
SAG_03300010810,1,1,1,1,1,0,0,20240801,20261231
SAG_03300010840,1,1,1,1,1,0,0,20240801,20261231
SAG_03300010845,0,0,0,0,0,1,1,20240801,20261231
SAG_03300010910,1,1,1,1,1,0,0,20240801,20261231
SAG_03300010930,0,0,0,0,0,1,1,20240801,20261231
SAG_03300010940,1,1,1,1,1,0,0,20240801,20261231
SAG_03300011010,1,1,1,1,1,0,0,20240801,20261231
SAG_03300011015,0,0,0,0,0,1,1,20240801,20261231
SAG_03300011040,1,1,1,1,1,0,0,20240801,20261231
SAG_03300011100,0,0,0,0,0,1,1,20240801,20261231
SAG_03300011110,1,1,1,1,1,0,0,20240801,20261231
SAG_03300011140,1,1,1,1,1,0,0,20240801,20261231
SAG_03300011145,0,0,0,0,0,1,1,20240801,20261231
SAG_03300011210,1,1,1,1,1,0,0,20240801,20261231
SAG_03300011230,0,0,0,0,0,1,1,20240801,20261231
SAG_03300011240,1,1,1,1,1,0,0,20240801,20261231
SAG_03300011310,1,1,1,1,1,0,0,20240801,20261231
SAG_03300011315,0,0,0,0,0,1,1,20240801,20261231
SAG_03300011340,1,1,1,1,1,0,0,20240801,20261231
SAG_03300011400,0,0,0,0,0,1,1,20240801,20261231
SAG_03300011410,1,1,1,1,1,0,0,20240801,20261231
SAG_03300011440,1,1,1,1,1,0,0,20240801,20261231
SAG_03300011445,0,0,0,0,0,1,1,20240801,20261231
SAG_03300011510,1,1,1,1,1,0,0,20240801,20261231
SAG_03300011530,0,0,0,0,0,1,1,20240801,20261231
SAG_03300011540,1,1,1,1,1,0,0,20240801,20261231
SAG_03300011610,1,1,1,1,1,0,0,20240801,20261231
SAG_03300011615,0,0,0,0,0,1,1,20240801,20261231
SAG_03300011640,1,1,1,1,1,0,0,20240801,20261231
SAG_03300011700,0,0,0,0,0,1,1,20240801,20261231
SAG_03300011710,1,1,1,1,1,0,0,20240801,20261231
SAG_03300011740,1,1,1,1,1,0,0,20240801,20261231
SAG_03300011745,0,0,0,0,0,1,1,20240801,20261231
SAG_03300011810,1,1,1,1,1,0,0,20240801,20261231
SAG_03300011830,0,0,0,0,0,1,1,20240801,20261231
SAG_03300011840,1,1,1,1,1,0,0,20240801,20261231
SAG_03300011910,1,1,1,1,1,0,0,20240801,20261231
SAG_03300011915,0,0,0,0,0,1,1,20240801,20261231
SAG_03300011940,1,1,1,1,1,0,0,20240801,20261231
SAG_03300012000,0,0,0,0,0,1,1,20240801,20261231
SAG_03300012010,1,1,1,1,1,0,0,20240801,20261231
SAG_03300012040,1,1,1,1,1,0,0,20240801,20261231
SAG_03300012045,0,0,0,0,0,1,1,20240801,20261231
SAG_03300012110,1,1,1,1,1,0,0,20240801,20261231
SAG_03300012130,0,0,0,0,0,1,1,20240801,20261231
SAG_03300012210,1,1,1,1,1,0,0,20240801,20261231
SAG_03300012215,0,0,0,0,0,1,1,20240801,20261231
SAG_03301010525,1,1,1,1,1,0,0,20240801,20261231
SAG_03301010625,1,1,1,1,1,0,0,20240801,20261231
SAG_03301010630,0,0,0,0,0,1,0,20240801,20261231
SAG_03301010655,1,1,1,1,1,0,0,20240801,20261231
SAG_03301010715,0,0,0,0,0,1,0,20240801,20261231
SAG_03301010725,1,1,1,1,1,0,0,20240801,20261231
SAG_03301010755,1,1,1,1,1,0,0,20240801,20261231
SAG_03301010800,0,0,0,0,0,1,1,20240801,20261231
SAG_03301010825,1,1,1,1,1,0,0,20240801,20261231
SAG_03301010845,0,0,0,0,0,1,1,20240801,20261231
SAG_03301010855,1,1,1,1,1,0,0,20240801,20261231
SAG_03301010925,1,1,1,1,1,0,0,20240801,20261231
SAG_03301010930,0,0,0,0,0,1,1,20240801,20261231
SAG_03301010955,1,1,1,1,1,0,0,20240801,20261231
SAG_03301011015,0,0,0,0,0,1,1,20240801,20261231
SAG_03301011025,1,1,1,1,1,0,0,20240801,20261231
SAG_03301011055,1,1,1,1,1,0,0,20240801,20261231
SAG_03301011100,0,0,0,0,0,1,1,20240801,20261231
SAG_03301011125,1,1,1,1,1,0,0,20240801,20261231
SAG_03301011145,0,0,0,0,0,1,1,20240801,20261231
SAG_03301011155,1,1,1,1,1,0,0,20240801,20261231
SAG_03301011225,1,1,1,1,1,0,0,20240801,20261231
SAG_03301011230,0,0,0,0,0,1,1,20240801,20261231
SAG_03301011255,1,1,1,1,1,0,0,20240801,20261231
SAG_03301011315,0,0,0,0,0,1,1,20240801,20261231
SAG_03301011325,1,1,1,1,1,0,0,20240801,20261231
SAG_03301011355,1,1,1,1,1,0,0,20240801,20261231
SAG_03301011400,0,0,0,0,0,1,1,20240801,20261231
SAG_03301011425,1,1,1,1,1,0,0,20240801,20261231
SAG_03301011445,0,0,0,0,0,1,1,20240801,20261231
SAG_03301011455,1,1,1,1,1,0,0,20240801,20261231
SAG_03301011525,1,1,1,1,1,0,0,20240801,20261231
SAG_03301011530,0,0,0,0,0,1,1,20240801,20261231
SAG_03301011555,1,1,1,1,1,0,0,20240801,20261231
SAG_03301011615,0,0,0,0,0,1,1,20240801,20261231
SAG_03301011625,1,1,1,1,1,0,0,20240801,20261231
SAG_03301011655,1,1,1,1,1,0,0,20240801,20261231
SAG_03301011700,0,0,0,0,0,1,1,20240801,20261231
SAG_03301011725,1,1,1,1,1,0,0,20240801,20261231
SAG_03301011745,0,0,0,0,0,1,1,20240801,20261231
SAG_03301011755,1,1,1,1,1,0,0,20240801,20261231
SAG_03301011825,1,1,1,1,1,0,0,20240801,20261231
SAG_03301011830,0,0,0,0,0,1,1,20240801,20261231
SAG_03301011855,1,1,1,1,1,0,0,20240801,20261231
SAG_03301011915,0,0,0,0,0,1,1,20240801,20261231
SAG_03301011925,1,1,1,1,1,0,0,20240801,20261231
SAG_03301011955,1,1,1,1,1,0,0,20240801,20261231
SAG_03301012000,0,0,0,0,0,1,1,20240801,20261231
SAG_03301012025,1,1,1,1,1,0,0,20240801,20261231
SAG_03301012045,0,0,0,0,0,1,1,20240801,20261231
SAG_03301012125,1,1,1,1,1,0,0,20240801,20261231
SAG_03301012130,0,0,0,0,0,1,1,20240801,20261231
SAG_03320011900,0,0,0,0,1,0,0,20200622,20261231
SAG_03320011901,0,0,0,0,0,1,1,20200622,20261231
SAG_03320012100,0,0,0,0,1,0,0,20200622,20261231
SAG_03320012101,0,0,0,0,0,1,1,20200622,20261231
SAG_03321010630,0,0,0,0,0,1,1,20200622,20261231
SAG_03321010815,0,0,0,0,0,1,1,20200622,20261231
SAG_03321011230,0,0,0,0,1,0,0,20200622,20261231
SAG_03321011345,0,0,0,0,1,0,0,20200622,20261231
SAG_03350011030,0,0,0,1,0,0,0,20201217,20261231
SAG_03351011105,0,0,0,1,0,0,0,20201217,20261231
SAG_03400070600,1,1,1,1,1,0,0,20240916,20261231
SAG_03400070746,1,1,1,1,1,0,0,20240916,20261231
SAG_03400071418,1,1,1,1,1,0,0,20240916,20261231
SAG_03400080750,0,0,0,0,0,1,0,20240916,20261231
SAG_03400080924,0,0,0,0,0,1,0,20240916,20261231
SAG_03400080936,1,1,1,1,1,0,0,20240916,20261231
SAG_03400080937,0,0,0,0,0,0,1,20240916,20261231
SAG_03400081110,1,1,1,1,1,0,0,20240916,20261231
SAG_03400081244,1,1,1,1,1,0,0,20240916,20261231
SAG_03400081330,0,0,0,0,0,1,1,20240916,20261231
SAG_03400081709,0,0,0,0,0,1,0,20240916,20261231
SAG_03400081745,1,1,1,1,1,0,0,20240916,20261231
SAG_03400082015,1,1,1,1,1,1,1,20240916,20261231
SAG_03401070654,1,1,1,1,1,0,0,20240916,20261231
SAG_03401070844,1,1,1,1,1,0,0,20240916,20261231
SAG_03401081014,0,0,0,0,0,1,0,20240916,20261231
SAG_03401081022,0,0,0,0,0,0,1,20240916,20261231
SAG_03401081416,0,0,0,0,0,1,1,20240916,20261231
SAG_03401081625,0,0,0,0,0,0,1,20240916,20261231
SAG_03401081755,0,0,0,0,0,1,0,20240916,20261231
SAG_03401081831,1,1,1,1,1,0,0,20240916,20261231
SAG_03401082101,1,1,1,1,1,1,1,20240916,20261231
SAG_03401090840,0,0,0,0,0,1,0,20240916,20261231
SAG_03401091026,1,1,1,1,1,0,0,20240916,20261231
SAG_03401091200,1,1,1,1,1,0,0,20240916,20261231
SAG_03401091334,1,1,1,1,1,0,0,20240916,20261231
SAG_03401091625,0,0,0,0,0,1,0,20240916,20261231
SAG_03401101512,1,1,1,1,1,0,0,20240916,20261231
SAG_03430010800,1,1,1,1,1,0,0,20250901,20261231
SAG_03430010845,1,1,1,1,1,0,0,20250901,20261231
SAG_03430010930,1,1,1,1,1,0,0,20250901,20261231
SAG_03430011015,1,1,1,1,1,0,0,20250901,20261231
SAG_03430011100,1,1,1,1,1,0,0,20250901,20261231
SAG_03430011145,1,1,1,1,1,0,0,20250901,20261231
SAG_03430011230,1,1,1,1,1,0,0,20250901,20261231
SAG_03430011315,1,1,1,1,1,0,0,20250901,20261231
SAG_03430011600,1,1,1,1,1,0,0,20250901,20261231
SAG_03430011645,1,1,1,1,1,0,0,20250901,20261231
SAG_03430011730,1,1,1,1,1,0,0,20250901,20261231
SAG_03430011815,1,1,1,1,1,0,0,20250901,20261231
SAG_03430011900,1,1,1,1,1,0,0,20250901,20261231
SAG_03430011945,1,1,1,1,1,0,0,20250901,20261231
SAG_03430012030,1,1,1,1,1,0,0,20250901,20261231
SAG_03431010824,1,1,1,1,1,0,0,20250901,20261231
SAG_03431010909,1,1,1,1,1,0,0,20250901,20261231
SAG_03431010954,1,1,1,1,1,0,0,20250901,20261231
SAG_03431011039,1,1,1,1,1,0,0,20250901,20261231
SAG_03431011124,1,1,1,1,1,0,0,20250901,20261231
SAG_03431011209,1,1,1,1,1,0,0,20250901,20261231
SAG_03431011254,1,1,1,1,1,0,0,20250901,20261231
SAG_03431011339,1,1,1,1,1,0,0,20250901,20261231
SAG_03431011624,1,1,1,1,1,0,0,20250901,20261231
SAG_03431011709,1,1,1,1,1,0,0,20250901,20261231
SAG_03431011754,1,1,1,1,1,0,0,20250901,20261231
SAG_03431011839,1,1,1,1,1,0,0,20250901,20261231
SAG_03431011924,1,1,1,1,1,0,0,20250901,20261231
SAG_03431012009,1,1,1,1,1,0,0,20250901,20261231
SAG_03431012054,1,1,1,1,1,0,0,20250901,20261231
SAG_03440010750,1,1,1,1,1,0,0,20250901,20261231
SAG_03440010835,1,1,1,1,1,0,0,20250901,20261231
SAG_03440010920,1,1,1,1,1,0,0,20250901,20261231
SAG_03440011005,1,1,1,1,1,0,0,20250901,20261231
SAG_03440011050,1,1,1,1,1,0,0,20250901,20261231
SAG_03440011135,1,1,1,1,1,0,0,20250901,20261231
SAG_03440011220,1,1,1,1,1,0,0,20250901,20261231
SAG_03440011350,1,1,1,1,1,0,0,20250901,20261231
SAG_03440011545,1,1,1,1,1,0,0,20250901,20261231
SAG_03440011630,1,1,1,1,1,0,0,20250901,20261231
SAG_03440011715,1,1,1,1,1,0,0,20250901,20261231
SAG_03440011800,1,1,1,1,1,0,0,20250901,20261231
SAG_03441010810,1,1,1,1,1,0,0,20250901,20261231
SAG_03441010855,1,1,1,1,1,0,0,20250901,20261231
SAG_03441010940,1,1,1,1,1,0,0,20250901,20261231
SAG_03441011025,1,1,1,1,1,0,0,20250901,20261231
SAG_03441011110,1,1,1,1,1,0,0,20250901,20261231
SAG_03441011155,1,1,1,1,1,0,0,20250901,20261231
SAG_03441011240,1,1,1,1,1,0,0,20250901,20261231
SAG_03441011605,1,1,1,1,1,0,0,20250901,20261231
SAG_03441011650,1,1,1,1,1,0,0,20250901,20261231
SAG_03441011735,1,1,1,1,1,0,0,20250901,20261231
SAG_03441011820,1,1,1,1,1,0,0,20250901,20261231
SAG_03450010640,1,1,1,1,1,0,0,20230904,20261231
SAG_03450010745,1,1,1,1,1,0,0,20200914,20261231
SAG_03450010850,1,1,1,1,1,0,0,20200914,20261231
SAG_03450010955,1,1,1,1,1,0,0,20200914,20261231
SAG_03450011100,1,1,1,1,1,0,0,20200914,20261231
SAG_03450011205,1,1,1,1,1,0,0,20200914,20261231
SAG_03450011310,1,1,1,1,1,0,0,20200914,20261231
SAG_03450011415,1,1,1,1,1,0,0,20200914,20261231
SAG_03450011520,1,1,1,1,1,0,0,20200914,20261231
SAG_03450011625,1,1,1,1,1,0,0,20200914,20261231
SAG_03450011730,1,1,1,1,1,0,0,20200914,20261231
SAG_03450011835,1,1,1,1,1,0,0,20200914,20261231
SAG_03450011940,1,1,1,1,1,0,0,20200914,20261231
SAG_03451010712,1,1,1,1,1,0,0,20230904,20261231
SAG_03451010817,1,1,1,1,1,0,0,20200914,20261231
SAG_03451010922,1,1,1,1,1,0,0,20200914,20261231
SAG_03451011027,1,1,1,1,1,0,0,20200914,20261231
SAG_03451011132,1,1,1,1,1,0,0,20200914,20261231
SAG_03451011237,1,1,1,1,1,0,0,20200914,20261231
SAG_03451011342,1,1,1,1,1,0,0,20200914,20261231
SAG_03451011447,1,1,1,1,1,0,0,20200914,20261231
SAG_03451011552,1,1,1,1,1,0,0,20200914,20261231
SAG_03451011657,1,1,1,1,1,0,0,20200914,20261231
SAG_03451011802,1,1,1,1,1,0,0,20200914,20261231
SAG_03451011907,1,1,1,1,1,0,0,20200914,20261231
SAG_03451012012,1,1,1,1,1,0,0,20200914,20261231
SAG_03460010645,1,1,1,1,1,0,0,20250901,20261231
SAG_03460021410,1,1,1,1,1,0,0,20250901,20261231
SAG_03460031445,1,1,1,1,1,0,0,20250901,20261231
SAG_03480030700,1,1,1,1,1,0,0,20240916,20261231
SAG_03480030758,1,1,1,1,1,0,0,20240916,20261231
SAG_03480030900,1,1,1,1,1,0,0,20240916,20261231
SAG_03480031029,1,1,1,1,1,0,0,20240916,20261231
SAG_03480031131,1,1,1,1,1,0,0,20240916,20261231
SAG_03480031300,1,1,1,1,1,0,0,20240916,20261231
SAG_03480031530,1,1,1,1,1,0,0,20240916,20261231
SAG_03480031659,1,1,1,1,1,0,0,20240916,20261231
SAG_03480031801,1,1,1,1,1,0,0,20240916,20261231
SAG_03480031934,1,1,1,1,1,0,0,20240916,20261231
SAG_03481041332,1,1,1,1,1,0,0,20240916,20261231
SAG_03481050727,1,1,1,1,1,0,0,20240916,20261231
SAG_03481050829,1,1,1,1,1,0,0,20240916,20261231
SAG_03481051101,1,1,1,1,1,0,0,20240916,20261231
SAG_03481051731,1,1,1,1,1,0,0,20240916,20261231
SAG_03481051904,1,1,1,1,1,0,0,20240916,20261231
SAG_03481062005,1,1,1,1,1,0,0,20240916,20261231
SAG_03481071002,1,1,1,1,1,0,0,20240916,20261231
SAG_03481071233,1,1,1,1,1,0,0,20240916,20261231
SAG_03481071632,1,1,1,1,1,0,0,20240916,20261231
SAG_03490020808,0,0,0,0,0,1,1,20250331,20261231
SAG_03490021000,0,0,0,0,0,1,1,20250331,20261231
SAG_03490021200,0,0,0,0,0,1,1,20250331,20261231
SAG_03490021300,0,0,0,0,0,1,1,20250331,20261231
SAG_03490021700,0,0,0,0,0,1,1,20250331,20261231
SAG_03490021800,0,0,0,0,0,1,1,20250331,20261231
SAG_03490022000,0,0,0,0,0,1,1,20250331,20261231
SAG_03490022100,0,0,0,0,0,1,1,20250331,20261231
SAG_03490022200,0,0,0,0,0,1,1,20250331,20261231
SAG_03490032250,0,0,0,0,0,1,1,20250331,20261231
SAG_03491020831,0,0,0,0,0,1,1,20250331,20261231
SAG_03491021023,0,0,0,0,0,1,1,20250331,20261231
SAG_03491021223,0,0,0,0,0,1,1,20250331,20261231
SAG_03491021323,0,0,0,0,0,1,1,20250331,20261231
SAG_03491021723,0,0,0,0,0,1,1,20250331,20261231
SAG_03491021823,0,0,0,0,0,1,1,20250331,20261231
SAG_03491022023,0,0,0,0,0,1,1,20250331,20261231
SAG_03491022123,0,0,0,0,0,1,1,20250331,20261231
SAG_03491022223,0,0,0,0,0,1,1,20250331,20261231
SAG_03540010630,1,1,1,1,1,0,0,20250901,20261231
SAG_03540011430,1,1,1,1,1,0,0,20250901,20261231
SAG_03550010605,1,1,1,1,1,0,0,20210201,20261231
SAG_03550010735,1,1,1,1,1,1,1,20210201,20261231
SAG_03550010915,1,1,1,1,1,1,1,20210201,20261231
SAG_03550010955,1,1,1,1,1,0,0,20210201,20261231
SAG_03550011050,1,1,1,1,1,1,1,20210201,20261231
SAG_03550011145,1,1,1,1,1,0,0,20210201,20261231
SAG_03550011240,1,1,1,1,1,1,1,20210201,20261231
SAG_03550011420,1,1,1,1,1,1,1,20210201,20261231
SAG_03550011600,1,1,1,1,1,1,1,20210201,20261231
SAG_03550011740,1,1,1,1,1,1,1,20210201,20261231
SAG_03550011925,1,1,1,1,1,1,1,20210201,20261231
SAG_03550012105,1,1,1,1,1,1,1,20210201,20261231
SAG_03551010619,1,1,1,1,1,0,0,20251227,20261231
SAG_03551010749,1,1,1,1,1,1,1,20251227,20261231
SAG_03551010929,1,1,1,1,1,1,1,20251227,20261231
SAG_03551011009,1,1,1,1,1,0,0,20251227,20261231
SAG_03551011104,1,1,1,1,1,1,1,20251227,20261231
SAG_03551011159,1,1,1,1,1,0,0,20251227,20261231
SAG_03551011254,1,1,1,1,1,1,1,20251227,20261231
SAG_03551011434,1,1,1,1,1,1,1,20251227,20261231
SAG_03551011614,1,1,1,1,1,1,1,20251227,20261231
SAG_03551011754,1,1,1,1,1,1,1,20251227,20261231
SAG_03551011939,1,1,1,1,1,1,1,20251227,20261231
SAG_03551012119,1,1,1,1,1,1,1,20251227,20261231
SAG_03560010645,1,1,1,1,1,0,0,20210201,20261231
SAG_03560010820,1,1,1,1,1,1,1,20210201,20261231
SAG_03560010935,1,1,1,1,1,0,0,20210201,20261231
SAG_03560010955,0,0,0,0,0,1,1,20210201,20261231
SAG_03560011030,1,1,1,1,1,0,0,20210201,20261231
SAG_03560011125,1,1,1,1,1,0,0,20210201,20261231
SAG_03560011145,0,0,0,0,0,1,1,20210201,20261231
SAG_03560011220,1,1,1,1,1,0,0,20210201,20261231
SAG_03560011320,1,1,1,1,1,1,1,20210201,20261231
SAG_03560011505,1,1,1,1,1,1,1,20210201,20261231
SAG_03560011645,1,1,1,1,1,1,1,20210201,20261231
SAG_03560011830,1,1,1,1,1,1,1,20210201,20261231
SAG_03560012010,1,1,1,1,1,1,1,20210201,20261231
SAG_03560012145,1,1,1,1,1,0,0,20210201,20261231
SAG_03561010704,1,1,1,1,1,0,0,20251227,20261231
SAG_03561010839,1,1,1,1,1,1,1,20251227,20261231
SAG_03561010954,1,1,1,1,1,0,0,20251227,20261231
SAG_03561011014,0,0,0,0,0,1,1,20251227,20261231
SAG_03561011049,1,1,1,1,1,0,0,20251227,20261231
SAG_03561011144,1,1,1,1,1,0,0,20251227,20261231
SAG_03561011204,0,0,0,0,0,1,1,20251227,20261231
SAG_03561011239,1,1,1,1,1,0,0,20251227,20261231
SAG_03561011339,1,1,1,1,1,1,1,20251227,20261231
SAG_03561011524,1,1,1,1,1,1,1,20251227,20261231
SAG_03561011704,1,1,1,1,1,1,1,20251227,20261231
SAG_03561011848,1,1,1,1,1,1,1,20251227,20261231
SAG_03561012028,1,1,1,1,1,1,1,20251227,20261231
SAG_03561012203,1,1,1,1,1,0,0,20251227,20261231
SAG_03600100600,1,1,1,1,1,0,0,20210607,20261231
SAG_03600100945,0,0,0,0,0,1,0,20210607,20261231
SAG_03600101010,1,1,1,1,1,0,0,20210607,20261231
SAG_03600101300,0,0,0,0,0,1,0,20210607,20261231
SAG_03600101350,1,1,1,1,1,0,0,20210607,20261231
SAG_03600101930,1,1,1,1,1,0,0,20210607,20261231
SAG_03600102000,0,0,0,0,0,1,0,20210607,20261231
SAG_03600110945,0,0,0,0,0,0,1,20210607,20261231
SAG_03600111300,0,0,0,0,0,0,1,20210607,20261231
SAG_03600112000,0,0,0,0,0,0,1,20210607,20261231
SAG_03600120420,1,1,1,1,1,0,0,20210607,20261231
SAG_03600120500,1,1,1,1,1,0,0,20210607,20261231
SAG_03600120610,1,1,1,1,1,0,0,20210607,20261231
SAG_03600120700,0,0,0,0,0,1,0,20210607,20261231
SAG_03600120715,1,1,1,1,1,0,0,20210607,20261231
SAG_03600120840,1,1,1,1,1,0,0,20210607,20261231
SAG_03600120855,0,0,0,0,0,1,0,20210607,20261231
SAG_03600120955,1,1,1,1,1,0,0,20210607,20261231
SAG_03600121105,1,1,1,1,1,0,0,20210607,20261231
SAG_03600121115,0,0,0,0,0,1,0,20210607,20261231
SAG_03600121210,1,1,1,1,1,0,0,20210607,20261231
SAG_03600121245,1,1,1,1,1,0,0,20210607,20261231
SAG_03600121345,1,1,1,1,1,0,0,20210607,20261231
SAG_03600121500,0,0,0,0,0,1,0,20210607,20261231
SAG_03600121525,1,1,1,1,1,0,0,20210607,20261231
SAG_03600121615,1,1,1,1,1,0,0,20210607,20261231
SAG_03600121645,1,1,1,1,1,0,0,20210607,20261231
SAG_03600121715,0,0,0,0,0,1,0,20210607,20261231
SAG_03600121800,1,1,1,1,1,0,0,20210607,20261231
SAG_03600121930,1,1,1,1,1,0,0,20210607,20261231
SAG_03600122140,1,1,1,1,1,0,0,20210607,20261231
SAG_03600130700,0,0,0,0,0,0,1,20210607,20261231
SAG_03600131500,0,0,0,0,0,0,1,20210607,20261231
SAG_03600131715,0,0,0,0,0,0,1,20210607,20261231
SAG_03600140745,1,1,1,1,1,0,0,20210607,20261231
SAG_03600141330,1,1,1,1,1,0,0,20210607,20261231
SAG_03600150942,1,1,1,1,1,0,0,20210607,20261231
SAG_03600151517,1,1,1,1,1,0,0,20210607,20261231
SAG_03600151622,1,1,1,1,1,0,0,20210607,20261231
SAG_03600151742,1,1,1,1,1,0,0,20210607,20261231
SAG_03600151922,1,1,1,1,1,0,0,20210607,20261231
SAG_03600152052,1,1,1,1,1,0,0,20210607,20261231
SAG_03600162030,1,1,1,1,1,0,0,20210607,20261231
SAG_03601100800,0,0,0,0,0,1,0,20210607,20261231
SAG_03601100810,1,1,1,1,1,0,0,20210607,20261231
SAG_03601101120,0,0,0,0,0,1,0,20210607,20261231
SAG_03601101200,1,1,1,1,1,0,0,20210607,20261231
SAG_03601101735,1,1,1,1,1,0,0,20210607,20261231
SAG_03601101825,0,0,0,0,0,1,0,20210607,20261231
SAG_03601110800,0,0,0,0,0,0,1,20210607,20261231
SAG_03601111120,0,0,0,0,0,0,1,20210607,20261231
SAG_03601111825,0,0,0,0,0,0,1,20210607,20261231
SAG_03601120510,1,1,1,1,1,0,0,20210607,20261231
SAG_03601120555,1,1,1,1,1,0,0,20210607,20261231
SAG_03601120720,1,1,1,1,1,0,0,20210607,20261231
SAG_03601120840,1,1,1,1,1,0,0,20210607,20261231
SAG_03601120955,1,1,1,1,1,0,0,20210607,20261231
SAG_03601121005,0,0,0,0,0,1,0,20210607,20261231
SAG_03601121100,1,1,1,1,1,0,0,20210607,20261231
SAG_03601121225,1,1,1,1,1,0,0,20210607,20261231
SAG_03601121226,0,0,0,0,0,1,0,20210607,20261231
SAG_03601121325,1,1,1,1,1,0,0,20210607,20261231
SAG_03601121405,1,1,1,1,1,0,0,20210607,20261231
SAG_03601121430,0,0,0,0,0,1,0,20210607,20261231
SAG_03601121500,1,1,1,1,1,0,0,20210607,20261231
SAG_03601121535,1,1,1,1,1,0,0,20210607,20261231
SAG_03601121605,0,0,0,0,0,1,0,20210607,20261231
SAG_03601121630,1,1,1,1,1,0,0,20210607,20261231
SAG_03601121810,1,1,1,1,1,0,0,20210607,20261231
SAG_03601121925,1,1,1,1,1,0,0,20210607,20261231
SAG_03601122035,1,1,1,1,1,0,0,20210607,20261231
SAG_03601122110,1,1,1,1,1,0,0,20210607,20261231
SAG_03601122135,0,0,0,0,0,1,0,20210607,20261231
SAG_03601122230,1,1,1,1,1,0,0,20210607,20261231
SAG_03601131430,0,0,0,0,0,0,1,20210607,20261231
SAG_03601131605,0,0,0,0,0,0,1,20210607,20261231
SAG_03601132125,0,0,0,0,0,0,1,20210607,20261231
SAG_03601141025,1,1,1,1,1,0,0,20210607,20261231
SAG_03601142140,1,1,1,1,1,0,0,20210607,20261231
SAG_03601150910,1,1,1,1,1,0,0,20210607,20261231
SAG_03601151430,1,1,1,1,1,0,0,20210607,20261231
SAG_03601151550,1,1,1,1,1,0,0,20210607,20261231
SAG_03601151700,1,1,1,1,1,0,0,20210607,20261231
SAG_03601151840,1,1,1,1,1,0,0,20210607,20261231
SAG_03601152010,1,1,1,1,1,0,0,20210607,20261231
SAG_03601160530,1,1,1,1,1,0,0,20210607,20261231
SAG_03640021620,1,1,1,1,1,0,0,20230116,20261231
SAG_03641011925,1,1,1,1,1,0,0,20230116,20261231
SAG_03680020910,1,1,1,1,1,0,0,20250331,20261231
SAG_03680021110,1,1,1,1,1,0,0,20250331,20261231
SAG_03680021540,1,1,1,1,1,0,0,20250331,20261231
SAG_03680021740,1,1,1,1,1,0,0,20250331,20261231
SAG_03680021940,1,1,1,1,1,0,0,20250331,20261231
SAG_03680022140,1,1,1,1,1,0,0,20250331,20261231
SAG_03690010810,1,1,1,1,1,0,0,20200921,20261231
SAG_03690011010,1,1,1,1,1,0,0,20240929,20261231
SAG_03690011210,1,1,1,1,1,0,0,20240929,20261231
SAG_03690011440,1,1,1,1,1,0,0,20230701,20261231
SAG_03690011640,1,1,1,1,1,0,0,20230701,20261231
SAG_03690011840,1,1,1,1,1,0,0,20230701,20261231
SAG_03690012040,1,1,1,1,1,0,0,20230701,20261231
SAG_03700010610,1,1,1,1,1,0,0,20180101,20261231
SAG_03700010700,1,1,1,1,1,0,0,20180101,20261231
SAG_03700010745,1,1,1,1,1,0,0,20180101,20261231
SAG_03700010835,1,1,1,1,1,0,0,20180101,20261231
SAG_03700011320,1,1,1,1,1,0,0,20180101,20261231
SAG_03700011405,1,1,1,1,1,0,0,20180101,20261231
SAG_03700011450,1,1,1,1,1,0,0,20180101,20261231
SAG_03710010840,0,0,0,0,0,1,1,20230701,20261231
SAG_03710010940,0,0,0,0,0,1,1,20230701,20261231
SAG_03710011140,0,0,0,0,0,1,1,20230701,20261231
SAG_03710011240,0,0,0,0,0,1,1,20230701,20261231
SAG_03710011340,0,0,0,0,0,1,1,20230701,20261231
SAG_03710011640,0,0,0,0,0,1,1,20230701,20261231
SAG_03710011740,0,0,0,0,0,1,1,20230701,20261231
SAG_03710011840,0,0,0,0,0,1,1,20230701,20261231
SAG_03710012040,0,0,0,0,0,1,1,20230701,20261231
SAG_03710012140,0,0,0,0,0,1,1,20230701,20261231
SAG_03711010850,0,0,0,0,0,1,1,20200921,20261231
SAG_03711010950,0,0,0,0,0,1,1,20200921,20261231
SAG_03711011150,0,0,0,0,0,1,1,20200921,20261231
SAG_03711011250,0,0,0,0,0,1,1,20200921,20261231
SAG_03711011350,0,0,0,0,0,1,1,20200921,20261231
SAG_03711011650,0,0,0,0,0,1,1,20200921,20261231
SAG_03711011750,0,0,0,0,0,1,1,20200921,20261231
SAG_03711011850,0,0,0,0,0,1,1,20200921,20261231
SAG_03711012050,0,0,0,0,0,1,1,20200921,20261231
SAG_03711012150,0,0,0,0,0,1,1,20200921,20261231
SAG_03720010800,0,0,0,0,0,1,1,20250915,20261231
SAG_03720010900,0,0,0,0,0,1,1,20250915,20261231
SAG_03720011000,0,0,0,0,0,1,1,20250915,20261231
SAG_03720011100,0,0,0,0,0,1,1,20250915,20261231
SAG_03720011200,0,0,0,0,0,1,1,20250915,20261231
SAG_03720011300,0,0,0,0,0,1,1,20250915,20261231
SAG_03720011400,0,0,0,0,0,1,1,20250915,20261231
SAG_03720011600,0,0,0,0,0,1,1,20250915,20261231
SAG_03720011700,0,0,0,0,0,1,1,20250915,20261231
SAG_03720011800,0,0,0,0,0,1,1,20250915,20261231
SAG_03720011900,0,0,0,0,0,1,1,20250915,20261231
SAG_03720012000,0,0,0,0,0,1,1,20250915,20261231
SAG_03720012100,0,0,0,0,0,1,1,20250915,20261231
SAG_03721010819,0,0,0,0,0,1,1,20250915,20261231
SAG_03721010919,0,0,0,0,0,1,1,20250915,20261231
SAG_03721011019,0,0,0,0,0,1,1,20250915,20261231
SAG_03721011119,0,0,0,0,0,1,1,20250915,20261231
SAG_03721011219,0,0,0,0,0,1,1,20250915,20261231
SAG_03721011319,0,0,0,0,0,1,1,20250915,20261231
SAG_03721011419,0,0,0,0,0,1,1,20250915,20261231
SAG_03721011619,0,0,0,0,0,1,1,20250915,20261231
SAG_03721011719,0,0,0,0,0,1,1,20250915,20261231
SAG_03721011819,0,0,0,0,0,1,1,20250915,20261231
SAG_03721011919,0,0,0,0,0,1,1,20250915,20261231
SAG_03721012019,0,0,0,0,0,1,1,20250915,20261231
SAG_03721012119,0,0,0,0,0,1,1,20250915,20261231
SAG_03740010830,1,1,1,1,1,0,0,20230701,20261231
SAG_03740010930,1,1,1,1,1,0,0,20230701,20261231
SAG_03740011030,1,1,1,1,1,0,0,20230701,20261231
SAG_03740011130,1,1,1,1,1,0,0,20230701,20261231
SAG_03740011300,1,1,1,1,1,0,0,20230701,20261231
SAG_03740011400,1,1,1,1,1,0,0,20230701,20261231
SAG_03740011500,1,1,1,1,1,0,0,20230701,20261231
SAG_03740011600,1,1,1,1,1,0,0,20230701,20261231
SAG_03740011700,1,1,1,1,1,0,0,20230701,20261231
SAG_03740011800,1,1,1,1,1,0,0,20230701,20261231
SAG_03740011900,1,1,1,1,1,0,0,20230701,20261231
SAG_03740012000,1,1,1,1,1,0,0,20230701,20261231
SAG_03740012100,1,1,1,1,1,0,0,20230701,20261231
SAG_03741010846,1,1,1,1,1,0,0,20230701,20261231
SAG_03741010946,1,1,1,1,1,0,0,20230701,20261231
SAG_03741011046,1,1,1,1,1,0,0,20230701,20261231
SAG_03741011146,1,1,1,1,1,0,0,20230701,20261231
SAG_03741011316,1,1,1,1,1,0,0,20230701,20261231
SAG_03741011416,1,1,1,1,1,0,0,20230701,20261231
SAG_03741011516,1,1,1,1,1,0,0,20230701,20261231
SAG_03741011616,1,1,1,1,1,0,0,20230701,20261231
SAG_03741011716,1,1,1,1,1,0,0,20230701,20261231
SAG_03741011816,1,1,1,1,1,0,0,20230701,20261231
SAG_03741011916,1,1,1,1,1,0,0,20230701,20261231
SAG_03741012016,1,1,1,1,1,0,0,20230701,20261231
SAG_03741012116,1,1,1,1,1,0,0,20230701,20261231
SAG_03750010600,1,1,1,1,1,0,0,20180101,20261231
SAG_03750010655,1,1,1,1,1,0,0,20180101,20261231
SAG_03750010750,1,1,1,1,1,0,0,20180101,20261231
SAG_03750010835,1,1,1,1,1,0,0,20180101,20261231
SAG_03750011255,1,1,1,1,1,0,0,20180101,20261231
SAG_03750011355,1,1,1,1,1,0,0,20180101,20261231
SAG_03750011445,1,1,1,1,1,0,0,20180101,20261231
SAG_03750011530,1,1,1,1,1,0,0,20180101,20261231
SAG_03750011620,1,1,1,1,1,0,0,20180101,20261231
SAG_03750011700,1,1,1,1,1,0,0,20180101,20261231
SAG_03750011750,1,1,1,1,1,0,0,20180101,20261231
SAG_03750011835,1,1,1,1,1,0,0,20180101,20261231
SAG_03750011920,1,1,1,1,1,0,0,20180101,20261231
SAG_03750012120,1,1,1,1,1,0,0,20180101,20261231
SAG_03760020530,1,1,1,1,1,0,0,20180101,20261231
SAG_03760020830,1,1,1,1,1,0,0,20180101,20261231
SAG_03760021330,1,1,1,1,1,0,0,20180101,20261231
SAG_03760022130,1,1,1,1,1,0,0,20180101,20261231
SAG_03760030630,1,1,1,1,1,0,0,20180101,20261231
SAG_03760030700,1,1,1,1,1,0,0,20180101,20261231
SAG_03760030730,1,1,1,1,1,0,0,20180101,20261231
SAG_03760030800,1,1,1,1,1,0,0,20180101,20261231
SAG_03761020602,1,1,1,1,1,0,0,20180101,20261231
SAG_03761022158,1,1,1,1,1,0,0,20180101,20261231
SAG_03761031402,1,1,1,1,1,0,0,20180101,20261231
SAG_03761031432,1,1,1,1,1,0,0,20180101,20261231
SAG_03761031502,1,1,1,1,1,0,0,20180101,20261231
SAG_03761031532,1,1,1,1,1,0,0,20180101,20261231
SAG_03761031602,1,1,1,1,1,0,0,20180101,20261231
SAG_03761031632,1,1,1,1,1,0,0,20180101,20261231
SAG_03761031702,1,1,1,1,1,0,0,20180101,20261231
SAG_03761031732,1,1,1,1,1,0,0,20180101,20261231
SAG_03761031802,1,1,1,1,1,0,0,20180101,20261231
SAG_03770030710,1,1,1,1,1,0,0,20250101,20261231
SAG_03771031400,1,1,1,1,1,0,0,20250101,20261231
SAG_03780050600,1,1,1,1,1,1,1,20250331,20261231
SAG_03780050645,1,1,1,1,1,1,1,20250331,20261231
SAG_03780050730,1,1,1,1,1,1,1,20250331,20261231
SAG_03780050830,1,1,1,1,1,0,0,20250331,20261231
SAG_03780050900,0,0,0,0,0,1,1,20250331,20261231
SAG_03780050930,1,1,1,1,1,0,0,20250331,20261231
SAG_03780051030,1,1,1,1,1,0,0,20250331,20261231
SAG_03780051100,0,0,0,0,0,1,1,20250331,20261231
SAG_03780051130,1,1,1,1,1,0,0,20250331,20261231
SAG_03780051230,1,1,1,1,1,0,0,20250331,20261231
SAG_03780051310,1,1,1,1,1,0,0,20250331,20261231
SAG_03780051400,1,1,1,1,1,1,1,20250331,20261231
SAG_03780051500,1,1,1,1,1,1,1,20250331,20261231
SAG_03780051600,1,1,1,1,1,1,1,20250331,20261231
SAG_03780051700,1,1,1,1,1,0,0,20250331,20261231
SAG_03780051800,1,1,1,1,1,0,0,20250331,20261231
SAG_03780051900,1,1,1,1,1,1,1,20250331,20261231
SAG_03780052000,1,1,1,1,1,0,0,20250331,20261231
SAG_03780052055,1,1,1,1,1,0,0,20250331,20261231
SAG_03780052205,1,1,1,1,1,0,0,20250331,20261231
SAG_03780062240,1,1,1,1,1,0,0,20250331,20261231
SAG_03781060519,1,1,1,1,1,1,1,20240930,20261231
SAG_03781070616,1,1,1,1,1,1,1,20250331,20261231
SAG_03781070701,1,1,1,1,1,1,1,20250331,20261231
SAG_03781070746,1,1,1,1,1,1,1,20250331,20261231
SAG_03781070846,1,1,1,1,1,0,0,20250331,20261231
SAG_03781070916,0,0,0,0,0,1,1,20250331,20261231
SAG_03781070946,1,1,1,1,1,0,0,20250331,20261231
SAG_03781071046,1,1,1,1,1,0,0,20250331,20261231
SAG_03781071116,0,0,0,0,0,1,1,20250331,20261231
SAG_03781071146,1,1,1,1,1,0,0,20250331,20261231
SAG_03781071246,1,1,1,1,1,0,0,20250331,20261231
SAG_03781071326,1,1,1,1,1,0,0,20250331,20261231
SAG_03781071416,1,1,1,1,1,1,1,20250331,20261231
SAG_03781071516,1,1,1,1,1,1,1,20250331,20261231
SAG_03781071616,1,1,1,1,1,1,1,20250331,20261231
SAG_03781071716,1,1,1,1,1,0,0,20250331,20261231
SAG_03781071816,1,1,1,1,1,0,0,20250331,20261231
SAG_03781071916,1,1,1,1,1,1,1,20250331,20261231
SAG_03781072016,1,1,1,1,1,0,0,20250331,20261231
SAG_03781072111,1,1,1,1,1,0,0,20250331,20261231
SAG_03781072221,1,1,1,1,1,0,0,20250331,20261231
SAG_03790010730,1,1,1,1,1,0,0,20230701,20261231
SAG_03790011430,1,1,1,1,1,0,0,20230701,20261231
SAG_03800010110,1,1,1,1,1,0,0,20250428,20261231
SAG_03800010111,0,0,0,0,0,1,1,20250428,20261231
SAG_03800010210,1,1,1,1,1,0,0,20250428,20261231
SAG_03800010211,0,0,0,0,0,1,1,20250428,20261231
SAG_03800010315,1,1,1,1,1,0,0,20250428,20261231
SAG_03800010325,0,0,0,0,0,1,1,20250428,20261231
SAG_03800010415,1,1,1,1,1,0,0,20250428,20261231
SAG_03800010425,0,0,0,0,0,1,1,20250428,20261231
SAG_03800020030,0,0,0,0,0,1,1,20220601,20261231
SAG_03800020040,1,1,1,1,1,0,0,20220601,20261231
SAG_03800022330,0,0,0,0,1,1,0,20220601,20261231
SAG_03800022340,1,1,1,1,0,0,1,20220601,20261231
SAG_03811010001,1,1,1,1,1,0,0,20250428,20261231
SAG_03811010055,0,0,0,0,0,1,1,20250428,20261231
SAG_03811010101,1,1,1,1,1,0,0,20250428,20261231
SAG_03811010206,1,1,1,1,1,0,0,20250428,20261231
SAG_03811010210,0,0,0,0,0,1,1,20250428,20261231
SAG_03811010306,1,1,1,1,1,0,0,20250428,20261231
SAG_03811010310,0,0,0,0,0,1,1,20250428,20261231
SAG_03811012355,0,0,0,0,1,1,0,20250428,20261231
SAG_03811030411,1,1,1,1,1,0,0,20220601,20261231
SAG_03811030425,0,0,0,0,0,1,1,20220601,20261231
SAG_03811030511,1,1,1,1,1,0,0,20220601,20261231
SAG_03811030525,0,0,0,0,0,1,1,20220601,20261231
SAG_03820041435,1,1,1,1,1,0,0,20241104,20261231
SAG_03821040705,1,1,1,1,1,0,0,20241104,20261231
SAG_03830010535,1,1,1,1,1,0,0,20250122,20261231
SAG_03830010810,1,1,1,1,1,0,0,20250122,20261231
SAG_03830010940,1,1,1,1,1,0,0,20250122,20261231
SAG_03830011120,1,1,1,1,1,0,0,20250122,20261231
SAG_03830011310,1,1,1,1,1,0,0,20250122,20261231
SAG_03830011540,1,1,1,1,1,0,0,20250122,20261231
SAG_03830011715,1,1,1,1,1,0,0,20250122,20261231
SAG_03830011850,1,1,1,1,1,0,0,20250122,20261231
SAG_03831010830,1,1,1,1,1,0,0,20250122,20261231
SAG_03831010900,1,1,1,1,1,0,0,20250122,20261231
SAG_03831011030,1,1,1,1,1,0,0,20250122,20261231
SAG_03831011220,1,1,1,1,1,0,0,20250122,20261231
SAG_03831011630,1,1,1,1,1,0,0,20250122,20261231
SAG_03831011800,1,1,1,1,1,0,0,20250122,20261231
SAG_03831011940,1,1,1,1,1,0,0,20250122,20261231
SAG_03831020625,1,1,1,1,1,0,0,20250122,20261231
SAG_03850041710,1,1,1,1,1,0,0,20230116,20261231
SAG_03850041805,1,1,1,1,1,0,0,20230116,20261231
SAG_03850041900,1,1,1,1,1,0,0,20230116,20261231
SAG_03851041726,1,1,1,1,1,0,0,20230116,20261231
SAG_03851041821,1,1,1,1,1,0,0,20230116,20261231
SAG_03851041916,1,1,1,1,1,0,0,20230116,20261231
SAG_03890092115,1,1,1,1,1,0,0,20250901,20261231
SAG_03891062200,1,1,1,1,1,0,0,20250901,20261231
SAG_03900010715,1,1,1,1,1,0,0,20250224,20261231
SAG_03900010745,1,1,1,1,1,0,0,20200914,20261231
SAG_03900011215,1,1,1,1,1,0,0,20210531,20261231
SAG_03900011315,1,1,1,1,1,0,0,20210531,20261231
SAG_03900011345,1,1,1,1,1,0,0,20200914,20261231
SAG_03900011415,1,1,1,1,1,0,0,20200914,20261231
SAG_03900011630,1,1,1,1,1,0,0,20200914,20261231
SAG_03900011645,1,1,1,1,1,0,0,20210531,20261231
SAG_03900011700,1,1,1,1,1,0,0,20200914,20261231
SAG_03900020800,1,1,1,1,1,0,0,20200914,20261231
SAG_03900020830,1,1,1,1,1,0,0,20200914,20261231
SAG_03900021130,1,1,1,1,1,0,0,20200914,20261231
SAG_03900030730,1,1,1,1,1,0,0,20250224,20261231
SAG_03900030815,1,1,1,1,1,0,0,20200914,20261231
SAG_03900030845,1,1,1,1,1,0,0,20200914,20261231
SAG_03900030915,1,1,1,1,1,0,0,20200914,20261231
SAG_03900030945,1,1,1,1,1,0,0,20200914,20261231
SAG_03900031015,1,1,1,1,1,0,0,20200914,20261231
SAG_03900031045,1,1,1,1,1,0,0,20200914,20261231
SAG_03900031115,1,1,1,1,1,0,0,20200914,20261231
SAG_03900031145,1,1,1,1,1,0,0,20200914,20261231
SAG_03900031245,1,1,1,1,1,0,0,20200914,20261231
SAG_03900031445,1,1,1,1,1,0,0,20200914,20261231
SAG_03900031515,1,1,1,1,1,0,0,20200914,20261231
SAG_03900031545,1,1,1,1,1,0,0,20200914,20261231
SAG_03900031615,1,1,1,1,1,0,0,20200914,20261231
SAG_03900031715,1,1,1,1,1,0,0,20200914,20261231
SAG_03900031745,1,1,1,1,1,0,0,20200914,20261231
SAG_03900031815,1,1,1,1,1,0,0,20200914,20261231
SAG_03900031845,1,1,1,1,1,0,0,20200914,20261231
SAG_03900031915,1,1,1,1,1,0,0,20200914,20261231
SAG_03900032000,1,1,1,1,1,0,0,20200914,20261231
SAG_03900040900,1,1,1,1,1,0,0,20200914,20261231
SAG_03900040930,1,1,1,1,1,0,0,20200914,20261231
SAG_03900041000,1,1,1,1,1,0,0,20200914,20261231
SAG_03900041030,1,1,1,1,1,0,0,20200914,20261231
SAG_03900041100,1,1,1,1,1,0,0,20200914,20261231
SAG_03900041200,1,1,1,1,1,0,0,20200914,20261231
SAG_03900041230,1,1,1,1,1,0,0,20200914,20261231
SAG_03900041500,1,1,1,1,1,0,0,20240101,20261231
SAG_03900041530,1,1,1,1,1,0,0,20240101,20261231
SAG_03900041600,1,1,1,1,1,0,0,20240101,20261231
SAG_03900041730,1,1,1,1,1,0,0,20200914,20261231
SAG_03900041800,1,1,1,1,1,0,0,20200914,20261231
SAG_03900041830,1,1,1,1,1,0,0,20200914,20261231
SAG_03900041900,1,1,1,1,1,0,0,20200914,20261231
SAG_03900041930,1,1,1,1,1,0,0,20200914,20261231
SAG_03900050800,0,0,0,0,0,1,0,20200914,20261231
SAG_03900050830,0,0,0,0,0,1,0,20200914,20261231
SAG_03900050900,0,0,0,0,0,1,0,20200914,20261231
SAG_03900050930,0,0,0,0,0,1,0,20200914,20261231
SAG_03900051000,0,0,0,0,0,1,0,20200914,20261231
SAG_03900051030,0,0,0,0,0,1,0,20200914,20261231
SAG_03900051100,0,0,0,0,0,1,0,20200914,20261231
SAG_03900051130,0,0,0,0,0,1,0,20200914,20261231
SAG_03900051200,0,0,0,0,0,1,0,20200914,20261231
SAG_03900051230,0,0,0,0,0,1,0,20200914,20261231
SAG_03900051300,0,0,0,0,0,1,0,20200914,20261231
SAG_03900051530,0,0,0,0,0,1,0,20200914,20261231
SAG_03900051600,0,0,0,0,0,1,0,20200914,20261231
SAG_03900051630,0,0,0,0,0,1,0,20200914,20261231
SAG_03900051700,0,0,0,0,0,1,0,20200914,20261231
SAG_03900051730,0,0,0,0,0,1,0,20200914,20261231
SAG_03900051800,0,0,0,0,0,1,0,20200914,20261231
SAG_03900051830,0,0,0,0,0,1,0,20200914,20261231
SAG_03900051900,0,0,0,0,0,1,0,20200914,20261231
SAG_03900051930,0,0,0,0,0,1,0,20200914,20261231
SAG_03910020630,1,1,1,1,1,0,0,20200701,20261231
SAG_03910020700,1,1,1,1,1,0,0,20200701,20261231
SAG_03910020730,1,1,1,1,1,0,0,20200701,20261231
SAG_03910020800,1,1,1,1,1,0,0,20200701,20261231
SAG_03910020900,1,1,1,1,1,0,0,20200701,20261231
SAG_03910021000,1,1,1,1,1,0,0,20200701,20261231
SAG_03910021100,1,1,1,1,1,0,0,20200701,20261231
SAG_03910021230,1,1,1,1,1,0,0,20200701,20261231
SAG_03910021330,1,1,1,1,1,0,0,20200701,20261231
SAG_03910021530,1,1,1,1,1,0,0,20200701,20261231
SAG_03910021730,1,1,1,1,1,0,0,20200701,20261231
SAG_03910021830,1,1,1,1,1,0,0,20200701,20261231
SAG_03910021930,1,1,1,1,1,0,0,20200701,20261231
SAG_03910022030,1,1,1,1,1,0,0,20200701,20261231
SAG_03910022130,1,1,1,1,1,0,0,20200701,20261231
SAG_03910031630,1,1,1,1,1,0,0,20221114,20261231
SAG_03910041430,1,1,1,1,1,0,0,20240101,20261231
SAG_03930040700,1,1,1,1,1,0,0,20240930,20261231
SAG_03930040800,1,1,1,1,1,0,0,20240930,20261231
SAG_03930040900,1,1,1,1,1,0,0,20240930,20261231
SAG_03930041000,1,1,1,1,1,0,0,20240930,20261231
SAG_03930041100,1,1,1,1,1,0,0,20240930,20261231
SAG_03930041200,1,1,1,1,1,0,0,20240930,20261231
SAG_03930041330,1,1,1,1,1,0,0,20240930,20261231
SAG_03930041430,1,1,1,1,1,0,0,20240930,20261231
SAG_03930041530,1,1,1,1,1,0,0,20240930,20261231
SAG_03930041630,1,1,1,1,1,0,0,20240930,20261231
SAG_03930041730,1,1,1,1,1,0,0,20240930,20261231
SAG_03930041830,1,1,1,1,1,0,0,20240930,20261231
SAG_03930041930,1,1,1,1,1,0,0,20240930,20261231
SAG_03930042030,1,1,1,1,1,0,0,20240930,20261231
SAG_03930052130,1,1,1,1,1,0,0,20240930,20261231
SAG_03931050719,1,1,1,1,1,0,0,20240930,20261231
SAG_03931050819,1,1,1,1,1,0,0,20240930,20261231
SAG_03931050919,1,1,1,1,1,0,0,20240930,20261231
SAG_03931051019,1,1,1,1,1,0,0,20240930,20261231
SAG_03931051119,1,1,1,1,1,0,0,20240930,20261231
SAG_03931051219,1,1,1,1,1,0,0,20240930,20261231
SAG_03931051349,1,1,1,1,1,0,0,20240930,20261231
SAG_03931051449,1,1,1,1,1,0,0,20240930,20261231
SAG_03931051549,1,1,1,1,1,0,0,20240930,20261231
SAG_03931051649,1,1,1,1,1,0,0,20240930,20261231
SAG_03931051749,1,1,1,1,1,0,0,20240930,20261231
SAG_03931051849,1,1,1,1,1,0,0,20240930,20261231
SAG_03931051949,1,1,1,1,1,0,0,20240930,20261231
SAG_03931052049,1,1,1,1,1,0,0,20240930,20261231
SAG_03931060632,1,1,1,1,1,0,0,20240930,20261231
SAG_03950040600,1,1,1,1,1,0,0,20250915,20261231
SAG_03950040700,1,1,1,1,1,0,0,20250915,20261231
SAG_03950040800,1,1,1,1,1,0,0,20250915,20261231
SAG_03950040900,1,1,1,1,1,0,0,20250915,20261231
SAG_03950041000,1,1,1,1,1,0,0,20250915,20261231
SAG_03950041100,1,1,1,1,1,0,0,20250915,20261231
SAG_03950041230,1,1,1,1,1,0,0,20250915,20261231
SAG_03950041330,1,1,1,1,1,0,0,20250915,20261231
SAG_03950041530,1,1,1,1,1,0,0,20250915,20261231
SAG_03950041730,1,1,1,1,1,0,0,20250915,20261231
SAG_03950041830,1,1,1,1,1,0,0,20250915,20261231
SAG_03950041930,1,1,1,1,1,0,0,20250915,20261231
SAG_03950042030,1,1,1,1,1,0,0,20250915,20261231
SAG_03950042130,1,1,1,1,1,0,0,20250915,20261231
SAG_03950051630,1,1,1,1,1,0,0,20250915,20261231
SAG_03950061430,1,1,1,1,1,0,0,20250915,20261231
SAG_03951020623,1,1,1,1,1,0,0,20251117,20261231
SAG_03951020823,1,1,1,1,1,0,0,20251117,20261231
SAG_03951020923,1,1,1,1,1,0,0,20251117,20261231
SAG_03951021023,1,1,1,1,1,0,0,20251117,20261231
SAG_03951021123,1,1,1,1,1,0,0,20251117,20261231
SAG_03951021253,1,1,1,1,1,0,0,20251117,20261231
SAG_03951021353,1,1,1,1,1,0,0,20251117,20261231
SAG_03951021453,1,1,1,1,1,0,0,20251117,20261231
SAG_03951021553,1,1,1,1,1,0,0,20251117,20261231
SAG_03951021653,1,1,1,1,1,0,0,20251117,20261231
SAG_03951021753,1,1,1,1,1,0,0,20251117,20261231
SAG_03951021853,1,1,1,1,1,0,0,20251117,20261231
SAG_03951021953,1,1,1,1,1,0,0,20251117,20261231
SAG_03951022053,1,1,1,1,1,0,0,20251117,20261231
SAG_03951022153,1,1,1,1,1,0,0,20251117,20261231
SAG_03951030724,1,1,1,1,1,0,0,20230701,20261231
SAG_03960010645,1,0,1,1,1,0,0,20230213,20261231
SAG_03960010738,1,0,1,1,1,0,0,20230213,20261231
SAG_03960010804,1,0,1,1,1,0,0,20230213,20261231
SAG_03960010829,1,0,1,1,1,0,0,20230213,20261231
SAG_03960010914,0,0,0,0,0,1,1,20230422,20261231
SAG_03960010923,1,0,1,1,1,0,0,20230213,20261231
SAG_03960010948,1,0,1,1,1,0,0,20230213,20261231
SAG_03960011011,1,0,1,1,1,0,0,20230213,20261231
SAG_03960011059,0,0,0,0,0,1,1,20230422,20261231
SAG_03960011103,1,0,1,1,1,0,0,20230213,20261231
SAG_03960011126,1,0,1,1,1,0,0,20230213,20261231
SAG_03960011150,1,0,1,1,1,0,0,20230213,20261231
SAG_03960011241,1,0,1,1,1,0,0,20230213,20261231
SAG_03960011244,0,0,0,0,0,1,1,20230422,20261231
SAG_03960011305,1,0,1,1,1,0,0,20230213,20261231
SAG_03960011330,1,0,1,1,1,0,0,20230213,20261231
SAG_03960011422,1,0,1,1,1,0,0,20230213,20261231
SAG_03960011429,0,0,0,0,0,1,1,20230422,20261231
SAG_03960011449,1,0,1,1,1,0,0,20180101,20261231
SAG_03960011512,1,0,1,1,1,0,0,20230213,20261231
SAG_03960011606,1,1,1,1,1,0,0,20230213,20261231
SAG_03960011614,0,0,0,0,0,1,1,20230422,20261231
SAG_03960011627,1,1,1,1,1,0,0,20230213,20261231
SAG_03960011653,1,1,1,1,1,0,0,20230213,20261231
SAG_03960011742,1,1,1,1,1,0,0,20230213,20261231
SAG_03960011759,0,0,0,0,0,1,1,20230422,20261231
SAG_03960011808,1,1,1,1,1,0,0,20230213,20261231
SAG_03960011833,1,1,1,1,1,0,0,20230213,20261231
SAG_03960011857,1,1,1,1,1,0,0,20230213,20261231
SAG_03960011936,1,1,1,1,1,0,0,20230213,20261231
SAG_03960011944,0,0,0,0,0,1,1,20230422,20261231
SAG_03960012015,1,1,1,1,1,0,0,20230213,20261231
SAG_03960012111,1,1,1,1,1,0,0,20230213,20261231
SAG_03960020700,1,0,1,1,1,0,0,20230213,20261231
SAG_03960020713,1,0,1,1,1,0,0,20230213,20261231
SAG_03960020726,1,0,1,1,1,0,0,20230213,20261231
SAG_03960020751,1,0,1,1,1,0,0,20230213,20261231
SAG_03960020806,0,0,0,0,0,1,1,20230422,20261231
SAG_03960020819,1,0,1,1,1,0,0,20230213,20261231
SAG_03960020840,0,0,0,0,0,1,1,20230422,20261231
SAG_03960020845,1,0,1,1,1,0,0,20230213,20261231
SAG_03960020857,1,0,1,1,1,0,0,20230213,20261231
SAG_03960020910,1,0,1,1,1,0,0,20230213,20261231
SAG_03960020935,1,0,1,1,1,0,0,20230213,20261231
SAG_03960020952,0,0,0,0,0,1,1,20230422,20261231
SAG_03960021002,1,0,1,1,1,0,0,20230213,20261231
SAG_03960021025,0,0,0,0,0,1,1,20230422,20261231
SAG_03960021027,1,0,1,1,1,0,0,20230213,20261231
SAG_03960021038,1,0,1,1,1,0,0,20230213,20261231
SAG_03960021050,1,0,1,1,1,0,0,20230213,20261231
SAG_03960021114,1,0,1,1,1,0,0,20230213,20261231
SAG_03960021136,0,0,0,0,0,1,1,20230422,20261231
SAG_03960021142,1,0,1,1,1,0,0,20230213,20261231
SAG_03960021205,1,0,1,1,1,0,0,20230213,20261231
SAG_03960021210,0,0,0,0,0,1,1,20230422,20261231
SAG_03960021218,1,0,1,1,1,0,0,20230213,20261231
SAG_03960021229,1,0,1,1,1,0,0,20230213,20261231
SAG_03960021254,1,0,1,1,1,0,0,20230213,20261231
SAG_03960021320,1,0,1,1,1,0,0,20230213,20261231
SAG_03960021321,0,0,0,0,0,1,1,20230422,20261231
SAG_03960021344,1,0,1,1,1,0,0,20230213,20261231
SAG_03960021355,0,0,0,0,0,1,1,20230422,20261231
SAG_03960021356,1,0,1,1,1,0,0,20230213,20261231
SAG_03960021411,1,0,1,1,1,0,0,20230213,20261231
SAG_03960021434,1,0,1,1,1,0,0,20230213,20261231
SAG_03960021503,1,0,1,1,1,0,0,20230213,20261231
SAG_03960021506,0,0,0,0,0,1,1,20230422,20261231
SAG_03960021530,1,0,1,1,1,0,0,20230213,20261231
SAG_03960021540,0,0,0,0,0,1,1,20230422,20261231
SAG_03960021541,1,0,1,1,1,0,0,20230213,20261231
SAG_03960021551,1,0,1,1,1,0,0,20230213,20261231
SAG_03960021617,1,1,1,1,1,0,0,20230213,20261231
SAG_03960021645,1,1,1,1,1,0,0,20230213,20261231
SAG_03960021651,0,0,0,0,0,1,1,20230422,20261231
SAG_03960021706,1,1,1,1,1,0,0,20230213,20261231
SAG_03960021721,1,1,1,1,1,0,0,20230213,20261231
SAG_03960021725,0,0,0,0,0,1,1,20230422,20261231
SAG_03960021732,1,1,1,1,1,0,0,20230213,20261231
SAG_03960021757,1,1,1,1,1,0,0,20230213,20261231
SAG_03960021821,1,1,1,1,1,0,0,20230213,20261231
SAG_03960021836,0,0,0,0,0,1,1,20230422,20261231
SAG_03960021847,1,1,1,1,1,0,0,20230213,20261231
SAG_03960021910,0,0,0,0,0,1,1,20230422,20261231
SAG_03960021912,1,1,1,1,1,0,0,20230213,20261231
SAG_03960021923,1,1,1,1,1,0,0,20230213,20261231
SAG_03960021959,1,1,1,1,1,0,0,20230213,20261231
SAG_03960022035,1,1,1,1,1,0,0,20230213,20261231
SAG_03960022054,1,1,1,1,1,0,0,20230213,20261231
SAG_03960022130,1,1,1,1,1,0,0,20230213,20261231
SAG_03960030645,0,1,0,0,0,0,0,20230213,20261231
SAG_03960030738,0,1,0,0,0,0,0,20230213,20261231
SAG_03960030804,0,1,0,0,0,0,0,20230213,20261231
SAG_03960030829,0,1,0,0,0,0,0,20230213,20261231
SAG_03960030923,0,1,0,0,0,0,0,20230213,20261231
SAG_03960030948,0,1,0,0,0,0,0,20230213,20261231
SAG_03960031011,0,1,0,0,0,0,0,20230213,20261231
SAG_03960031103,0,1,0,0,0,0,0,20230213,20261231
SAG_03960031126,0,1,0,0,0,0,0,20230213,20261231
SAG_03960031150,0,1,0,0,0,0,0,20230213,20261231
SAG_03960031241,0,1,0,0,0,0,0,20230213,20261231
SAG_03960031305,0,1,0,0,0,0,0,20230213,20261231
SAG_03960031330,0,1,0,0,0,0,0,20230213,20261231
SAG_03960031422,0,1,0,0,0,0,0,20230213,20261231
SAG_03960031449,0,1,0,0,0,0,0,20230213,20261231
SAG_03960031512,0,1,0,0,0,0,0,20230213,20261231
SAG_03960040700,0,1,0,0,0,0,0,20230213,20261231
SAG_03960040713,0,1,0,0,0,0,0,20230213,20261231
SAG_03960040726,0,1,0,0,0,0,0,20230213,20261231
SAG_03960040751,0,1,0,0,0,0,0,20230213,20261231
SAG_03960040819,0,1,0,0,0,0,0,20230213,20261231
SAG_03960040845,0,1,0,0,0,0,0,20230213,20261231
SAG_03960040857,0,1,0,0,0,0,0,20230213,20261231
SAG_03960040910,0,1,0,0,0,0,0,20230213,20261231
SAG_03960040935,0,1,0,0,0,0,0,20230213,20261231
SAG_03960041002,0,1,0,0,0,0,0,20230212,20261231
SAG_03960041027,0,1,0,0,0,0,0,20230213,20261231
SAG_03960041038,0,1,0,0,0,0,0,20230213,20261231
SAG_03960041050,0,1,0,0,0,0,0,20230213,20261231
SAG_03960041114,0,1,0,0,0,0,0,20230213,20261231
SAG_03960041142,0,1,0,0,0,0,0,20230213,20261231
SAG_03960041205,0,1,0,0,0,0,0,20230213,20261231
SAG_03960041218,0,1,0,0,0,0,0,20230213,20261231
SAG_03960041229,0,1,0,0,0,0,0,20230213,20261231
SAG_03960041254,0,1,0,0,0,0,0,20230213,20261231
SAG_03960041320,0,1,0,0,0,0,0,20230213,20261231
SAG_03960041344,0,1,0,0,0,0,0,20230213,20261231
SAG_03960041356,0,1,0,0,0,0,0,20230213,20261231
SAG_03960041411,0,1,0,0,0,0,0,20230213,20261231
SAG_03960041434,0,1,0,0,0,0,0,20230213,20261231
SAG_03960041503,0,1,0,0,0,0,0,20230213,20261231
SAG_03960041530,0,1,0,0,0,0,0,20230213,20261231
SAG_03960041541,0,1,0,0,0,0,0,20230213,20261231
SAG_03960041551,0,1,0,0,0,0,0,20230213,20261231
SAG_03960071948,1,1,1,1,1,0,0,20230213,20261231
SAG_03960072021,0,0,0,0,0,1,1,20230422,20261231
SAG_03960072150,1,1,1,1,1,0,0,20230213,20261231
SAG_03960072206,1,1,1,1,1,0,0,20230213,20261231
SAG_03960080746,0,0,0,0,0,1,1,20230422,20261231
SAG_03960090625,1,1,1,1,1,0,0,20230213,20261231
SAG_03960090640,1,1,1,1,1,0,0,20230213,20261231
SAG_03960090653,1,1,1,1,1,0,0,20230213,20261231
SAG_03970031640,1,1,1,1,1,0,0,20241104,20261231
SAG_03970031735,1,1,1,1,1,0,0,20241104,20261231
SAG_03970031830,1,1,1,1,1,0,0,20241104,20261231
SAG_04000030645,1,1,1,1,1,0,0,20200101,20261231
SAG_04000030720,1,1,1,1,1,0,0,20200101,20261231
SAG_04000030750,1,1,1,1,1,0,0,20200101,20261231
SAG_04000030751,0,0,0,0,0,1,0,20200318,20261231
SAG_04000030825,1,1,1,1,1,0,0,20200101,20261231
SAG_04000030850,1,1,1,1,1,1,0,20200101,20261231
SAG_04000030920,1,1,1,1,1,0,0,20200101,20261231
SAG_04000030950,0,0,0,0,0,1,1,20200318,20261231
SAG_04000031020,1,1,1,1,1,0,0,20210913,20261231
SAG_04000031050,1,1,1,1,1,1,1,20200101,20261231
SAG_04000031120,1,1,1,1,1,0,0,20210913,20261231
SAG_04000031150,1,1,1,1,1,1,1,20200914,20261231
SAG_04000031220,1,1,1,1,1,0,0,20210913,20261231
SAG_04000031250,1,1,1,1,1,1,1,20200101,20261231
SAG_04000031320,1,1,1,1,1,0,0,20210913,20261231
SAG_04000031350,1,1,1,1,1,1,1,20200101,20261231
SAG_04000031420,1,1,1,1,1,0,0,20210913,20261231
SAG_04000031450,1,1,1,1,1,1,1,20200101,20261231
SAG_04000031520,1,1,1,1,1,0,0,20210913,20261231
SAG_04000031550,1,1,1,1,1,1,1,20200101,20261231
SAG_04000031650,1,1,1,1,1,1,1,20200101,20261231
SAG_04000031720,1,1,1,1,1,0,0,20200101,20261231
SAG_04000031750,1,1,1,1,1,1,1,20200101,20261231
SAG_04000031825,1,1,1,1,1,0,0,20180101,20261231
SAG_04000031850,0,0,0,0,0,1,1,20200318,20261231
SAG_04000031855,1,1,1,1,1,0,0,20180101,20261231
SAG_04000031950,1,1,1,1,1,1,1,20200101,20261231
SAG_04000032020,1,1,1,1,1,0,0,20210913,20261231
SAG_04000032050,1,1,1,1,1,1,1,20200101,20261231
SAG_04000032120,1,1,1,1,1,0,0,20210913,20261231
SAG_04000032150,1,1,1,1,1,0,0,20200101,20261231
SAG_04000032220,1,1,1,1,1,0,0,20200101,20261231
SAG_04001030545,1,1,1,1,1,0,0,20200101,20261231
SAG_04001030615,1,1,1,1,1,0,0,20200101,20261231
SAG_04001030720,0,0,0,0,0,1,0,20200914,20261231
SAG_04001030820,0,0,0,0,0,1,0,20200101,20261231
SAG_04001030850,1,1,1,1,1,0,0,20200101,20261231
SAG_04001030920,1,1,1,1,1,1,1,20200101,20261231
SAG_04001030950,1,1,1,1,1,0,0,20210913,20261231
SAG_04001031020,1,1,1,1,1,1,1,20200101,20261231
SAG_04001031050,1,1,1,1,1,0,0,20210913,20261231
SAG_04001031120,1,1,1,1,1,1,1,20200101,20261231
SAG_04001031220,1,1,1,1,1,1,1,20200101,20261231
SAG_04001031250,1,1,1,1,1,0,0,20210913,20261231
SAG_04001031320,1,1,1,1,1,1,1,20200101,20261231
SAG_04001031350,1,1,1,1,1,0,0,20210913,20261231
SAG_04001031420,1,1,1,1,1,1,1,20200101,20261231
SAG_04001031450,1,1,1,1,1,0,0,20210913,20261231
SAG_04001031520,1,1,1,1,1,1,1,20200101,20261231
SAG_04001031550,1,1,1,1,1,0,0,20200101,20261231
SAG_04001031620,1,1,1,1,1,1,1,20200101,20261231
SAG_04001031650,1,1,1,1,1,0,0,20200101,20261231
SAG_04001031720,1,1,1,1,1,1,1,20200101,20261231
SAG_04001031750,1,1,1,1,1,0,0,20200318,20261231
SAG_04001031820,0,0,0,0,0,1,1,20200101,20261231
SAG_04001031850,1,1,1,1,1,0,0,20200318,20261231
SAG_04001031920,1,1,1,1,1,1,1,20200101,20261231
SAG_04001031950,1,1,1,1,1,0,0,20210913,20261231
SAG_04001032020,1,1,1,1,1,1,1,20200101,20261231
SAG_04001032050,1,1,1,1,1,0,0,20210913,20261231
SAG_04001032150,1,1,1,1,1,0,0,20200101,20261231
SAG_04001050645,1,1,1,1,1,0,0,20200101,20261231
SAG_04001050715,1,1,1,1,1,0,0,20200101,20261231
SAG_04001050750,1,1,1,1,1,0,0,20200101,20261231
SAG_04050040900,1,1,1,1,1,1,1,20220131,20261231
SAG_04050041000,1,1,1,1,1,1,1,20220131,20261231
SAG_04050041100,1,1,1,1,1,1,1,20220131,20261231
SAG_04050041200,1,1,1,1,1,1,1,20220131,20261231
SAG_04050041300,1,1,1,1,1,1,1,20220131,20261231
SAG_04050041400,0,0,0,0,1,1,1,20220131,20261231
SAG_04050041500,1,1,1,1,1,1,1,20220131,20261231
SAG_04050041600,1,1,1,1,1,1,1,20220131,20261231
SAG_04050041700,0,0,0,0,1,1,1,20220131,20261231
SAG_04050041800,1,1,1,1,1,1,1,20220131,20261231
SAG_04050041900,0,0,0,0,1,1,1,20220131,20261231
SAG_04050042000,1,1,1,1,1,1,1,20220131,20261231
SAG_04050042045,0,0,0,0,1,1,1,20220131,20261231
SAG_04050042145,1,1,1,1,1,1,1,20220131,20261231
SAG_04051040805,1,1,1,1,1,1,1,20220131,20261231
SAG_04051040905,1,1,1,1,1,1,1,20220131,20261231
SAG_04051040955,1,1,1,1,1,1,1,20220131,20261231
SAG_04051041055,1,1,1,1,1,1,1,20220131,20261231
SAG_04051041155,1,1,1,1,1,1,1,20220131,20261231
SAG_04051041255,0,0,0,0,1,1,1,20220131,20261231
SAG_04051041355,1,1,1,1,1,1,1,20220131,20261231
SAG_04051041455,1,1,1,1,1,1,1,20220131,20261231
SAG_04051041555,0,0,0,0,1,1,1,20220131,20261231
SAG_04051041655,1,1,1,1,1,1,1,20220131,20261231
SAG_04051041755,0,0,0,0,1,1,1,20220131,20261231
SAG_04051041855,1,1,1,1,1,1,1,20220131,20261231
SAG_04051041955,0,0,0,0,1,1,1,20220131,20261231
SAG_04051042055,1,1,1,1,1,1,1,20220131,20261231
SAG_04200030615,1,1,1,1,1,0,0,20200101,20261231
SAG_04201030700,1,1,1,1,1,0,0,20200101,20261231
SAG_04240020931,1,1,1,1,1,0,0,20240916,20261231
SAG_04240021202,1,1,1,1,1,0,0,20240916,20261231
SAG_04240021601,1,1,1,1,1,0,0,20240916,20261231
SAG_04240021832,1,1,1,1,1,0,0,20240916,20261231
SAG_04241020948,1,1,1,1,1,0,0,20240916,20261231
SAG_04241021219,1,1,1,1,1,0,0,20240916,20261231
SAG_04241021618,1,1,1,1,1,0,0,20240916,20261231
SAG_04241021849,1,1,1,1,1,0,0,20240916,20261231
SAG_04250010958,1,1,1,1,1,0,0,20201221,20261231
SAG_04251010945,1,1,1,1,1,0,0,20201221,20261231
SAG_04260011015,1,1,1,1,1,0,0,20201214,20261231
SAG_04261011030,1,1,1,1,1,0,0,20201214,20261231
SAG_04270010726,1,1,1,1,1,0,0,20251007,20261231
SAG_04270020541,1,1,1,1,1,0,0,20251007,20261231
SAG_04270020611,1,1,1,1,1,0,0,20251007,20261231
SAG_04270020641,1,1,1,1,1,0,0,20251007,20261231
SAG_04270020711,1,1,1,1,1,0,0,20251007,20261231
SAG_04270020811,1,1,1,1,1,0,0,20251007,20261231
SAG_04270021531,1,1,1,1,1,0,0,20251007,20261231
SAG_04270021603,1,1,1,1,1,0,0,20251007,20261231
SAG_04270021631,1,1,1,1,1,0,0,20251007,20261231
SAG_04270021703,1,1,1,1,1,0,0,20251007,20261231
SAG_04270021731,1,1,1,1,1,0,0,20251007,20261231
SAG_04270021803,1,1,1,1,1,0,0,20251007,20261231
SAG_04270021831,1,1,1,1,1,0,0,20251007,20261231
SAG_04270021903,1,1,1,1,1,0,0,20251007,20261231
SAG_04270021931,1,1,1,1,1,0,0,20251007,20261231
SAG_04270022003,1,1,1,1,1,0,0,20251007,20261231
SAG_04270022031,1,1,1,1,1,0,0,20251007,20261231
SAG_04270022103,1,1,1,1,1,0,0,20251007,20261231
SAG_04270030834,1,1,1,1,1,0,0,20251007,20261231
SAG_04270030904,1,1,1,1,1,0,0,20251007,20261231
SAG_04270030934,1,1,1,1,1,0,0,20251007,20261231
SAG_04270031004,1,1,1,1,1,0,0,20251007,20261231
SAG_04270031034,1,1,1,1,1,0,0,20251007,20261231
SAG_04270031104,1,1,1,1,1,0,0,20251007,20261231
SAG_04270031134,1,1,1,1,1,0,0,20251007,20261231
SAG_04270031204,1,1,1,1,1,0,0,20251007,20261231
SAG_04270031234,1,1,1,1,1,0,0,20251007,20261231
SAG_04270031304,1,1,1,1,1,0,0,20251007,20261231
SAG_04270031334,1,1,1,1,1,0,0,20251007,20261231
SAG_04270031404,1,1,1,1,1,0,0,20251007,20261231
SAG_04270031434,1,1,1,1,1,0,0,20251007,20261231
SAG_04270041514,1,1,1,1,1,0,0,20251007,20261231
SAG_04271011428,1,1,1,1,1,0,0,20251007,20261231
SAG_04271020609,1,1,1,1,1,0,0,20251007,20261231
SAG_04271020639,1,1,1,1,1,0,0,20251007,20261231
SAG_04271020739,1,1,1,1,1,0,0,20251007,20261231
SAG_04271020859,1,1,1,1,1,0,0,20251007,20261231
SAG_04271020929,1,1,1,1,1,0,0,20251007,20261231
SAG_04271021459,1,1,1,1,1,0,0,20251007,20261231
SAG_04271021531,1,1,1,1,1,0,0,20251007,20261231
SAG_04271021559,1,1,1,1,1,0,0,20251007,20261231
SAG_04271021631,1,1,1,1,1,0,0,20251007,20261231
SAG_04271021659,1,1,1,1,1,0,0,20251007,20261231
SAG_04271021731,1,1,1,1,1,0,0,20251007,20261231
SAG_04271021759,1,1,1,1,1,0,0,20251007,20261231
SAG_04271021831,1,1,1,1,1,0,0,20251007,20261231
SAG_04271021859,1,1,1,1,1,0,0,20251007,20261231
SAG_04271021931,1,1,1,1,1,0,0,20251007,20261231
SAG_04271021959,1,1,1,1,1,0,0,20251007,20261231
SAG_04271022031,1,1,1,1,1,0,0,20251007,20261231
SAG_04271022059,1,1,1,1,1,0,0,20251007,20261231
SAG_04271022131,1,1,1,1,1,0,0,20251007,20261231
SAG_04271030809,1,1,1,1,1,0,0,20251007,20261231
SAG_04271030839,1,1,1,1,1,0,0,20251007,20261231
SAG_04271031008,1,1,1,1,1,0,0,20251007,20261231
SAG_04271031038,1,1,1,1,1,0,0,20251007,20261231
SAG_04271031108,1,1,1,1,1,0,0,20251007,20261231
SAG_04271031138,1,1,1,1,1,0,0,20251007,20261231
SAG_04271031208,1,1,1,1,1,0,0,20251007,20261231
SAG_04271031238,1,1,1,1,1,0,0,20251007,20261231
SAG_04271031308,1,1,1,1,1,0,0,20251007,20261231
SAG_04271031338,1,1,1,1,1,0,0,20251007,20261231
SAG_04271031408,1,1,1,1,1,0,0,20251007,20261231
SAG_04271040709,1,1,1,1,1,0,0,20251007,20261231
SAG_04280010513,1,1,1,1,1,0,0,20251007,20261231
SAG_04280010543,1,1,1,1,1,0,0,20251007,20261231
SAG_04280010613,1,1,1,1,1,0,0,20251007,20261231
SAG_04280010641,1,1,1,1,1,0,0,20251007,20261231
SAG_04280010701,0,0,0,0,0,1,0,20251007,20261231
SAG_04280010711,1,1,1,1,1,0,0,20251007,20261231
SAG_04280010741,1,1,1,1,1,0,0,20251007,20261231
SAG_04280010746,0,0,0,0,0,1,1,20251007,20261231
SAG_04280010811,1,1,1,1,1,0,0,20251007,20261231
SAG_04280010831,0,0,0,0,0,1,1,20251007,20261231
SAG_04280010841,1,1,1,1,1,0,0,20251007,20261231
SAG_04280010911,1,1,1,1,1,0,0,20251007,20261231
SAG_04280010916,0,0,0,0,0,1,1,20251007,20261231
SAG_04280010941,1,1,1,1,1,0,0,20251007,20261231
SAG_04280011001,0,0,0,0,0,1,1,20251007,20261231
SAG_04280011011,1,1,1,1,1,0,0,20251007,20261231
SAG_04280011041,1,1,1,1,1,0,0,20251007,20261231
SAG_04280011046,0,0,0,0,0,1,1,20251007,20261231
SAG_04280011111,1,1,1,1,1,0,0,20251007,20261231
SAG_04280011131,0,0,0,0,0,1,1,20251007,20261231
SAG_04280011141,1,1,1,1,1,0,0,20251007,20261231
SAG_04280011216,0,0,0,0,0,1,1,20251007,20261231
SAG_04280011227,1,1,1,1,1,0,0,20251007,20261231
SAG_04280011257,1,1,1,1,1,0,0,20251007,20261231
SAG_04280011301,0,0,0,0,0,1,1,20251007,20261231
SAG_04280011327,1,1,1,1,1,0,0,20251007,20261231
SAG_04280011346,0,0,0,0,0,1,1,20251007,20261231
SAG_04280011357,1,1,1,1,1,0,0,20251007,20261231
SAG_04280011427,1,1,1,1,1,0,0,20251007,20261231
SAG_04280011431,0,0,0,0,0,1,1,20251007,20261231
SAG_04280011457,1,1,1,1,1,0,0,20251007,20261231
SAG_04280011516,0,0,0,0,0,1,1,20251007,20261231
SAG_04280011527,1,1,1,1,1,0,0,20251007,20261231
SAG_04280011557,1,1,1,1,1,0,0,20251007,20261231
SAG_04280011601,0,0,0,0,0,1,1,20251007,20261231
SAG_04280011627,1,1,1,1,1,0,0,20251007,20261231
SAG_04280011646,0,0,0,0,0,1,1,20251007,20261231
SAG_04280011657,1,1,1,1,1,0,0,20251007,20261231
SAG_04280011727,1,1,1,1,1,0,0,20251007,20261231
SAG_04280011731,0,0,0,0,0,1,1,20251007,20261231
SAG_04280011757,1,1,1,1,1,0,0,20251007,20261231
SAG_04280011816,0,0,0,0,0,1,1,20251007,20261231
SAG_04280011827,1,1,1,1,1,0,0,20251007,20261231
SAG_04280011857,1,1,1,1,1,0,0,20251007,20261231
SAG_04280011901,0,0,0,0,0,1,1,20251007,20261231
SAG_04280011927,1,1,1,1,1,0,0,20251007,20261231
SAG_04280011946,0,0,0,0,0,1,1,20251007,20261231
SAG_04280011957,1,1,1,1,1,0,0,20251007,20261231
SAG_04280012027,1,1,1,1,1,0,0,20251007,20261231
SAG_04280012031,0,0,0,0,0,1,1,20251007,20261231
SAG_04280012057,1,1,1,1,1,0,0,20251007,20261231
SAG_04280012116,0,0,0,0,0,1,1,20251007,20261231
SAG_04280012127,1,1,1,1,1,0,0,20251007,20261231
SAG_04280012157,1,1,1,1,1,0,0,20251007,20261231
SAG_04280012201,0,0,0,0,0,1,1,20251007,20261231
SAG_04280012227,1,1,1,1,1,0,0,20251007,20261231
SAG_04281010555,1,1,1,1,1,0,0,20251007,20261231
SAG_04281010625,1,1,1,1,1,0,0,20251007,20261231
SAG_04281010655,1,1,1,1,1,0,0,20251007,20261231
SAG_04281010725,1,1,1,1,1,0,0,20251007,20261231
SAG_04281010742,0,0,0,0,0,1,0,20251007,20261231
SAG_04281010755,1,1,1,1,1,0,0,20251007,20261231
SAG_04281010825,1,1,1,1,1,0,0,20251007,20261231
SAG_04281010827,0,0,0,0,0,1,1,20251007,20261231
SAG_04281010855,1,1,1,1,1,0,0,20251007,20261231
SAG_04281010912,0,0,0,0,0,1,1,20251007,20261231
SAG_04281010925,1,1,1,1,1,0,0,20251007,20261231
SAG_04281010955,1,1,1,1,1,0,0,20251007,20261231
SAG_04281010957,0,0,0,0,0,1,1,20251007,20261231
SAG_04281011025,1,1,1,1,1,0,0,20251007,20261231
SAG_04281011042,0,0,0,0,0,1,1,20251007,20261231
SAG_04281011055,1,1,1,1,1,0,0,20251007,20261231
SAG_04281011125,1,1,1,1,1,0,0,20251007,20261231
SAG_04281011127,0,0,0,0,0,1,1,20251007,20261231
SAG_04281011155,1,1,1,1,1,0,0,20251007,20261231
SAG_04281011212,0,0,0,0,0,1,1,20251007,20261231
SAG_04281011225,1,1,1,1,1,0,0,20251007,20261231
SAG_04281011257,0,0,0,0,0,1,1,20251007,20261231
SAG_04281011309,1,1,1,1,1,0,0,20251007,20261231
SAG_04281011339,1,1,1,1,1,0,0,20251007,20261231
SAG_04281011342,0,0,0,0,0,1,1,20251007,20261231
SAG_04281011409,1,1,1,1,1,0,0,20251007,20261231
SAG_04281011427,0,0,0,0,0,1,1,20251007,20261231
SAG_04281011439,1,1,1,1,1,0,0,20251007,20261231
SAG_04281011509,1,1,1,1,1,0,0,20251007,20261231
SAG_04281011512,0,0,0,0,0,1,1,20251007,20261231
SAG_04281011539,1,1,1,1,1,0,0,20251007,20261231
SAG_04281011557,0,0,0,0,0,1,1,20251007,20261231
SAG_04281011609,1,1,1,1,1,0,0,20251007,20261231
SAG_04281011639,1,1,1,1,1,0,0,20251007,20261231
SAG_04281011642,0,0,0,0,0,1,1,20251007,20261231
SAG_04281011709,1,1,1,1,1,0,0,20251007,20261231
SAG_04281011727,0,0,0,0,0,1,1,20251007,20261231
SAG_04281011739,1,1,1,1,1,0,0,20251007,20261231
SAG_04281011809,1,1,1,1,1,0,0,20251007,20261231
SAG_04281011812,0,0,0,0,0,1,1,20251007,20261231
SAG_04281011839,1,1,1,1,1,0,0,20251007,20261231
SAG_04281011857,0,0,0,0,0,1,1,20251007,20261231
SAG_04281011909,1,1,1,1,1,0,0,20251007,20261231
SAG_04281011939,1,1,1,1,1,0,0,20251007,20261231
SAG_04281011942,0,0,0,0,0,1,1,20251007,20261231
SAG_04281012009,1,1,1,1,1,0,0,20251007,20261231
SAG_04281012027,0,0,0,0,0,1,1,20251007,20261231
SAG_04281012039,1,1,1,1,1,0,0,20251007,20261231
SAG_04281012109,1,1,1,1,1,0,0,20251007,20261231
SAG_04281012112,0,0,0,0,0,1,1,20251007,20261231
SAG_04281012139,1,1,1,1,1,0,0,20251007,20261231
SAG_04281020438,1,1,1,1,1,0,0,20251007,20261231
SAG_04281020508,1,1,1,1,1,0,0,20251007,20261231
SAG_04281020538,1,1,1,1,1,0,0,20251007,20261231
SAG_04281020621,0,0,0,0,0,1,0,20251007,20261231
SAG_04281020706,0,0,0,0,0,1,1,20251007,20261231
SAG_04281020751,0,0,0,0,0,0,1,20251007,20261231
SAG_04290010515,1,1,1,1,1,0,0,20251007,20261231
SAG_04290010545,1,1,1,1,1,0,0,20251007,20261231
SAG_04290010615,1,1,1,1,1,0,0,20251007,20261231
SAG_04290010645,1,1,1,1,1,0,0,20251007,20261231
SAG_04290010715,1,1,1,1,1,0,0,20251007,20261231
SAG_04290010717,0,0,0,0,0,1,1,20251007,20261231
SAG_04290010745,1,1,1,1,1,0,0,20251007,20261231
SAG_04290010801,0,0,0,0,0,1,1,20251007,20261231
SAG_04290010815,1,1,1,1,1,0,0,20251007,20261231
SAG_04290010845,1,1,1,1,1,0,0,20251007,20261231
SAG_04290010846,0,0,0,0,0,1,1,20251007,20261231
SAG_04290010915,1,1,1,1,1,0,0,20251007,20261231
SAG_04290010931,0,0,0,0,0,1,1,20251007,20261231
SAG_04290010945,1,1,1,1,1,0,0,20251007,20261231
SAG_04290011015,1,1,1,1,1,0,0,20251007,20261231
SAG_04290011016,0,0,0,0,0,1,1,20251007,20261231
SAG_04290011045,1,1,1,1,1,0,0,20251007,20261231
SAG_04290011101,0,0,0,0,0,1,1,20251007,20261231
SAG_04290011115,1,1,1,1,1,0,0,20251007,20261231
SAG_04290011145,1,1,1,1,1,0,0,20251007,20261231
SAG_04290011147,0,0,0,0,0,1,1,20251007,20261231
SAG_04290011215,1,1,1,1,1,0,0,20251007,20261231
SAG_04290011231,0,0,0,0,0,1,1,20251007,20261231
SAG_04290011245,1,1,1,1,1,0,0,20251007,20261231
SAG_04290011315,1,1,1,1,1,0,0,20251007,20261231
SAG_04290011317,0,0,0,0,0,1,1,20251007,20261231
SAG_04290011345,1,1,1,1,1,0,0,20251007,20261231
SAG_04290011401,0,0,0,0,0,1,1,20251007,20261231
SAG_04290011415,1,1,1,1,1,0,0,20251007,20261231
SAG_04290011445,1,1,1,1,1,0,0,20251007,20261231
SAG_04290011447,0,0,0,0,0,1,1,20251007,20261231
SAG_04290011515,1,1,1,1,1,0,0,20251007,20261231
SAG_04290011531,0,0,0,0,0,1,1,20251007,20261231
SAG_04290011545,1,1,1,1,1,0,0,20251007,20261231
SAG_04290011615,1,1,1,1,1,0,0,20251007,20261231
SAG_04290011617,0,0,0,0,0,1,1,20251007,20261231
SAG_04290011645,1,1,1,1,1,0,0,20251007,20261231
SAG_04290011701,0,0,0,0,0,1,1,20251007,20261231
SAG_04290011715,1,1,1,1,1,0,0,20251007,20261231
SAG_04290011745,1,1,1,1,1,0,0,20251007,20261231
SAG_04290011747,0,0,0,0,0,1,1,20251007,20261231
SAG_04290011815,1,1,1,1,1,0,0,20251007,20261231
SAG_04290011831,0,0,0,0,0,1,1,20251007,20261231
SAG_04290011845,1,1,1,1,1,0,0,20251007,20261231
SAG_04290011915,1,1,1,1,1,0,0,20251007,20261231
SAG_04290011917,0,0,0,0,0,1,1,20251007,20261231
SAG_04290011945,1,1,1,1,1,0,0,20251007,20261231
SAG_04290012001,0,0,0,0,0,1,1,20251007,20261231
SAG_04290012015,1,1,1,1,1,0,0,20251007,20261231
SAG_04290012045,1,1,1,1,1,0,0,20251007,20261231
SAG_04290012047,0,0,0,0,0,1,1,20251007,20261231
SAG_04290012115,1,1,1,1,1,0,0,20251007,20261231
SAG_04290012131,0,0,0,0,0,1,1,20251007,20261231
SAG_04291010557,1,1,1,1,1,0,0,20251007,20261231
SAG_04291010627,1,1,1,1,1,0,0,20251007,20261231
SAG_04291010657,1,1,1,1,1,0,0,20251007,20261231
SAG_04291010727,1,1,1,1,1,0,0,20251007,20261231
SAG_04291010756,1,1,1,1,1,0,0,20251007,20261231
SAG_04291010758,0,0,0,0,0,1,1,20251007,20261231
SAG_04291010826,1,1,1,1,1,0,0,20251007,20261231
SAG_04291010843,0,0,0,0,0,1,1,20251007,20261231
SAG_04291010856,1,1,1,1,1,0,0,20251007,20261231
SAG_04291010926,1,1,1,1,1,0,0,20251007,20261231
SAG_04291010928,0,0,0,0,0,1,1,20251007,20261231
SAG_04291010956,1,1,1,1,1,0,0,20251007,20261231
SAG_04291011011,0,0,0,0,0,1,1,20251007,20261231
SAG_04291011026,1,1,1,1,1,0,0,20251007,20261231
SAG_04291011056,1,1,1,1,1,0,0,20251007,20261231
SAG_04291011058,0,0,0,0,0,1,1,20251007,20261231
SAG_04291011126,1,1,1,1,1,0,0,20251007,20261231
SAG_04291011141,0,0,0,0,0,1,1,20251007,20261231
SAG_04291011156,1,1,1,1,1,0,0,20251007,20261231
SAG_04291011226,1,1,1,1,1,0,0,20251007,20261231
SAG_04291011228,0,0,0,0,0,1,1,20251007,20261231
SAG_04291011256,1,1,1,1,1,0,0,20251007,20261231
SAG_04291011311,0,0,0,0,0,1,1,20251007,20261231
SAG_04291011326,1,1,1,1,1,0,0,20251007,20261231
SAG_04291011356,1,1,1,1,1,0,0,20251007,20261231
SAG_04291011358,0,0,0,0,0,1,1,20251007,20261231
SAG_04291011426,1,1,1,1,1,0,0,20251007,20261231
SAG_04291011441,0,0,0,0,0,1,1,20251007,20261231
SAG_04291011456,1,1,1,1,1,0,0,20251007,20261231
SAG_04291011526,1,1,1,1,1,0,0,20251007,20261231
SAG_04291011528,0,0,0,0,0,1,1,20251007,20261231
SAG_04291011556,1,1,1,1,1,0,0,20251007,20261231
SAG_04291011611,0,0,0,0,0,1,1,20251007,20261231
SAG_04291011626,1,1,1,1,1,0,0,20251007,20261231
SAG_04291011656,1,1,1,1,1,0,0,20251007,20261231
SAG_04291011658,0,0,0,0,0,1,1,20251007,20261231
SAG_04291011726,1,1,1,1,1,0,0,20251007,20261231
SAG_04291011741,0,0,0,0,0,1,1,20251007,20261231
SAG_04291011756,1,1,1,1,1,0,0,20251007,20261231
SAG_04291011826,1,1,1,1,1,0,0,20251007,20261231
SAG_04291011828,0,0,0,0,0,1,1,20251007,20261231
SAG_04291011856,1,1,1,1,1,0,0,20251007,20261231
SAG_04291011911,0,0,0,0,0,1,1,20251007,20261231
SAG_04291011926,1,1,1,1,1,0,0,20251007,20261231
SAG_04291011956,1,1,1,1,1,0,0,20251007,20261231
SAG_04291011958,0,0,0,0,0,1,1,20251007,20261231
SAG_04291012026,1,1,1,1,1,0,0,20251007,20261231
SAG_04291012041,0,0,0,0,0,1,1,20251007,20261231
SAG_04291012056,1,1,1,1,1,0,0,20251007,20261231
SAG_04291012126,1,1,1,1,1,0,0,20251007,20261231
SAG_04291012128,0,0,0,0,0,1,1,20251007,20261231
SAG_04291012156,1,1,1,1,1,0,0,20251007,20261231
SAG_04291012211,0,0,0,0,0,1,1,20251007,20261231
SAG_04300010735,0,0,0,0,0,1,1,20200530,20261231
SAG_04300010915,0,0,0,0,0,1,1,20200530,20261231
SAG_04300011030,0,0,0,0,0,1,1,20200530,20261231
SAG_04300011330,0,0,0,0,1,1,1,20200530,20261231
SAG_04300011445,0,0,0,0,1,1,1,20200530,20261231
SAG_04300011730,0,0,0,0,1,1,1,20200530,20261231
SAG_04300020825,0,0,0,0,1,0,0,20180101,20261231
SAG_04300021040,0,0,0,0,1,0,0,20180101,20261231
SAG_04300021355,1,1,1,1,0,0,0,20180101,20261231
SAG_04300021740,1,1,1,1,0,0,0,20180101,20261231
SAG_04301011000,0,0,0,0,0,1,1,20200530,20261231
SAG_04301011130,0,0,0,0,0,1,1,20200530,20261231
SAG_04301011245,0,0,0,0,0,1,1,20200530,20261231
SAG_04301011415,0,0,0,0,0,1,1,20200530,20261231
SAG_04301011700,0,0,0,0,1,1,1,20200530,20261231
SAG_04301011830,0,0,0,0,1,1,1,20200530,20261231
SAG_04301012030,0,0,0,0,1,1,1,20200530,20261231
SAG_04301021115,0,0,0,0,1,0,0,20180101,20261231
SAG_04301021330,0,0,0,0,1,0,0,20180101,20261231
SAG_04301021815,1,1,1,1,0,0,0,20180101,20261231
SAG_04301022030,1,1,1,1,0,0,0,20180101,20261231
SAG_04800030430,0,0,0,0,0,1,1,20250428,20261231
SAG_04800040020,0,0,0,0,0,1,1,20250428,20261231
SAG_04800040045,1,1,1,1,1,0,0,20250428,20261231
SAG_04800040150,0,0,0,0,0,1,1,20250428,20261231
SAG_04800050305,0,0,0,0,0,1,1,20250428,20261231
SAG_04800050315,1,1,1,1,0,0,0,20250428,20261231
SAG_04800060001,0,0,0,0,0,1,1,20250428,20261231
SAG_04800072310,0,0,0,0,1,1,0,20250428,20261231
SAG_04800072338,1,1,1,1,0,0,0,20250428,20261231
SAG_05000011930,1,1,1,1,1,0,0,20240902,20261231
SAG_05000020645,1,1,1,1,1,0,0,20240902,20261231
SAG_05000020845,1,1,1,1,1,0,0,20240902,20261231
SAG_05000020915,0,0,0,0,0,1,0,20240902,20261231
SAG_05000020935,0,0,0,0,0,0,1,20240902,20261231
SAG_05000021605,1,1,1,1,1,1,0,20240902,20261231
SAG_05000021820,0,0,0,0,0,0,1,20240902,20261231
SAG_05001011815,1,1,1,1,1,0,0,20240902,20261231
SAG_05001020550,1,1,1,1,1,0,0,20240902,20261231
SAG_05001020815,0,0,0,0,0,1,0,20240902,20261231
SAG_05001020830,0,0,0,0,0,0,1,20240902,20261231
SAG_05001041457,1,1,1,1,1,1,0,20240902,20261231
SAG_05001041715,0,0,0,0,0,0,1,20240902,20261231
SAG_05001050745,1,1,1,1,1,0,0,20240902,20261231
SAG_05010030800,1,1,1,1,1,0,0,20250428,20261231
SAG_05010031400,1,1,1,1,1,0,0,20250428,20261231
SAG_05011030715,1,1,1,1,1,0,0,20250428,20261231
SAG_05011031315,1,1,1,1,1,0,0,20250428,20261231
SAG_05011031815,1,1,1,1,1,0,0,20250428,20261231
SAG_05020010615,0,0,0,0,1,0,0,20241202,20261231
SAG_05020010950,0,0,0,0,1,0,0,20241202,20261231
SAG_05020020615,1,1,1,1,0,0,0,20241202,20261231
SAG_05020020950,1,1,1,1,0,0,0,20241202,20261231
SAG_05020021620,1,1,1,1,1,0,0,20241202,20261231
SAG_05020021920,1,1,1,1,1,0,0,20241202,20261231
SAG_05021011100,0,0,0,0,1,0,0,20241202,20261231
SAG_05021040740,0,0,0,0,1,0,0,20241202,20261231
SAG_05021050740,1,1,1,1,0,0,0,20241202,20261231
SAG_05021061100,1,1,1,1,0,0,0,20241202,20261231
SAG_05021061730,1,1,1,1,1,0,0,20241202,20261231
SAG_05021062030,1,1,1,1,1,0,0,20241202,20261231
SAG_05220100700,1,1,1,1,1,0,0,20220613,20261231
SAG_05220111425,1,1,1,1,1,0,0,20220613,20261231
SAG_05220120805,1,1,1,1,1,0,0,20220613,20261231
SAG_05220120935,1,1,1,1,1,0,0,20220613,20261231
SAG_05220121225,1,1,1,1,1,0,0,20220613,20261231
SAG_05220121525,1,1,1,1,1,0,0,20220613,20261231
SAG_05220121655,1,1,1,1,1,0,0,20220613,20261231
SAG_05220121825,1,1,1,1,1,0,0,20220613,20261231
SAG_05221010713,1,1,1,1,1,0,0,20220613,20261231
SAG_05221021448,1,1,1,1,1,0,0,20220613,20261231
SAG_05221030822,1,1,1,1,1,0,0,20220613,20261231
SAG_05221030952,1,1,1,1,1,0,0,20220613,20261231
SAG_05221031242,1,1,1,1,1,0,0,20220613,20261231
SAG_05221031542,1,1,1,1,1,0,0,20220613,20261231
SAG_05221031712,1,1,1,1,1,0,0,20220613,20261231
SAG_05221031842,1,1,1,1,1,0,0,20220613,20261231
SAG_05230020855,1,1,1,1,1,0,0,20220613,20261231
SAG_05230021305,1,1,1,1,1,0,0,20220613,20261231
SAG_05230021605,1,1,1,1,1,0,0,20220613,20261231
SAG_05230021735,1,1,1,1,1,0,0,20220613,20261231
SAG_05231010909,1,1,1,1,1,0,0,20220613,20261231
SAG_05231011319,1,1,1,1,1,0,0,20220613,20261231
SAG_05231011619,1,1,1,1,1,0,0,20220613,20261231
SAG_05231011749,1,1,1,1,1,0,0,20220613,20261231
SAG_05820020622,1,1,1,1,1,0,0,20260103,20261231
SAG_05820020811,1,1,1,1,1,1,1,20260103,20261231
SAG_05820020938,1,1,1,1,1,0,0,20260103,20261231
SAG_05820020950,0,0,0,0,0,1,1,20260103,20261231
SAG_05820021105,1,1,1,1,1,0,0,20260103,20261231
SAG_05820021120,0,0,0,0,0,1,1,20260103,20261231
SAG_05820021129,1,1,1,1,1,0,0,20260103,20261231
SAG_05820021220,0,0,0,0,0,1,1,20260103,20261231
SAG_05820021237,1,1,1,1,1,0,0,20260103,20261231
SAG_05820021320,0,0,0,0,0,1,1,20260103,20261231
SAG_05820021336,1,1,1,1,1,0,0,20260103,20261231
SAG_05820021429,1,1,1,1,1,0,0,20260103,20261231
SAG_05820021529,1,1,1,1,1,0,0,20260103,20261231
SAG_05820021629,1,1,1,1,1,0,0,20260103,20261231
SAG_05820021729,1,1,1,1,1,0,0,20260103,20261231
SAG_05820021820,0,0,0,0,0,1,1,20260103,20261231
SAG_05820021829,1,1,1,1,1,0,0,20260103,20261231
SAG_05820021920,0,0,0,0,0,1,1,20260103,20261231
SAG_05820021929,1,1,1,1,1,0,0,20260103,20261231
SAG_05820022020,0,0,0,0,0,1,1,20260103,20261231
SAG_05820022029,1,1,1,1,1,0,0,20260103,20261231
SAG_05821020632,1,1,1,1,1,0,0,20260103,20261231
SAG_05821020821,1,1,1,1,1,1,1,20260103,20261231
SAG_05821020955,1,1,1,1,1,0,0,20260103,20261231
SAG_05821021000,0,0,0,0,0,1,1,20260103,20261231
SAG_05821021115,1,1,1,1,1,0,0,20260103,20261231
SAG_05821021130,0,0,0,0,0,1,1,20260103,20261231
SAG_05821021155,1,1,1,1,1,0,0,20260103,20261231
SAG_05821021230,0,0,0,0,0,1,1,20260103,20261231
SAG_05821021255,1,1,1,1,1,0,0,20260103,20261231
SAG_05821021330,0,0,0,0,0,1,1,20260103,20261231
SAG_05821021346,1,1,1,1,1,0,0,20260103,20261231
SAG_05821021446,1,1,1,1,1,0,0,20260103,20261231
SAG_05821021544,1,1,1,1,1,0,0,20260103,20261231
SAG_05821021644,1,1,1,1,1,0,0,20260103,20261231
SAG_05821021744,1,1,1,1,1,0,0,20260103,20261231
SAG_05821021830,0,0,0,0,0,1,1,20260103,20261231
SAG_05821021844,1,1,1,1,1,0,0,20260103,20261231
SAG_05821021930,0,0,0,0,0,1,1,20260103,20261231
SAG_05821021944,1,1,1,1,1,0,0,20260103,20261231
SAG_05821022030,0,0,0,0,0,1,1,20260103,20261231
SAG_05821022039,1,1,1,1,1,0,0,20260103,20261231
SAG_05830060642,1,1,1,1,1,1,1,20260103,20261231
SAG_05830060710,1,1,1,1,1,1,1,20260103,20261231
SAG_05830060742,1,1,1,1,1,1,1,20260103,20261231
SAG_05830060833,1,1,1,1,1,0,0,20260103,20261231
SAG_05830060840,0,0,0,0,0,1,1,20260103,20261231
SAG_05830060908,1,1,1,1,1,1,1,20260103,20261231
SAG_05830061020,0,0,0,0,0,1,1,20260103,20261231
SAG_05830061030,1,1,1,1,1,0,0,20260103,20261231
SAG_05830061050,0,0,0,0,0,1,1,20260103,20261231
SAG_05830061150,0,0,0,0,0,1,1,20260103,20261231
SAG_05830061207,1,1,1,1,1,0,0,20260103,20261231
SAG_05830061250,0,0,0,0,0,1,1,20260103,20261231
SAG_05830061307,1,1,1,1,1,0,0,20260103,20261231
SAG_05830061350,0,0,0,0,0,1,1,20260103,20261231
SAG_05830061358,1,1,1,1,1,0,0,20260103,20261231
SAG_05830061458,1,1,1,1,1,0,0,20260103,20261231
SAG_05830061558,1,1,1,1,1,0,0,20260103,20261231
SAG_05830061658,1,1,1,1,1,0,0,20260103,20261231
SAG_05830061750,0,0,0,0,0,1,1,20260103,20261231
SAG_05830061758,1,1,1,1,1,0,0,20260103,20261231
SAG_05830061850,0,0,0,0,0,1,1,20260103,20261231
SAG_05830061858,1,1,1,1,1,0,0,20260103,20261231
SAG_05830061950,0,0,0,0,0,1,1,20260103,20261231
SAG_05830061958,1,1,1,1,1,0,0,20260103,20261231
SAG_05830062041,0,0,0,0,0,1,1,20260103,20261231
SAG_05830062052,1,1,1,1,1,0,0,20260103,20261231
SAG_05830062128,1,1,1,1,1,0,0,20260103,20261231
SAG_05831060655,1,1,1,1,1,1,1,20260103,20261231
SAG_05831060723,1,1,1,1,1,1,1,20260103,20261231
SAG_05831060755,1,1,1,1,1,1,1,20260103,20261231
SAG_05831060853,1,1,1,1,1,1,1,20260103,20261231
SAG_05831060921,0,0,0,0,0,1,1,20260103,20261231
SAG_05831060923,1,1,1,1,1,0,0,20260103,20261231
SAG_05831061033,0,0,0,0,0,1,1,20260103,20261231
SAG_05831061050,1,1,1,1,1,0,0,20260103,20261231
SAG_05831061103,0,0,0,0,0,1,1,20260103,20261231
SAG_05831061203,0,0,0,0,0,1,1,20260103,20261231
SAG_05831061220,1,1,1,1,1,0,0,20260103,20261231
SAG_05831061303,0,0,0,0,0,1,1,20260103,20261231
SAG_05831061320,1,1,1,1,1,0,0,20260103,20261231
SAG_05831061403,0,0,0,0,0,1,1,20260103,20261231
SAG_05831061414,1,1,1,1,1,0,0,20260103,20261231
SAG_05831061514,1,1,1,1,1,0,0,20260103,20261231
SAG_05831061614,1,1,1,1,1,0,0,20260103,20261231
SAG_05831061714,1,1,1,1,1,0,0,20260103,20261231
SAG_05831061803,0,0,0,0,0,1,1,20260103,20261231
SAG_05831061814,1,1,1,1,1,0,0,20260103,20261231
SAG_05831061903,0,0,0,0,0,1,1,20260103,20261231
SAG_05831061914,1,1,1,1,1,0,0,20260103,20261231
SAG_05831062003,0,0,0,0,0,1,1,20260103,20261231
SAG_05831062014,1,1,1,1,1,0,0,20260103,20261231
SAG_05831062054,0,0,0,0,0,1,1,20260103,20261231
SAG_05831062105,1,1,1,1,1,0,0,20260103,20261231
SAG_05831062141,1,1,1,1,1,0,0,20260103,20261231
SAG_05910070712,1,1,1,1,1,0,0,20240909,20261231
SAG_05910071950,1,1,1,1,1,0,0,20240909,20261231
SAG_05910150745,1,1,1,1,1,0,0,20240909,20261231
SAG_05910150850,1,1,1,1,1,0,0,20240909,20261231
SAG_05910150950,1,1,1,1,1,0,0,20240909,20261231
SAG_05910151050,1,1,1,1,1,0,0,20240909,20261231
SAG_05910151150,1,1,1,1,1,0,0,20240909,20261231
SAG_05910151250,1,1,1,1,1,0,0,20240909,20261231
SAG_05910151350,1,1,1,1,1,0,0,20240909,20261231
SAG_05910151420,1,1,1,1,1,0,0,20240909,20261231
SAG_05910151550,1,1,1,1,1,0,0,20240909,20261231
SAG_05910151650,1,1,1,1,1,0,0,20240909,20261231
SAG_05910151750,1,1,1,1,1,0,0,20240909,20261231
SAG_05910151850,1,1,1,1,1,0,0,20240909,20261231
SAG_05910160820,1,1,1,1,1,0,0,20240909,20261231
SAG_05910160920,1,1,1,1,1,0,0,20240909,20261231
SAG_05910161020,1,1,1,1,1,0,0,20240909,20261231
SAG_05910161120,1,1,1,1,1,0,0,20240909,20261231
SAG_05910161220,1,1,1,1,1,0,0,20240909,20261231
SAG_05910161320,1,1,1,1,1,0,0,20240909,20261231
SAG_05910161453,1,1,1,1,1,0,0,20240909,20261231
SAG_05910161620,1,1,1,1,1,0,0,20240909,20261231
SAG_05910161720,1,1,1,1,1,0,0,20240909,20261231
SAG_05910161820,1,1,1,1,1,0,0,20240909,20261231
SAG_05910161920,1,1,1,1,1,0,0,20240909,20261231
SAG_05910171523,1,1,1,1,1,0,0,20240909,20261231
SAG_05910190736,1,1,1,1,1,0,0,20240909,20261231
SAG_05960090745,0,0,0,0,0,1,1,20220905,20261231
SAG_05960091250,1,1,1,1,1,0,0,20220905,20261231
SAG_05960091251,0,0,0,0,0,1,1,20220905,20261231
SAG_05960100720,1,1,1,1,1,0,0,20220905,20261231
SAG_05960110814,1,1,1,1,1,0,0,20220905,20261231
SAG_05960120950,1,1,1,1,1,1,1,20220905,20261231
SAG_05960121650,1,1,1,1,1,1,0,20220905,20261231
SAG_05960121950,1,1,1,1,1,1,0,20220905,20261231
SAG_05960141050,1,1,1,1,1,1,1,20220905,20261231
SAG_05960141505,1,1,1,1,1,0,0,20220905,20261231
SAG_05960141550,0,0,0,0,0,1,0,20220905,20261231
SAG_05960141750,1,1,1,1,1,1,0,20220905,20261231
SAG_05960160630,1,1,1,1,1,0,0,20220905,20261231
SAG_05960160850,1,1,1,1,1,0,0,20220905,20261231
SAG_05960161150,1,1,1,1,1,1,1,20220905,20261231
SAG_05960161450,0,0,0,0,0,1,1,20220905,20261231
SAG_05960161600,1,1,1,1,1,0,0,20220905,20261231
SAG_05960161850,0,0,0,0,0,1,0,20220905,20261231
SAG_05960162050,0,0,0,0,0,1,0,20220905,20261231
SAG_05960230845,0,0,0,0,0,1,1,20220905,20261231
SAG_05960231345,0,0,0,0,0,1,1,20220905,20261231
SAG_05960231350,1,1,1,1,1,0,0,20220905,20261231
SAG_05960231845,1,1,1,1,1,0,0,20220905,20261231
SAG_05960232045,1,1,1,1,1,0,0,20220905,20261231
SAG_05961011420,0,0,0,0,0,1,1,20220905,20261231
SAG_05961011920,1,1,1,1,1,0,0,20220905,20261231
SAG_05961011921,0,0,0,0,0,1,0,20220905,20261231
SAG_05961030747,1,1,1,1,1,0,0,20220905,20261231
SAG_05961040837,1,1,1,1,1,0,0,20220905,20261231
SAG_05961060920,1,1,1,1,1,0,0,20220905,20261231
SAG_05961060921,0,0,0,0,0,1,1,20220905,20261231
SAG_05961061120,1,1,1,1,1,0,0,20220905,20261231
SAG_05961061121,0,0,0,0,0,1,1,20220905,20261231
SAG_05961061720,1,1,1,1,1,0,0,20220905,20261231
SAG_05961061721,0,0,0,0,0,1,0,20220905,20261231
SAG_05961070820,0,0,0,0,0,1,1,20220905,20261231
SAG_05961071320,0,0,0,0,0,1,1,20220905,20261231
SAG_05961071325,1,1,1,1,1,0,0,20220905,20261231
SAG_05961071820,1,1,1,1,1,0,0,20220905,20261231
SAG_05961072020,1,1,1,1,1,0,0,20220905,20261231
SAG_05961161525,0,0,0,0,0,1,0,20220905,20261231
SAG_05961161526,0,0,0,0,0,0,1,20220905,20261231
SAG_05961161535,1,1,1,1,1,0,0,20220905,20261231
SAG_05961161820,0,0,0,0,0,1,0,20220905,20261231
SAG_05961162020,0,0,0,0,0,1,0,20220905,20261231
SAG_05961162120,1,1,1,1,1,1,0,20220905,20261231
SAG_05961220650,1,1,1,1,1,0,0,20220905,20261231
SAG_05961221020,1,1,1,1,1,0,0,20220905,20261231
SAG_05961221021,0,0,0,0,0,1,1,20220905,20261231
SAG_05961221220,1,1,1,1,1,0,0,20220905,20261231
SAG_05961221221,0,0,0,0,0,1,1,20220905,20261231
SAG_05961221620,1,1,1,1,1,0,0,20220905,20261231
SAG_05961221621,0,0,0,0,0,1,0,20220905,20261231
SAG_05961241435,1,1,1,1,1,0,0,20220905,20261231
SAG_06400010705,1,1,1,1,1,0,0,20251006,20261231
SAG_06400010715,1,1,1,1,1,0,0,20251006,20261231
SAG_06400010730,1,1,1,1,1,0,0,20251006,20261231
SAG_06400010735,0,0,0,0,0,1,1,20251006,20261231
SAG_06400010740,1,1,1,1,1,0,0,20251006,20261231
SAG_06400010755,1,1,1,1,1,0,0,20251006,20261231
SAG_06400010825,1,1,1,1,1,0,0,20251006,20261231
SAG_06400010835,1,1,1,1,1,1,1,20251006,20261231
SAG_06400010845,1,1,1,1,1,0,0,20251006,20261231
SAG_06400010935,0,0,0,0,0,1,1,20251006,20261231
SAG_06400010940,1,1,1,1,1,0,0,20251006,20261231
SAG_06400011005,1,1,1,1,1,0,0,20251006,20261231
SAG_06400011035,0,0,0,0,0,1,1,20251006,20261231
SAG_06400011040,1,1,1,1,1,0,0,20251006,20261231
SAG_06400011110,1,1,1,1,1,0,0,20251006,20261231
SAG_06400011135,0,0,0,0,0,1,1,20251006,20261231
SAG_06400011205,0,0,0,0,0,1,1,20251006,20261231
SAG_06400011210,1,1,1,1,1,0,0,20251006,20261231
SAG_06400011240,1,1,1,1,1,0,0,20251006,20261231
SAG_06400011305,0,0,0,0,0,1,1,20251006,20261231
SAG_06400011405,1,1,1,1,1,0,0,20251006,20261231
SAG_06400011406,0,0,0,0,0,1,1,20251006,20261231
SAG_06400011435,1,1,1,1,1,0,0,20251006,20261231
SAG_06400011505,1,1,1,1,1,0,0,20251006,20261231
SAG_06400011506,0,0,0,0,0,1,1,20251006,20261231
SAG_06400011535,1,1,1,1,1,0,0,20251006,20261231
SAG_06400011605,0,0,0,0,0,1,1,20251006,20261231
SAG_06400011620,1,1,1,1,1,0,0,20251006,20261231
SAG_06400011635,1,1,1,1,1,0,0,20251006,20261231
SAG_06400011705,1,1,1,1,1,0,0,20251006,20261231
SAG_06400011706,0,0,0,0,0,1,1,20251006,20261231
SAG_06400011720,1,1,1,1,1,0,0,20251006,20261231
SAG_06400011735,1,1,1,1,1,0,0,20251006,20261231
SAG_06400011805,1,1,1,1,1,0,0,20251006,20261231
SAG_06400011806,0,0,0,0,0,1,1,20251006,20261231
SAG_06400011820,1,1,1,1,1,0,0,20251006,20261231
SAG_06400011905,1,1,1,1,1,0,0,20251006,20261231
SAG_06400011906,0,0,0,0,0,1,1,20251006,20261231
SAG_06400011935,1,1,1,1,1,0,0,20251006,20261231
SAG_06400012020,1,1,1,1,1,0,0,20251006,20261231
SAG_06400012035,1,1,1,1,1,0,0,20251006,20261231
SAG_06400012135,1,1,1,1,1,0,0,20251006,20261231
SAG_06401010700,0,0,0,0,0,1,1,20251006,20261231
SAG_06401010735,1,1,1,1,1,0,0,20251006,20261231
SAG_06401010750,1,1,1,1,1,0,0,20251006,20261231
SAG_06401010800,1,1,1,1,1,1,1,20251006,20261231
SAG_06401010810,1,1,1,1,1,0,0,20251006,20261231
SAG_06401010825,1,1,1,1,1,0,0,20251006,20261231
SAG_06401010850,1,1,1,1,1,0,0,20251006,20261231
SAG_06401010900,0,0,0,0,0,1,1,20251006,20261231
SAG_06401010905,1,1,1,1,1,0,0,20251006,20261231
SAG_06401010915,1,1,1,1,1,0,0,20251006,20261231
SAG_06401011000,0,0,0,0,0,1,1,20251006,20261231
SAG_06401011005,1,1,1,1,1,0,0,20251006,20261231
SAG_06401011035,1,1,1,1,1,0,0,20251006,20261231
SAG_06401011100,0,0,0,0,0,1,1,20251006,20261231
SAG_06401011105,1,1,1,1,1,0,0,20251006,20261231
SAG_06401011135,1,1,1,1,1,0,0,20251006,20261231
SAG_06401011200,0,0,0,0,0,1,1,20251006,20261231
SAG_06401011230,0,0,0,0,0,1,1,20251006,20261231
SAG_06401011235,1,1,1,1,1,0,0,20251006,20261231
SAG_06401011305,1,1,1,1,1,0,0,20251006,20261231
SAG_06401011330,0,0,0,0,0,1,1,20251006,20261231
SAG_06401011430,1,1,1,1,1,0,0,20251006,20261231
SAG_06401011431,0,0,0,0,0,1,1,20251006,20261231
SAG_06401011500,1,1,1,1,1,0,0,20251006,20261231
SAG_06401011530,1,1,1,1,1,0,0,20251006,20261231
SAG_06401011531,0,0,0,0,0,1,1,20251006,20261231
SAG_06401011600,1,1,1,1,1,0,0,20251006,20261231
SAG_06401011630,0,0,0,0,0,1,1,20251006,20261231
SAG_06401011645,1,1,1,1,1,0,0,20251006,20261231
SAG_06401011700,1,1,1,1,1,0,0,20251006,20261231
SAG_06401011730,1,1,1,1,1,0,0,20251006,20261231
SAG_06401011731,0,0,0,0,0,1,1,20251006,20261231
SAG_06401011745,1,1,1,1,1,0,0,20251006,20261231
SAG_06401011800,1,1,1,1,1,0,0,20251006,20261231
SAG_06401011830,1,1,1,1,1,0,0,20251006,20261231
SAG_06401011831,0,0,0,0,0,1,1,20251006,20261231
SAG_06401011845,1,1,1,1,1,0,0,20251006,20261231
SAG_06401011930,1,1,1,1,1,0,0,20251006,20261231
SAG_06401011931,0,0,0,0,0,1,1,20251006,20261231
SAG_06401012000,1,1,1,1,1,0,0,20251006,20261231
SAG_06401012045,1,1,1,1,1,0,0,20251006,20261231
SAG_06401012100,1,1,1,1,1,0,0,20251006,20261231
SAG_06401012200,1,1,1,1,1,0,0,20251006,20261231
SAG_06410010930,0,0,0,1,0,0,0,20180101,20261231
SAG_06411011200,0,0,0,1,0,0,0,20180101,20261231
SAG_06420050805,0,0,0,0,0,1,1,20251006,20261231
SAG_06420050810,1,1,1,1,1,0,0,20251006,20261231
SAG_06420050900,1,1,1,1,1,0,0,20251006,20261231
SAG_06420050925,1,1,1,1,1,0,0,20251006,20261231
SAG_06420050950,1,1,1,1,1,0,0,20251006,20261231
SAG_06420051005,0,0,0,0,0,1,1,20251006,20261231
SAG_06420051055,1,1,1,1,1,0,0,20251006,20261231
SAG_06420051140,1,1,1,1,1,0,0,20251006,20261231
SAG_06420051235,0,0,0,0,0,1,1,20251006,20261231
SAG_06420051310,1,1,1,1,1,0,0,20251006,20261231
SAG_06420051340,1,1,1,1,1,0,0,20251006,20261231
SAG_06420051435,0,0,0,0,0,1,1,20251006,20261231
SAG_06420051522,1,1,1,1,1,0,0,20251006,20261231
SAG_06420051605,1,1,1,1,1,0,0,20251006,20261231
SAG_06420051635,0,0,0,0,0,1,1,20251006,20261231
SAG_06420051750,1,1,1,1,1,0,0,20251006,20261231
SAG_06420051835,1,1,1,1,1,0,0,20251006,20261231
SAG_06420051836,0,0,0,0,0,1,1,20251006,20261231
SAG_06420051920,1,1,1,1,1,0,0,20251006,20261231
SAG_06420052005,1,1,1,1,1,0,0,20251006,20261231
SAG_06420052006,0,0,0,0,0,1,1,20251006,20261231
SAG_06420052035,0,0,0,0,0,1,1,20251006,20261231
SAG_06420052105,1,1,1,1,1,0,0,20251006,20261231
SAG_06420052120,1,1,1,1,1,0,0,20251006,20261231
SAG_06420052235,1,1,1,1,1,0,0,20251006,20261231
SAG_06421050608,1,1,1,1,1,0,0,20251006,20261231
SAG_06421050618,1,1,1,1,1,0,0,20251006,20261231
SAG_06421050628,1,1,1,1,1,0,0,20251006,20261231
SAG_06421050643,1,1,1,1,1,0,0,20251006,20261231
SAG_06421050658,1,1,1,1,1,0,0,20251006,20261231
SAG_06421050708,0,0,0,0,0,1,1,20251006,20261231
SAG_06421050908,1,1,1,1,1,0,0,20251006,20261231
SAG_06421050909,0,0,0,0,0,1,1,20251006,20261231
SAG_06421050958,1,1,1,1,1,0,0,20251006,20261231
SAG_06421051108,0,0,0,0,0,1,1,20251006,20261231
SAG_06421051143,1,1,1,1,1,0,0,20251006,20261231
SAG_06421051308,1,1,1,1,1,0,0,20251006,20261231
SAG_06421051338,1,1,1,1,1,0,0,20251006,20261231
SAG_06421051339,0,0,0,0,0,1,1,20251006,20261231
SAG_06421051425,1,1,1,1,1,0,0,20251006,20261231
SAG_06421051523,1,1,1,1,1,0,0,20251006,20261231
SAG_06421051538,0,0,0,0,0,1,1,20251006,20261231
SAG_06421051608,1,1,1,1,1,0,0,20251006,20261231
SAG_06421051653,1,1,1,1,1,0,0,20251006,20261231
SAG_06421051738,0,0,0,0,0,1,1,20251006,20261231
SAG_06421051838,1,1,1,1,1,0,0,20251006,20261231
SAG_06421051923,1,1,1,1,1,0,0,20251006,20261231
SAG_06421051938,0,0,0,0,0,1,1,20251006,20261231
SAG_06421052008,1,1,1,1,1,0,0,20251006,20261231
SAG_06440022258,1,1,1,1,1,0,0,20251006,20261231
SAG_06441022205,1,1,1,1,1,0,0,20251006,20261231
SAG_06460010730,1,1,1,1,1,0,0,20210104,20261231
SAG_06460010830,1,1,1,1,1,0,0,20210104,20261231
SAG_06460010930,1,1,1,1,1,0,0,20210104,20261231
SAG_06460011030,1,1,1,1,1,0,0,20210104,20261231
SAG_06460011130,1,1,1,1,1,0,0,20220905,20261231
SAG_06460011230,1,1,1,1,1,0,0,20220905,20261231
SAG_06460011330,1,1,1,1,1,0,0,20220905,20261231
SAG_06460011430,1,1,1,1,1,0,0,20220905,20261231
SAG_06460011515,1,1,1,1,1,0,0,20220905,20261231
SAG_06460011715,1,1,1,1,1,0,0,20220905,20261231
SAG_06460011915,1,1,1,1,1,0,0,20220905,20261231
SAG_06460012115,1,1,1,1,1,0,0,20220905,20261231
SAG_06460020640,1,1,1,1,1,0,0,20210104,20261231
SAG_06480010715,1,1,1,1,1,0,0,20250701,20261231
SAG_06480010730,1,1,1,1,1,0,0,20250701,20261231
SAG_06480010755,1,1,1,1,1,0,0,20250701,20261231
SAG_06480010815,1,1,1,1,1,0,0,20250701,20261231
SAG_06480010830,1,1,1,1,1,0,0,20250701,20261231
SAG_06480010845,1,1,1,1,1,0,0,20250701,20261231
SAG_06480010900,1,1,1,1,1,0,0,20250701,20261231
SAG_06480010925,1,1,1,1,1,0,0,20250701,20261231
SAG_06480010945,1,1,1,1,1,0,0,20250701,20261231
SAG_06480010946,0,0,0,0,0,1,0,20220307,20261231
SAG_06480011000,1,1,1,1,1,0,0,20250701,20261231
SAG_06480011015,1,1,1,1,1,0,0,20250701,20261231
SAG_06480011100,1,1,1,1,1,0,0,20250701,20261231
SAG_06480011115,0,0,0,0,0,1,0,20220307,20261231
SAG_06480011145,1,1,1,1,1,0,0,20250701,20261231
SAG_06480011230,1,1,1,1,1,0,0,20250701,20261231
SAG_06480011315,1,1,1,1,1,0,0,20250701,20261231
SAG_06480011345,1,1,1,1,1,0,0,20250701,20261231
SAG_06480011415,1,1,1,1,1,0,0,20250701,20261231
SAG_06480011445,1,1,1,1,1,0,0,20250701,20261231
SAG_06480011515,1,1,1,1,1,0,0,20250701,20261231
SAG_06480011545,1,1,1,1,1,0,0,20250701,20261231
SAG_06480011615,1,1,1,1,1,0,0,20250701,20261231
SAG_06480011645,1,1,1,1,1,0,0,20250701,20261231
SAG_06480011715,1,1,1,1,1,0,0,20250701,20261231
SAG_06480011745,1,1,1,1,1,0,0,20250701,20261231
SAG_06480011746,0,0,0,0,0,1,0,20220307,20261231
SAG_06480011815,1,1,1,1,1,0,0,20250701,20261231
SAG_06480011845,1,1,1,1,1,0,0,20250701,20261231
SAG_06480011915,1,1,1,1,1,0,0,20250701,20261231
SAG_06480011916,0,0,0,0,0,1,0,20220307,20261231
SAG_06480011945,1,1,1,1,1,0,0,20250701,20261231
SAG_06480012015,1,1,1,1,1,0,0,20250701,20261231
SAG_06480012045,0,0,0,0,0,1,0,20220307,20261231
SAG_06480012100,1,1,1,1,1,0,0,20250701,20261231
SAG_06480012145,1,1,1,1,1,0,0,20250701,20261231
SAG_06481010630,1,1,1,1,1,0,0,20250701,20261231
SAG_06481010645,1,1,1,1,1,0,0,20250701,20261231
SAG_06481010710,1,1,1,1,1,0,0,20250701,20261231
SAG_06481010730,1,1,1,1,1,0,0,20250701,20261231
SAG_06481010745,1,1,1,1,1,0,0,20250701,20261231
SAG_06481010800,1,1,1,1,1,0,0,20250701,20261231
SAG_06481010815,1,1,1,1,1,0,0,20250701,20261231
SAG_06481010840,1,1,1,1,1,0,0,20250701,20261231
SAG_06481010900,1,1,1,1,1,0,0,20250701,20261231
SAG_06481010901,0,0,0,0,0,1,0,20220307,20261231
SAG_06481010915,1,1,1,1,1,0,0,20250701,20261231
SAG_06481010930,1,1,1,1,1,0,0,20250701,20261231
SAG_06481011015,1,1,1,1,1,0,0,20250701,20261231
SAG_06481011030,0,0,0,0,0,1,0,20220307,20261231
SAG_06481011100,1,1,1,1,1,0,0,20250701,20261231
SAG_06481011145,1,1,1,1,1,0,0,20250701,20261231
SAG_06481011230,1,1,1,1,1,0,0,20250701,20261231
SAG_06481011300,1,1,1,1,1,0,0,20250701,20261231
SAG_06481011330,1,1,1,1,1,0,0,20250701,20261231
SAG_06481011400,1,1,1,1,1,0,0,20250701,20261231
SAG_06481011430,1,1,1,1,1,0,0,20250701,20261231
SAG_06481011500,1,1,1,1,1,0,0,20250701,20261231
SAG_06481011530,1,1,1,1,1,0,0,20250701,20261231
SAG_06481011600,1,1,1,1,1,0,0,20250701,20261231
SAG_06481011630,1,1,1,1,1,0,0,20250701,20261231
SAG_06481011700,1,1,1,1,1,0,0,20250701,20261231
SAG_06481011701,0,0,0,0,0,1,0,20220307,20261231
SAG_06481011730,1,1,1,1,1,0,0,20250701,20261231
SAG_06481011800,1,1,1,1,1,0,0,20250701,20261231
SAG_06481011830,0,0,0,0,0,1,0,20220307,20261231
SAG_06481011831,1,1,1,1,1,0,0,20250701,20261231
SAG_06481011900,1,1,1,1,1,0,0,20250701,20261231
SAG_06481011930,1,1,1,1,1,0,0,20250701,20261231
SAG_06481012000,0,0,0,0,0,1,0,20220307,20261231
SAG_06481012015,1,1,1,1,1,0,0,20250701,20261231
SAG_06481012100,1,1,1,1,1,0,0,20250701,20261231
SAG_06490020700,1,1,1,1,1,0,0,20241104,20261231
SAG_06490020845,1,1,1,1,1,0,0,20241104,20261231
SAG_06490021030,1,1,1,1,1,0,0,20241104,20261231
SAG_06490021215,1,1,1,1,1,0,0,20241104,20261231
SAG_06490021400,1,1,1,1,1,0,0,20241104,20261231
SAG_06490021545,1,1,1,1,1,0,0,20241104,20261231
SAG_06490021730,1,1,1,1,1,0,0,20241104,20261231
SAG_06900010715,1,1,1,1,1,0,0,20180101,20261231
SAG_06900010745,1,1,1,1,1,0,0,20180101,20261231
SAG_06900010815,1,1,1,1,1,1,0,20180101,20261231
SAG_06900010845,1,1,1,1,1,1,0,20180101,20261231
SAG_06900010915,1,1,1,1,1,1,0,20180101,20261231
SAG_06900010945,1,1,1,1,1,1,0,20180101,20261231
SAG_06900011015,1,1,1,1,1,1,0,20180101,20261231
SAG_06900011045,1,1,1,1,1,1,0,20180101,20261231
SAG_06900011115,1,1,1,1,1,1,0,20180101,20261231
SAG_06900011145,1,1,1,1,1,1,0,20180101,20261231
SAG_06900011215,1,1,1,1,1,1,0,20180101,20261231
SAG_06900011245,1,1,1,1,1,1,0,20180101,20261231
SAG_06900011315,1,1,1,1,1,1,0,20180101,20261231
SAG_06900011345,1,1,1,1,1,1,0,20180101,20261231
SAG_06900011415,1,1,1,1,1,0,0,20180101,20261231
SAG_06900011445,1,1,1,1,1,0,0,20180101,20261231
SAG_06900011530,1,1,1,1,1,0,0,20180101,20261231
SAG_06900011615,1,1,1,1,1,0,0,20180101,20261231
SAG_06900011645,1,1,1,1,1,0,0,20180101,20261231
SAG_06900011815,1,1,1,1,1,0,0,20180101,20261231
SAG_06900011845,1,1,1,1,1,0,0,20180101,20261231
SAG_06900012015,1,1,1,1,1,0,0,20180101,20261231
SAG_06900012045,1,1,1,1,1,0,0,20180101,20261231
SAG_06901010700,1,1,1,1,1,0,0,20180101,20261231
SAG_06901010730,1,1,1,1,1,0,0,20180101,20261231
SAG_06901010800,1,1,1,1,1,1,0,20180101,20261231
SAG_06901010830,1,1,1,1,1,1,0,20180101,20261231
SAG_06901010900,1,1,1,1,1,1,0,20180101,20261231
SAG_06901010930,1,1,1,1,1,1,0,20180101,20261231
SAG_06901011000,1,1,1,1,1,1,0,20180101,20261231
SAG_06901011030,1,1,1,1,1,1,0,20180101,20261231
SAG_06901011100,1,1,1,1,1,1,0,20180101,20261231
SAG_06901011130,1,1,1,1,1,1,0,20180101,20261231
SAG_06901011200,1,1,1,1,1,1,0,20180101,20261231
SAG_06901011230,1,1,1,1,1,1,0,20180101,20261231
SAG_06901011300,1,1,1,1,1,1,0,20180101,20261231
SAG_06901011330,1,1,1,1,1,1,0,20180101,20261231
SAG_06901011400,1,1,1,1,1,0,0,20180101,20261231
SAG_06901011430,1,1,1,1,1,0,0,20180101,20261231
SAG_06901011500,1,1,1,1,1,0,0,20180101,20261231
SAG_06901011545,1,1,1,1,1,0,0,20180101,20261231
SAG_06901011630,1,1,1,1,1,0,0,20180101,20261231
SAG_06901011700,1,1,1,1,1,0,0,20180101,20261231
SAG_06901011830,1,1,1,1,1,0,0,20180101,20261231
SAG_06901011900,1,1,1,1,1,0,0,20180101,20261231
SAG_06901012030,1,1,1,1,1,0,0,20180101,20261231
SAG_06901012100,1,1,1,1,1,0,0,20180101,20261231
SET_5122D,0,0,0,0,0,0,1,20251019,20251019
SUR_1,1,1,1,1,1,0,0,20241101,20260620
SUR_2,0,0,0,0,0,1,0,20241101,20260620
SUR_3,1,1,1,1,1,1,0,20250623,20260906
TAR_2195_0,0,0,0,1,1,1,1,20250929,20261231
TAR_2195_1,0,0,0,1,1,1,1,20250929,20261231
TAR_2195_2,0,0,0,1,1,1,1,20250929,20261231
TAR_2196_0,0,0,0,1,1,1,1,20250929,20261231
TAR_2196_1,0,0,0,1,1,1,1,20250929,20261231
TAR_2196_2,0,0,0,1,1,1,1,20250929,20261231
TAR_2197_0,0,0,0,1,1,1,1,20250929,20261231
TAR_2197_1,0,0,0,1,1,1,1,20250929,20261231
TAR_2197_2,0,0,0,1,1,1,1,20250929,20261231
TAR_2198_0,1,1,1,1,1,0,0,20250908,20261231
TAR_2198_1,0,0,0,0,0,1,0,20250908,20261231
TAR_2198_2,0,0,0,0,0,0,1,20250908,20261231
TAR_2239_0,1,1,1,1,1,0,0,20250922,20261231
TAR_2239_1,0,0,0,0,0,1,0,20250922,20261231
TAR_2239_2,0,0,0,0,0,0,1,20250922,20261231
TAR_2240_0,1,1,1,1,1,0,0,20251222,20261231
TAR_2240_1,0,0,0,0,0,1,0,20251222,20261231
TAR_2240_2,0,0,0,0,0,0,1,20251222,20261231
TAR_2247_0,1,1,1,1,1,0,0,20251226,20261231
TAR_2247_1,0,0,0,0,0,1,0,20251226,20261231
TAR_2247_2,0,0,0,0,0,0,1,20251226,20261231
TAR_2254_0,1,1,1,1,1,0,0,20251226,20261231
TAR_2254_1,0,0,0,0,0,1,0,20251226,20261231
TAR_2254_2,0,0,0,0,0,0,1,20251226,20261231
TAR_2260_0,1,1,1,1,1,0,0,20251226,20261231
TAR_2260_1,0,0,0,0,0,1,0,20251226,20261231
TAR_2260_2,0,0,0,0,0,0,1,20251226,20261231
TAR_2267_0,1,1,1,1,1,0,0,20251226,20261231
TAR_2267_1,0,0,0,0,0,1,0,20251226,20261231
TAR_2267_2,0,0,0,0,0,0,1,20251226,20261231
TAR_2274_0,1,1,1,1,1,0,0,20251226,20261231
TAR_2274_1,0,0,0,0,0,1,0,20251226,20261231
TAR_2274_2,0,0,0,0,0,0,1,20251226,20261231
TAR_2280_0,1,1,1,1,1,0,0,20251226,20261231
TAR_2280_1,0,0,0,0,0,1,0,20251226,20261231
TAR_2280_2,0,0,0,0,0,0,1,20251226,20261231
TAR_2285_0,1,1,1,1,1,0,0,20251226,20261231
TAR_2285_1,0,0,0,0,0,1,0,20251226,20261231
TAR_2285_2,0,0,0,0,0,0,1,20251226,20261231
TAR_2290_0,1,1,1,1,1,0,0,20251226,20261231
TAR_2290_1,0,0,0,0,0,1,0,20251226,20261231
TAR_2290_2,0,0,0,0,0,0,1,20251226,20261231
TAR_2296_0,1,1,1,1,1,0,0,20251226,20261231
TAR_2296_1,0,0,0,0,0,1,0,20251226,20261231
TAR_2296_2,0,0,0,0,0,0,1,20251226,20261231
TAR_2302_0,1,1,1,1,1,0,0,20251226,20261231
TAR_2302_1,0,0,0,0,0,1,0,20251226,20261231
TAR_2302_2,0,0,0,0,0,0,1,20251226,20261231
TAR_2308_0,1,1,1,1,1,0,0,20251226,20261231
TAR_2308_1,0,0,0,0,0,1,0,20251226,20261231
TAR_2308_2,0,0,0,0,0,0,1,20251226,20261231
TAR_2312_0,1,1,1,1,1,0,0,20251225,20261231
TAR_2312_1,0,0,0,0,0,1,0,20251225,20261231
TAR_2312_2,0,0,0,0,0,0,1,20251225,20261231
TAR_2321_0,1,1,1,1,1,0,0,20251226,20261231
TAR_2321_1,0,0,0,0,0,1,0,20251226,20261231
TAR_2321_2,0,0,0,0,0,0,1,20251226,20261231
TAR_2326_0,1,1,1,1,1,0,0,20251226,20261231
TAR_2326_1,0,0,0,0,0,1,0,20251226,20261231
TAR_2326_2,0,0,0,0,0,0,1,20251226,20261231
TAR_2332_0,1,1,1,1,1,0,0,20251226,20261231
TAR_2332_1,0,0,0,0,0,1,0,20251226,20261231
TAR_2332_2,0,0,0,0,0,0,1,20251226,20261231
TGO_C6_LMMJV_ALL,1,1,1,1,1,0,0,20250901,20260831
TGO_D-M3,0,0,0,0,0,0,1,20250901,20260831
TGO_DD,0,0,0,0,0,1,1,20250901,20260831
TGO_DF,0,0,0,0,0,0,1,20250901,20260831
TGO_L59A_ESPECIAL,0,0,0,0,1,0,0,20260403,20260403
TGO_L59_LMXJV_FEIN,1,1,1,1,1,0,0,20250901,20260831
TGO_L66_LMMJV,1,1,1,1,1,0,0,20250901,20260731
TGO_L67_LMMJV,1,1,1,1,1,0,0,20250901,20260831
TGO_L67_SD,0,0,0,0,0,1,1,20250901,20260831
TGO_LMMJV,1,1,1,1,1,0,0,20250901,20260831
TGO_LMXJV,1,1,1,1,1,0,0,20250901,20260831
TGO_LMXJV-A,1,1,1,1,1,0,0,20260801,20260831
TGO_LMXJV-EE,1,1,1,1,1,0,0,20250908,20260619
TGO_LMXJV-J,1,1,1,1,1,0,0,20260701,20260731
TGO_LMXJV-M3,1,1,1,1,1,0,0,20250901,20260731
TGO_LMXJV-M3-Agost,1,1,1,1,1,0,0,20260801,20260831
TGO_LMXJV-NL-Abr,1,1,1,1,1,0,0,20260330,20260406
TGO_LMXJV-NL-Dec,1,1,1,1,1,0,0,20251222,20260107
TGO_LMXJV-NL-Estiu,1,1,1,1,1,0,0,20260620,20260731
TGO_LMXJV-NL-Set,1,1,1,1,1,0,0,20250901,20250907
TGO_LMXJV-SJ,1,1,1,1,1,0,0,20250901,20260731
TGO_LMXJVS,1,1,1,1,1,1,0,20250901,20260831
TGO_LMXJVSD,1,1,1,1,1,1,1,20250901,20260831
TGO_LMXJVS_JA,1,1,1,1,1,1,0,20260701,20260831
TGO_M1-LMXJV,1,1,1,1,1,0,0,20250901,20260630
TGO_M1-LMXJV-ENU-Abr,1,1,1,1,1,0,0,20260330,20260406
TGO_M1-LMXJV-ENU-Dec,1,1,1,1,1,0,0,20251222,20260107
TGO_M1-LMXJV-ENU-Set,1,1,1,1,1,0,0,20250901,20250907
TGO_M1-LMXJV-EU,1,1,1,1,1,0,0,20250908,20260630
TGO_M12-LMXJV,1,1,1,1,1,0,0,20250901,20260831
TGO_M2-LMXJV,1,1,1,1,1,0,0,20250901,20260831
TGO_M2-S,0,0,0,0,0,1,0,20250901,20260831
TGO_M6-LMXJV,1,1,1,1,1,0,0,20250901,20260831
TGO_M6-LMXJVS,1,1,1,1,1,1,0,20250901,20260831
TGO_M7-LMXJVS_SJ,1,1,1,1,1,1,0,20250901,20260630
TGO_S,0,0,0,0,0,1,0,20250901,20260831
TGO_S-M3,0,0,0,0,0,1,0,20250901,20260831
TGO_SD,0,0,0,0,0,1,1,20250901,20260831
TMB_1.9900.146,1,1,1,1,1,0,0,20261101,20261206
TMB_1.9900.147,0,0,0,0,0,1,1,20261101,20261206
TMB_1.9900.64,1,1,1,1,1,0,0,20260413,20261031
TMB_1.9900.65,0,0,0,0,0,1,1,20260413,20261031
TOR_1,1,1,1,1,1,1,1,20241017,20261231
TOR_2,1,1,1,1,1,0,0,20241017,20261231
TOR_3,0,1,0,1,0,0,0,20241017,20261231
TOR_4,1,1,1,1,1,1,1,20241017,20261231
TOR_5,1,1,1,1,1,1,1,20241017,20261231
TOR_6,1,0,1,0,1,0,0,20241017,20261231
TRD_Dilluns a divendres (estiu 2025),1,1,1,1,1,0,0,20250806,20250930
TRD_Dilluns a divendres (estiu 2026),1,1,1,1,1,0,0,20260601,20260930
TRD_Dilluns a divendres (laborables),1,1,1,1,1,0,0,20250806,20261231
TTS_1,1,1,1,1,1,1,1,20250902,20260831
TTS_2,1,1,1,1,1,0,0,20251016,20260731
TTS_3,1,1,1,1,1,0,0,20250801,20260831
TTS_4,0,0,0,0,0,1,0,20251016,20260731
TTS_5,0,0,0,0,0,1,0,20260801,20260831
TTS_6,1,1,1,1,1,1,1,20240901,20260831
VAL_1,1,1,1,1,1,0,0,20251217,20261231
VAL_2,0,0,0,0,0,1,0,20251217,20261231
VAL_3,1,1,1,1,1,0,0,20251217,20261231
VAL_4,1,1,1,1,1,0,0,20251217,20261231
VFP_dg,0,0,0,0,0,0,1,20211101,20220401
VFP_diss,0,0,0,0,0,1,0,20260219,20261231
VFP_feiner,1,1,1,1,1,0,0,20260219,20261231
VHI_1,1,1,1,1,1,0,0,20241104,20261231
VHI_2,0,0,0,0,0,1,0,20241104,20261231
VIC_09710010620,1,1,1,1,1,1,0,20250908,20261231
VIC_09710010700,1,1,1,1,1,1,0,20250908,20261231
VIC_09710010740,1,1,1,1,1,1,0,20250908,20261231
VIC_09710010820,1,1,1,1,1,1,0,20250908,20261231
VIC_09710010900,1,1,1,1,1,1,0,20250908,20261231
VIC_09710010940,1,1,1,1,1,1,0,20250908,20261231
VIC_09710011020,1,1,1,1,1,1,0,20250908,20261231
VIC_09710011100,1,1,1,1,1,1,0,20250908,20261231
VIC_09710011140,1,1,1,1,1,1,0,20250908,20261231
VIC_09710011220,1,1,1,1,1,1,0,20250908,20261231
VIC_09710011300,1,1,1,1,1,1,0,20250908,20261231
VIC_09710011340,1,1,1,1,1,1,0,20250908,20261231
VIC_09710011420,1,1,1,1,1,1,0,20250908,20261231
VIC_09710011500,1,1,1,1,1,1,0,20250908,20261231
VIC_09710011540,1,1,1,1,1,1,0,20250908,20261231
VIC_09710011620,1,1,1,1,1,1,0,20250908,20261231
VIC_09710011700,1,1,1,1,1,1,0,20250908,20261231
VIC_09710011740,1,1,1,1,1,1,0,20250908,20261231
VIC_09710011820,1,1,1,1,1,1,0,20250908,20261231
VIC_09710011900,1,1,1,1,1,1,0,20250908,20261231
VIC_09710011940,1,1,1,1,1,1,0,20250908,20261231
VIC_09710012020,1,1,1,1,1,1,0,20250908,20261231
VIC_09710012100,1,1,1,1,1,1,0,20250908,20261231
VIC_09720010620,1,1,1,1,1,1,0,20250908,20261231
VIC_09720010700,1,1,1,1,1,1,0,20250908,20261231
VIC_09720010740,1,1,1,1,1,1,0,20250908,20261231
VIC_09720010820,1,1,1,1,1,1,0,20250908,20261231
VIC_09720010900,1,1,1,1,1,1,0,20250908,20261231
VIC_09720010940,1,1,1,1,1,1,0,20250908,20261231
VIC_09720011020,1,1,1,1,1,1,0,20250908,20261231
VIC_09720011100,1,1,1,1,1,1,0,20250908,20261231
VIC_09720011140,1,1,1,1,1,1,0,20250908,20261231
VIC_09720011220,1,1,1,1,1,1,0,20250908,20261231
VIC_09720011300,1,1,1,1,1,1,0,20250908,20261231
VIC_09720011340,1,1,1,1,1,1,0,20250908,20261231
VIC_09720011420,1,1,1,1,1,1,0,20250908,20261231
VIC_09720011500,1,1,1,1,1,1,0,20250908,20261231
VIC_09720011540,1,1,1,1,1,1,0,20250908,20261231
VIC_09720011620,1,1,1,1,1,1,0,20250908,20261231
VIC_09720011700,1,1,1,1,1,1,0,20250908,20261231
VIC_09720011740,1,1,1,1,1,1,0,20250908,20261231
VIC_09720011820,1,1,1,1,1,1,0,20250908,20261231
VIC_09720011900,1,1,1,1,1,1,0,20250908,20261231
VIC_09720011940,1,1,1,1,1,1,0,20250908,20261231
VIC_09720012020,1,1,1,1,1,1,0,20250908,20261231
VIC_09720012100,1,1,1,1,1,1,0,20250908,20261231
VIC_09730010620,1,1,1,1,1,1,0,20250908,20261231
VIC_09730010700,1,1,1,1,1,1,0,20250908,20261231
VIC_09730010740,1,1,1,1,1,1,0,20250908,20261231
VIC_09730010820,1,1,1,1,1,1,0,20250908,20261231
VIC_09730010900,1,1,1,1,1,1,0,20250908,20261231
VIC_09730010940,1,1,1,1,1,1,0,20250908,20261231
VIC_09730011020,1,1,1,1,1,1,0,20250908,20261231
VIC_09730011100,1,1,1,1,1,1,0,20250908,20261231
VIC_09730011140,1,1,1,1,1,1,0,20250908,20261231
VIC_09730011220,1,1,1,1,1,1,0,20250908,20261231
VIC_09730011300,1,1,1,1,1,1,0,20250908,20261231
VIC_09730011340,1,1,1,1,1,1,0,20250908,20261231
VIC_09730011500,1,1,1,1,1,1,0,20250908,20261231
VIC_09730011540,1,1,1,1,1,1,0,20250908,20261231
VIC_09730011620,1,1,1,1,1,1,0,20250908,20261231
VIC_09730011700,1,1,1,1,1,1,0,20250908,20261231
VIC_09730011740,1,1,1,1,1,1,0,20250908,20261231
VIC_09730011820,1,1,1,1,1,1,0,20250908,20261231
VIC_09730011900,1,1,1,1,1,1,0,20250908,20261231
VIC_09730011940,1,1,1,1,1,1,0,20250908,20261231
VIC_09730012020,1,1,1,1,1,1,0,20250908,20261231
VIC_09730012100,1,1,1,1,1,1,0,20250908,20261231
VIC_09730021420,1,1,1,1,1,0,0,20250908,20261231
VIC_09740010625,1,1,1,1,1,1,0,20250908,20261231
VIC_09740010705,1,1,1,1,1,1,0,20250908,20261231
VIC_09740010805,1,1,1,1,1,1,0,20250908,20261231
VIC_09740010905,1,1,1,1,1,1,0,20250908,20261231
VIC_09740011005,1,1,1,1,1,1,0,20250908,20261231
VIC_09740011105,1,1,1,1,1,1,0,20250908,20261231
VIC_09740011205,1,1,1,1,1,1,0,20250908,20261231
VIC_09740011305,1,1,1,1,1,1,0,20250908,20261231
VIC_09740011510,1,1,1,1,1,1,0,20250908,20261231
VIC_09740011610,1,1,1,1,1,1,0,20250908,20261231
VIC_09740011735,1,1,1,1,1,1,0,20250908,20261231
VIC_09740011835,1,1,1,1,1,1,0,20250908,20261231
VIC_09740011935,1,1,1,1,1,1,0,20250908,20261231
VIC_09740012035,1,1,1,1,1,1,0,20250908,20261231
VIC_09760010945,0,0,0,0,0,1,0,20200914,20261231
VIC_09760011115,1,1,1,1,1,0,0,20210101,20261231
VIC_09760011215,1,1,1,1,1,0,0,20210101,20261231
VIC_09760011615,1,1,1,1,1,0,0,20210101,20261231
VIC_09760011630,0,0,0,0,0,1,0,20200914,20261231
VIC_09760011755,0,0,0,0,0,1,0,20200914,20261231
VIC_09760011815,1,1,1,1,1,0,0,20200318,20261231
VIC_09770010945,1,1,1,1,1,1,0,20250908,20261231
VIC_09770011430,1,1,1,1,1,1,0,20250908,20261231
VIC_09770011650,1,1,1,1,1,1,0,20250908,20261231
VIC_09770011815,1,1,1,1,1,1,0,20250908,20261231
VIC_09770011915,1,1,1,1,1,1,0,20250908,20261231
VIC_09770012015,1,1,1,1,1,1,0,20250908,20261231
VIC_09770012115,1,1,1,1,1,1,0,20250908,20261231
VIC_09780010745,1,1,1,1,1,1,0,20250908,20261231
VIC_09780010845,1,1,1,1,1,1,0,20250908,20261231
VIC_09780011045,1,1,1,1,1,1,0,20250908,20261231
VIC_09780011145,1,1,1,1,1,1,0,20250908,20261231
VIC_09780011245,1,1,1,1,1,1,0,20250908,20261231
VIC_09780011345,1,1,1,1,1,1,0,20250908,20261231
VIC_09780011405,1,1,1,1,1,1,0,20250908,20261231
VIC_09780011450,1,1,1,1,1,1,0,20250908,20261231
VIC_09780011550,1,1,1,1,1,1,0,20250908,20261231
VIC_09780011715,1,1,1,1,1,1,0,20250908,20261231
